2026-04-22 19:33:24,800 
Namespace(cfg='/DATA/Ego4d/episodic-memory/NLQ/2D-TAN/experiments/ego4d/2D-TAN-40x40-K9L4-pool-window-std-sf.yaml', gpus=None, workers=None, dataDir=None, modelDir=None, logDir=None, verbose=True, tag=None, debug=False)
2026-04-22 19:33:24,801 
{'CUDNN': {'BENCHMARK': True, 'DETERMINISTIC': False, 'ENABLED': True},
 'DATASET': {'BIAS': 0,
             'DOWNSAMPLING_STRIDE': 16,
             'MODALITY': '',
             'NAME': 'Ego4DClip',
             'NEGWINDOW': False,
             'NORMALIZE': True,
             'NO_VAL': False,
             'NUM_SAMPLE_CLIPS': 40,
             'RANDOM_SAMPLING': False,
             'ROOT': '',
             'SPLIT': '',
             'TARGET_STRIDE': 1,
             'TXT_FEATURE': 'bert',
             'VIS_INPUT_TYPE': 'EgoVLP',
             'WINDOW': 40},
 'DATA_DIR': './data/Ego4D_clip',
 'DEBUG': False,
 'LOG_DIR': './log',
 'LOSS': {'NAME': 'bce_rescale_loss',
          'PARAMS': {'BIAS': 0.3, 'MAX_IOU': 1.0, 'MIN_IOU': 0.3}},
 'MODEL': {'CHECKPOINT': 'checkpoints/Ego4DClip/TAN_slowfast/iter005030-0.0530-0.1242.pkl',
           'NAME': 'TAN'},
 'MODEL_DIR': './checkpoints',
 'RESULT_DIR': './results2',
 'TAG': '',
 'TAN': {'FRAME_MODULE': {'NAME': 'FrameAvgPool',
                          'PARAMS': {'HIDDEN_SIZE': 256,
                                     'INPUT_SIZE': 256,
                                     'KERNEL_SIZE': 1,
                                     'STRIDE': 1}},
         'FUSION_MODULE': {'NAME': 'BaseFusion',
                           'PARAMS': {'HIDDEN_SIZE': 256,
                                      'LSTM': {'BIDIRECTIONAL': False,
                                               'NUM_LAYERS': 3},
                                      'TXT_HIDDEN_SIZE': 768,
                                      'TXT_INPUT_SIZE': 300}},
         'MAP_MODULE': {'NAME': 'MapConv',
                        'PARAMS': {'DILATIONS': [1, 1, 1, 1],
                                   'HIDDEN_SIZES': [256, 256, 256, 256],
                                   'INPUT_SIZE': 256,
                                   'KERNEL_SIZES': [9, 9, 9, 9],
                                   'PADDINGS': [16, 0, 0, 0],
                                   'STRIDES': [1, 1, 1, 1]}},
         'PRED_INPUT_SIZE': 256,
         'PROP_MODULE': {'NAME': 'SparsePropMaxPool',
                         'PARAMS': {'NUM_SCALE_LAYERS': [16, 8, 8]}}},
 'TEST': {'BATCH_SIZE': 16,
          'EVAL_TRAIN': True,
          'INTERVAL': 1,
          'NMS_THRESH': 0.5,
          'RECALL': '1,5',
          'TIOU': '0.3,0.5',
          'TOP_K': 10},
 'TRAIN': {'BATCH_SIZE': 32,
           'CONTINUE': False,
           'FACTOR': 0.8,
           'LR': 5e-05,
           'MAX_EPOCH': 600,
           'PATIENCE': 7,
           'SHUFFLE': True,
           'WEIGHT_DECAY': 0.0001},
 'VERBOSE': True,
 'WORKERS': 0}
2026-04-22 19:38:26,873 
iter: 250 train loss 0.6758 val loss 0.6718 test loss 0.6685
+performance on training set--------+-----------------+-----------------+------+
| Rank@1,mIoU@0.3 | Rank@1,mIoU@0.5 | Rank@5,mIoU@0.3 | Rank@5,mIoU@0.5 | mIoU |
+-----------------+-----------------+-----------------+-----------------+------+
|       0.00      |       0.00      |      30.79      |      14.73      | 0.90 |
+-----------------+-----------------+-----------------+-----------------+------+
+performance on validation set------+-----------------+-----------------+------+
| Rank@1,mIoU@0.3 | Rank@1,mIoU@0.5 | Rank@5,mIoU@0.3 | Rank@5,mIoU@0.5 | mIoU |
+-----------------+-----------------+-----------------+-----------------+------+
|       0.00      |       0.00      |      30.65      |      15.81      | 0.86 |
+-----------------+-----------------+-----------------+-----------------+------+
+performance on testing set---------+-----------------+-----------------+------+
| Rank@1,mIoU@0.3 | Rank@1,mIoU@0.5 | Rank@5,mIoU@0.3 | Rank@5,mIoU@0.5 | mIoU |
+-----------------+-----------------+-----------------+-----------------+------+
|       0.00      |       0.00      |       0.00      |       0.00      | 0.00 |
+-----------------+-----------------+-----------------+-----------------+------+

2026-04-22 19:42:24,135 
iter: 500 train loss 0.6703 val loss 0.6654 test loss 0.6611
+performance on training set--------+-----------------+-----------------+------+
| Rank@1,mIoU@0.3 | Rank@1,mIoU@0.5 | Rank@5,mIoU@0.3 | Rank@5,mIoU@0.5 | mIoU |
+-----------------+-----------------+-----------------+-----------------+------+
|       0.00      |       0.00      |      30.79      |      14.73      | 0.90 |
+-----------------+-----------------+-----------------+-----------------+------+
+performance on validation set------+-----------------+-----------------+------+
| Rank@1,mIoU@0.3 | Rank@1,mIoU@0.5 | Rank@5,mIoU@0.3 | Rank@5,mIoU@0.5 | mIoU |
+-----------------+-----------------+-----------------+-----------------+------+
|       0.00      |       0.00      |      30.65      |      15.81      | 0.86 |
+-----------------+-----------------+-----------------+-----------------+------+
+performance on testing set---------+-----------------+-----------------+------+
| Rank@1,mIoU@0.3 | Rank@1,mIoU@0.5 | Rank@5,mIoU@0.3 | Rank@5,mIoU@0.5 | mIoU |
+-----------------+-----------------+-----------------+-----------------+------+
|       0.00      |       0.00      |       0.00      |       0.00      | 0.00 |
+-----------------+-----------------+-----------------+-----------------+------+

2026-04-22 19:46:14,726 
iter: 750 train loss 0.6635 val loss 0.6572 test loss 0.6516
+performance on training set--------+-----------------+-----------------+-------+
| Rank@1,mIoU@0.3 | Rank@1,mIoU@0.5 | Rank@5,mIoU@0.3 | Rank@5,mIoU@0.5 | mIoU  |
+-----------------+-----------------+-----------------+-----------------+-------+
|      31.71      |      13.82      |      60.55      |      38.87      | 21.97 |
+-----------------+-----------------+-----------------+-----------------+-------+
+performance on validation set------+-----------------+-----------------+-------+
| Rank@1,mIoU@0.3 | Rank@1,mIoU@0.5 | Rank@5,mIoU@0.3 | Rank@5,mIoU@0.5 | mIoU  |
+-----------------+-----------------+-----------------+-----------------+-------+
|      28.06      |       8.39      |      64.52      |      38.39      | 20.36 |
+-----------------+-----------------+-----------------+-----------------+-------+
+performance on testing set---------+-----------------+-----------------+------+
| Rank@1,mIoU@0.3 | Rank@1,mIoU@0.5 | Rank@5,mIoU@0.3 | Rank@5,mIoU@0.5 | mIoU |
+-----------------+-----------------+-----------------+-----------------+------+
|       0.00      |       0.00      |       0.00      |       0.00      | 0.00 |
+-----------------+-----------------+-----------------+-----------------+------+

2026-04-22 19:50:12,356 
iter: 1000 train loss 0.5873 val loss 0.2350 test loss 0.0938
+performance on training set--------+-----------------+-----------------+-------+
| Rank@1,mIoU@0.3 | Rank@1,mIoU@0.5 | Rank@5,mIoU@0.3 | Rank@5,mIoU@0.5 | mIoU  |
+-----------------+-----------------+-----------------+-----------------+-------+
|      31.40      |      12.05      |      67.56      |      39.83      | 23.64 |
+-----------------+-----------------+-----------------+-----------------+-------+
+performance on validation set------+-----------------+-----------------+-------+
| Rank@1,mIoU@0.3 | Rank@1,mIoU@0.5 | Rank@5,mIoU@0.3 | Rank@5,mIoU@0.5 | mIoU  |
+-----------------+-----------------+-----------------+-----------------+-------+
|      22.90      |       8.06      |      60.65      |      24.19      | 17.72 |
+-----------------+-----------------+-----------------+-----------------+-------+
+performance on testing set---------+-----------------+-----------------+------+
| Rank@1,mIoU@0.3 | Rank@1,mIoU@0.5 | Rank@5,mIoU@0.3 | Rank@5,mIoU@0.5 | mIoU |
+-----------------+-----------------+-----------------+-----------------+------+
|       0.00      |       0.00      |       0.00      |       0.00      | 0.00 |
+-----------------+-----------------+-----------------+-----------------+------+

2026-04-22 19:54:09,174 
iter: 1250 train loss 0.2923 val loss 0.2323 test loss 0.0918
+performance on training set--------+-----------------+-----------------+-------+
| Rank@1,mIoU@0.3 | Rank@1,mIoU@0.5 | Rank@5,mIoU@0.3 | Rank@5,mIoU@0.5 | mIoU  |
+-----------------+-----------------+-----------------+-----------------+-------+
|      32.37      |      14.22      |      73.07      |      41.69      | 23.65 |
+-----------------+-----------------+-----------------+-----------------+-------+
+performance on validation set------+-----------------+-----------------+-------+
| Rank@1,mIoU@0.3 | Rank@1,mIoU@0.5 | Rank@5,mIoU@0.3 | Rank@5,mIoU@0.5 | mIoU  |
+-----------------+-----------------+-----------------+-----------------+-------+
|      24.52      |       8.71      |      66.45      |      30.00      | 17.97 |
+-----------------+-----------------+-----------------+-----------------+-------+
+performance on testing set---------+-----------------+-----------------+------+
| Rank@1,mIoU@0.3 | Rank@1,mIoU@0.5 | Rank@5,mIoU@0.3 | Rank@5,mIoU@0.5 | mIoU |
+-----------------+-----------------+-----------------+-----------------+------+
|       0.00      |       0.00      |       0.00      |       0.00      | 0.00 |
+-----------------+-----------------+-----------------+-----------------+------+

2026-04-22 19:58:06,023 
iter: 1500 train loss 0.2908 val loss 0.2339 test loss 0.0995
+performance on training set--------+-----------------+-----------------+-------+
| Rank@1,mIoU@0.3 | Rank@1,mIoU@0.5 | Rank@5,mIoU@0.3 | Rank@5,mIoU@0.5 | mIoU  |
+-----------------+-----------------+-----------------+-----------------+-------+
|      32.37      |      14.17      |      70.88      |      40.75      | 23.63 |
+-----------------+-----------------+-----------------+-----------------+-------+
+performance on validation set------+-----------------+-----------------+-------+
| Rank@1,mIoU@0.3 | Rank@1,mIoU@0.5 | Rank@5,mIoU@0.3 | Rank@5,mIoU@0.5 | mIoU  |
+-----------------+-----------------+-----------------+-----------------+-------+
|      24.19      |       8.39      |      67.42      |      30.97      | 17.87 |
+-----------------+-----------------+-----------------+-----------------+-------+
+performance on testing set---------+-----------------+-----------------+------+
| Rank@1,mIoU@0.3 | Rank@1,mIoU@0.5 | Rank@5,mIoU@0.3 | Rank@5,mIoU@0.5 | mIoU |
+-----------------+-----------------+-----------------+-----------------+------+
|       0.00      |       0.00      |       0.00      |       0.00      | 0.00 |
+-----------------+-----------------+-----------------+-----------------+------+

2026-04-22 20:02:08,125 
iter: 1750 train loss 0.2903 val loss 0.2361 test loss 0.1071
+performance on training set--------+-----------------+-----------------+-------+
| Rank@1,mIoU@0.3 | Rank@1,mIoU@0.5 | Rank@5,mIoU@0.3 | Rank@5,mIoU@0.5 | mIoU  |
+-----------------+-----------------+-----------------+-----------------+-------+
|      32.01      |      13.57      |      74.29      |      41.88      | 22.77 |
+-----------------+-----------------+-----------------+-----------------+-------+
+performance on validation set------+-----------------+-----------------+-------+
| Rank@1,mIoU@0.3 | Rank@1,mIoU@0.5 | Rank@5,mIoU@0.3 | Rank@5,mIoU@0.5 | mIoU  |
+-----------------+-----------------+-----------------+-----------------+-------+
|      24.19      |       8.06      |      70.97      |      30.32      | 17.20 |
+-----------------+-----------------+-----------------+-----------------+-------+
+performance on testing set---------+-----------------+-----------------+------+
| Rank@1,mIoU@0.3 | Rank@1,mIoU@0.5 | Rank@5,mIoU@0.3 | Rank@5,mIoU@0.5 | mIoU |
+-----------------+-----------------+-----------------+-----------------+------+
|       0.00      |       0.00      |       0.00      |       0.00      | 0.00 |
+-----------------+-----------------+-----------------+-----------------+------+

2026-04-22 20:06:08,129 
iter: 2000 train loss 0.2896 val loss 0.2349 test loss 0.1040
+performance on training set--------+-----------------+-----------------+-------+
| Rank@1,mIoU@0.3 | Rank@1,mIoU@0.5 | Rank@5,mIoU@0.3 | Rank@5,mIoU@0.5 | mIoU  |
+-----------------+-----------------+-----------------+-----------------+-------+
|      32.01      |      13.57      |      73.24      |      41.49      | 22.77 |
+-----------------+-----------------+-----------------+-----------------+-------+
+performance on validation set------+-----------------+-----------------+-------+
| Rank@1,mIoU@0.3 | Rank@1,mIoU@0.5 | Rank@5,mIoU@0.3 | Rank@5,mIoU@0.5 | mIoU  |
+-----------------+-----------------+-----------------+-----------------+-------+
|      25.16      |       8.06      |      71.94      |      30.00      | 17.79 |
+-----------------+-----------------+-----------------+-----------------+-------+
+performance on testing set---------+-----------------+-----------------+------+
| Rank@1,mIoU@0.3 | Rank@1,mIoU@0.5 | Rank@5,mIoU@0.3 | Rank@5,mIoU@0.5 | mIoU |
+-----------------+-----------------+-----------------+-----------------+------+
|       0.00      |       0.00      |       0.00      |       0.00      | 0.00 |
+-----------------+-----------------+-----------------+-----------------+------+

2026-04-22 20:10:03,503 
iter: 2250 train loss 0.2903 val loss 0.2334 test loss 0.0993
+performance on training set--------+-----------------+-----------------+-------+
| Rank@1,mIoU@0.3 | Rank@1,mIoU@0.5 | Rank@5,mIoU@0.3 | Rank@5,mIoU@0.5 | mIoU  |
+-----------------+-----------------+-----------------+-----------------+-------+
|      32.11      |      13.57      |      68.80      |      39.43      | 22.78 |
+-----------------+-----------------+-----------------+-----------------+-------+
+performance on validation set------+-----------------+-----------------+-------+
| Rank@1,mIoU@0.3 | Rank@1,mIoU@0.5 | Rank@5,mIoU@0.3 | Rank@5,mIoU@0.5 | mIoU  |
+-----------------+-----------------+-----------------+-----------------+-------+
|      21.94      |       7.74      |      69.68      |      30.32      | 16.02 |
+-----------------+-----------------+-----------------+-----------------+-------+
+performance on testing set---------+-----------------+-----------------+------+
| Rank@1,mIoU@0.3 | Rank@1,mIoU@0.5 | Rank@5,mIoU@0.3 | Rank@5,mIoU@0.5 | mIoU |
+-----------------+-----------------+-----------------+-----------------+------+
|       0.00      |       0.00      |       0.00      |       0.00      | 0.00 |
+-----------------+-----------------+-----------------+-----------------+------+

2026-04-22 20:13:53,022 
iter: 2500 train loss 0.2888 val loss 0.2340 test loss 0.1011
+performance on training set--------+-----------------+-----------------+-------+
| Rank@1,mIoU@0.3 | Rank@1,mIoU@0.5 | Rank@5,mIoU@0.3 | Rank@5,mIoU@0.5 | mIoU  |
+-----------------+-----------------+-----------------+-----------------+-------+
|      32.55      |      13.87      |      69.85      |      40.31      | 22.85 |
+-----------------+-----------------+-----------------+-----------------+-------+
+performance on validation set------+-----------------+-----------------+-------+
| Rank@1,mIoU@0.3 | Rank@1,mIoU@0.5 | Rank@5,mIoU@0.3 | Rank@5,mIoU@0.5 | mIoU  |
+-----------------+-----------------+-----------------+-----------------+-------+
|      23.87      |       8.71      |      70.00      |      31.94      | 17.39 |
+-----------------+-----------------+-----------------+-----------------+-------+
+performance on testing set---------+-----------------+-----------------+------+
| Rank@1,mIoU@0.3 | Rank@1,mIoU@0.5 | Rank@5,mIoU@0.3 | Rank@5,mIoU@0.5 | mIoU |
+-----------------+-----------------+-----------------+-----------------+------+
|       0.00      |       0.00      |       0.00      |       0.00      | 0.00 |
+-----------------+-----------------+-----------------+-----------------+------+

2026-04-22 20:17:48,198 
iter: 2750 train loss 0.2883 val loss 0.2373 test loss 0.1093
+performance on training set--------+-----------------+-----------------+-------+
| Rank@1,mIoU@0.3 | Rank@1,mIoU@0.5 | Rank@5,mIoU@0.3 | Rank@5,mIoU@0.5 | mIoU  |
+-----------------+-----------------+-----------------+-----------------+-------+
|      34.80      |      14.93      |      70.68      |      41.64      | 23.87 |
+-----------------+-----------------+-----------------+-----------------+-------+
+performance on validation set------+-----------------+-----------------+-------+
| Rank@1,mIoU@0.3 | Rank@1,mIoU@0.5 | Rank@5,mIoU@0.3 | Rank@5,mIoU@0.5 | mIoU  |
+-----------------+-----------------+-----------------+-----------------+-------+
|      24.19      |       9.35      |      68.06      |      31.29      | 17.45 |
+-----------------+-----------------+-----------------+-----------------+-------+
+performance on testing set---------+-----------------+-----------------+------+
| Rank@1,mIoU@0.3 | Rank@1,mIoU@0.5 | Rank@5,mIoU@0.3 | Rank@5,mIoU@0.5 | mIoU |
+-----------------+-----------------+-----------------+-----------------+------+
|       0.00      |       0.00      |       0.00      |       0.00      | 0.00 |
+-----------------+-----------------+-----------------+-----------------+------+

2026-04-22 20:21:45,442 
iter: 3000 train loss 0.2883 val loss 0.2327 test loss 0.0972
+performance on training set--------+-----------------+-----------------+-------+
| Rank@1,mIoU@0.3 | Rank@1,mIoU@0.5 | Rank@5,mIoU@0.3 | Rank@5,mIoU@0.5 | mIoU  |
+-----------------+-----------------+-----------------+-----------------+-------+
|      36.63      |      15.81      |      70.89      |      41.94      | 24.75 |
+-----------------+-----------------+-----------------+-----------------+-------+
+performance on validation set------+-----------------+-----------------+-------+
| Rank@1,mIoU@0.3 | Rank@1,mIoU@0.5 | Rank@5,mIoU@0.3 | Rank@5,mIoU@0.5 | mIoU  |
+-----------------+-----------------+-----------------+-----------------+-------+
|      24.19      |       9.03      |      65.48      |      32.90      | 17.21 |
+-----------------+-----------------+-----------------+-----------------+-------+
+performance on testing set---------+-----------------+-----------------+------+
| Rank@1,mIoU@0.3 | Rank@1,mIoU@0.5 | Rank@5,mIoU@0.3 | Rank@5,mIoU@0.5 | mIoU |
+-----------------+-----------------+-----------------+-----------------+------+
|       0.00      |       0.00      |       0.00      |       0.00      | 0.00 |
+-----------------+-----------------+-----------------+-----------------+------+

2026-04-22 20:25:39,066 
iter: 3250 train loss 0.2875 val loss 0.2342 test loss 0.1008
+performance on training set--------+-----------------+-----------------+-------+
| Rank@1,mIoU@0.3 | Rank@1,mIoU@0.5 | Rank@5,mIoU@0.3 | Rank@5,mIoU@0.5 | mIoU  |
+-----------------+-----------------+-----------------+-----------------+-------+
|      39.40      |      17.67      |      70.15      |      42.27      | 26.19 |
+-----------------+-----------------+-----------------+-----------------+-------+
+performance on validation set------+-----------------+-----------------+-------+
| Rank@1,mIoU@0.3 | Rank@1,mIoU@0.5 | Rank@5,mIoU@0.3 | Rank@5,mIoU@0.5 | mIoU  |
+-----------------+-----------------+-----------------+-----------------+-------+
|      25.48      |      10.97      |      62.90      |      33.23      | 17.68 |
+-----------------+-----------------+-----------------+-----------------+-------+
+performance on testing set---------+-----------------+-----------------+------+
| Rank@1,mIoU@0.3 | Rank@1,mIoU@0.5 | Rank@5,mIoU@0.3 | Rank@5,mIoU@0.5 | mIoU |
+-----------------+-----------------+-----------------+-----------------+------+
|       0.00      |       0.00      |       0.00      |       0.00      | 0.00 |
+-----------------+-----------------+-----------------+-----------------+------+

2026-04-22 20:29:32,921 
iter: 3500 train loss 0.2855 val loss 0.2316 test loss 0.0898
+performance on training set--------+-----------------+-----------------+-------+
| Rank@1,mIoU@0.3 | Rank@1,mIoU@0.5 | Rank@5,mIoU@0.3 | Rank@5,mIoU@0.5 | mIoU  |
+-----------------+-----------------+-----------------+-----------------+-------+
|      42.29      |      19.79      |      70.80      |      43.31      | 27.79 |
+-----------------+-----------------+-----------------+-----------------+-------+
+performance on validation set------+-----------------+-----------------+-------+
| Rank@1,mIoU@0.3 | Rank@1,mIoU@0.5 | Rank@5,mIoU@0.3 | Rank@5,mIoU@0.5 | mIoU  |
+-----------------+-----------------+-----------------+-----------------+-------+
|      26.77      |      11.29      |      60.32      |      31.29      | 18.86 |
+-----------------+-----------------+-----------------+-----------------+-------+
+performance on testing set---------+-----------------+-----------------+------+
| Rank@1,mIoU@0.3 | Rank@1,mIoU@0.5 | Rank@5,mIoU@0.3 | Rank@5,mIoU@0.5 | mIoU |
+-----------------+-----------------+-----------------+-----------------+------+
|       0.00      |       0.00      |       0.00      |       0.00      | 0.00 |
+-----------------+-----------------+-----------------+-----------------+------+

2026-04-22 20:33:27,887 
iter: 3750 train loss 0.2833 val loss 0.2405 test loss 0.1131
+performance on training set--------+-----------------+-----------------+-------+
| Rank@1,mIoU@0.3 | Rank@1,mIoU@0.5 | Rank@5,mIoU@0.3 | Rank@5,mIoU@0.5 | mIoU  |
+-----------------+-----------------+-----------------+-----------------+-------+
|      44.78      |      21.22      |      71.77      |      44.37      | 29.08 |
+-----------------+-----------------+-----------------+-----------------+-------+
+performance on validation set------+-----------------+-----------------+-------+
| Rank@1,mIoU@0.3 | Rank@1,mIoU@0.5 | Rank@5,mIoU@0.3 | Rank@5,mIoU@0.5 | mIoU  |
+-----------------+-----------------+-----------------+-----------------+-------+
|      26.13      |      10.65      |      58.06      |      30.32      | 18.40 |
+-----------------+-----------------+-----------------+-----------------+-------+
+performance on testing set---------+-----------------+-----------------+------+
| Rank@1,mIoU@0.3 | Rank@1,mIoU@0.5 | Rank@5,mIoU@0.3 | Rank@5,mIoU@0.5 | mIoU |
+-----------------+-----------------+-----------------+-----------------+------+
|       0.00      |       0.00      |       0.00      |       0.00      | 0.00 |
+-----------------+-----------------+-----------------+-----------------+------+

2026-04-22 20:37:24,888 
iter: 4000 train loss 0.2804 val loss 0.2362 test loss 0.0969
+performance on training set--------+-----------------+-----------------+-------+
| Rank@1,mIoU@0.3 | Rank@1,mIoU@0.5 | Rank@5,mIoU@0.3 | Rank@5,mIoU@0.5 | mIoU  |
+-----------------+-----------------+-----------------+-----------------+-------+
|      46.93      |      23.78      |      72.37      |      45.50      | 30.31 |
+-----------------+-----------------+-----------------+-----------------+-------+
+performance on validation set------+-----------------+-----------------+-------+
| Rank@1,mIoU@0.3 | Rank@1,mIoU@0.5 | Rank@5,mIoU@0.3 | Rank@5,mIoU@0.5 | mIoU  |
+-----------------+-----------------+-----------------+-----------------+-------+
|      26.13      |      10.32      |      59.03      |      29.68      | 18.20 |
+-----------------+-----------------+-----------------+-----------------+-------+
+performance on testing set---------+-----------------+-----------------+------+
| Rank@1,mIoU@0.3 | Rank@1,mIoU@0.5 | Rank@5,mIoU@0.3 | Rank@5,mIoU@0.5 | mIoU |
+-----------------+-----------------+-----------------+-----------------+------+
|       0.00      |       0.00      |       0.00      |       0.00      | 0.00 |
+-----------------+-----------------+-----------------+-----------------+------+

2026-04-22 20:41:21,795 
iter: 4250 train loss 0.2765 val loss 0.2429 test loss 0.1041
+performance on training set--------+-----------------+-----------------+-------+
| Rank@1,mIoU@0.3 | Rank@1,mIoU@0.5 | Rank@5,mIoU@0.3 | Rank@5,mIoU@0.5 | mIoU  |
+-----------------+-----------------+-----------------+-----------------+-------+
|      48.81      |      24.98      |      72.53      |      46.86      | 31.44 |
+-----------------+-----------------+-----------------+-----------------+-------+
+performance on validation set------+-----------------+-----------------+-------+
| Rank@1,mIoU@0.3 | Rank@1,mIoU@0.5 | Rank@5,mIoU@0.3 | Rank@5,mIoU@0.5 | mIoU  |
+-----------------+-----------------+-----------------+-----------------+-------+
|      24.52      |       8.39      |      58.06      |      28.71      | 17.44 |
+-----------------+-----------------+-----------------+-----------------+-------+
+performance on testing set---------+-----------------+-----------------+------+
| Rank@1,mIoU@0.3 | Rank@1,mIoU@0.5 | Rank@5,mIoU@0.3 | Rank@5,mIoU@0.5 | mIoU |
+-----------------+-----------------+-----------------+-----------------+------+
|       0.00      |       0.00      |       0.00      |       0.00      | 0.00 |
+-----------------+-----------------+-----------------+-----------------+------+

2026-04-22 20:45:15,555 
iter: 4500 train loss 0.2729 val loss 0.2353 test loss 0.0781
+performance on training set--------+-----------------+-----------------+-------+
| Rank@1,mIoU@0.3 | Rank@1,mIoU@0.5 | Rank@5,mIoU@0.3 | Rank@5,mIoU@0.5 | mIoU  |
+-----------------+-----------------+-----------------+-----------------+-------+
|      51.25      |      27.29      |      72.90      |      47.62      | 32.59 |
+-----------------+-----------------+-----------------+-----------------+-------+
+performance on validation set------+-----------------+-----------------+-------+
| Rank@1,mIoU@0.3 | Rank@1,mIoU@0.5 | Rank@5,mIoU@0.3 | Rank@5,mIoU@0.5 | mIoU  |
+-----------------+-----------------+-----------------+-----------------+-------+
|      21.94      |       7.74      |      58.71      |      27.74      | 16.49 |
+-----------------+-----------------+-----------------+-----------------+-------+
+performance on testing set---------+-----------------+-----------------+------+
| Rank@1,mIoU@0.3 | Rank@1,mIoU@0.5 | Rank@5,mIoU@0.3 | Rank@5,mIoU@0.5 | mIoU |
+-----------------+-----------------+-----------------+-----------------+------+
|       0.00      |       0.00      |       0.00      |       0.00      | 0.00 |
+-----------------+-----------------+-----------------+-----------------+------+

2026-04-22 20:49:08,837 
iter: 4750 train loss 0.2694 val loss 0.2380 test loss 0.0831
+performance on training set--------+-----------------+-----------------+-------+
| Rank@1,mIoU@0.3 | Rank@1,mIoU@0.5 | Rank@5,mIoU@0.3 | Rank@5,mIoU@0.5 | mIoU  |
+-----------------+-----------------+-----------------+-----------------+-------+
|      52.58      |      28.50      |      73.93      |      48.96      | 33.41 |
+-----------------+-----------------+-----------------+-----------------+-------+
+performance on validation set------+-----------------+-----------------+-------+
| Rank@1,mIoU@0.3 | Rank@1,mIoU@0.5 | Rank@5,mIoU@0.3 | Rank@5,mIoU@0.5 | mIoU  |
+-----------------+-----------------+-----------------+-----------------+-------+
|      21.94      |       7.42      |      56.45      |      26.45      | 15.71 |
+-----------------+-----------------+-----------------+-----------------+-------+
+performance on testing set---------+-----------------+-----------------+------+
| Rank@1,mIoU@0.3 | Rank@1,mIoU@0.5 | Rank@5,mIoU@0.3 | Rank@5,mIoU@0.5 | mIoU |
+-----------------+-----------------+-----------------+-----------------+------+
|       0.00      |       0.00      |       0.00      |       0.00      | 0.00 |
+-----------------+-----------------+-----------------+-----------------+------+

2026-04-22 20:53:00,678 
iter: 5000 train loss 0.2649 val loss 0.2358 test loss 0.0674
+performance on training set--------+-----------------+-----------------+-------+
| Rank@1,mIoU@0.3 | Rank@1,mIoU@0.5 | Rank@5,mIoU@0.3 | Rank@5,mIoU@0.5 | mIoU  |
+-----------------+-----------------+-----------------+-----------------+-------+
|      53.08      |      28.24      |      74.45      |      49.18      | 33.66 |
+-----------------+-----------------+-----------------+-----------------+-------+
+performance on validation set------+-----------------+-----------------+-------+
| Rank@1,mIoU@0.3 | Rank@1,mIoU@0.5 | Rank@5,mIoU@0.3 | Rank@5,mIoU@0.5 | mIoU  |
+-----------------+-----------------+-----------------+-----------------+-------+
|      20.97      |       7.10      |      53.55      |      24.52      | 14.68 |
+-----------------+-----------------+-----------------+-----------------+-------+
+performance on testing set---------+-----------------+-----------------+------+
| Rank@1,mIoU@0.3 | Rank@1,mIoU@0.5 | Rank@5,mIoU@0.3 | Rank@5,mIoU@0.5 | mIoU |
+-----------------+-----------------+-----------------+-----------------+------+
|       0.00      |       0.00      |       0.00      |       0.00      | 0.00 |
+-----------------+-----------------+-----------------+-----------------+------+

2026-04-22 20:56:53,984 
iter: 5250 train loss 0.2630 val loss 0.2432 test loss 0.0815
+performance on training set--------+-----------------+-----------------+-------+
| Rank@1,mIoU@0.3 | Rank@1,mIoU@0.5 | Rank@5,mIoU@0.3 | Rank@5,mIoU@0.5 | mIoU  |
+-----------------+-----------------+-----------------+-----------------+-------+
|      54.48      |      30.25      |      74.84      |      50.63      | 34.44 |
+-----------------+-----------------+-----------------+-----------------+-------+
+performance on validation set------+-----------------+-----------------+-------+
| Rank@1,mIoU@0.3 | Rank@1,mIoU@0.5 | Rank@5,mIoU@0.3 | Rank@5,mIoU@0.5 | mIoU  |
+-----------------+-----------------+-----------------+-----------------+-------+
|      20.65      |       7.74      |      55.16      |      26.45      | 15.47 |
+-----------------+-----------------+-----------------+-----------------+-------+
+performance on testing set---------+-----------------+-----------------+------+
| Rank@1,mIoU@0.3 | Rank@1,mIoU@0.5 | Rank@5,mIoU@0.3 | Rank@5,mIoU@0.5 | mIoU |
+-----------------+-----------------+-----------------+-----------------+------+
|       0.00      |       0.00      |       0.00      |       0.00      | 0.00 |
+-----------------+-----------------+-----------------+-----------------+------+

2026-04-22 21:00:45,707 
iter: 5500 train loss 0.2590 val loss 0.2411 test loss 0.0641
+performance on training set--------+-----------------+-----------------+-------+
| Rank@1,mIoU@0.3 | Rank@1,mIoU@0.5 | Rank@5,mIoU@0.3 | Rank@5,mIoU@0.5 | mIoU  |
+-----------------+-----------------+-----------------+-----------------+-------+
|      55.61      |      30.82      |      75.94      |      50.90      | 35.03 |
+-----------------+-----------------+-----------------+-----------------+-------+
+performance on validation set------+-----------------+-----------------+-------+
| Rank@1,mIoU@0.3 | Rank@1,mIoU@0.5 | Rank@5,mIoU@0.3 | Rank@5,mIoU@0.5 | mIoU  |
+-----------------+-----------------+-----------------+-----------------+-------+
|      19.68      |       6.45      |      53.23      |      23.87      | 13.88 |
+-----------------+-----------------+-----------------+-----------------+-------+
+performance on testing set---------+-----------------+-----------------+------+
| Rank@1,mIoU@0.3 | Rank@1,mIoU@0.5 | Rank@5,mIoU@0.3 | Rank@5,mIoU@0.5 | mIoU |
+-----------------+-----------------+-----------------+-----------------+------+
|       0.00      |       0.00      |       0.00      |       0.00      | 0.00 |
+-----------------+-----------------+-----------------+-----------------+------+

2026-04-22 21:04:36,946 
iter: 5750 train loss 0.2579 val loss 0.2460 test loss 0.0757
+performance on training set--------+-----------------+-----------------+-------+
| Rank@1,mIoU@0.3 | Rank@1,mIoU@0.5 | Rank@5,mIoU@0.3 | Rank@5,mIoU@0.5 | mIoU  |
+-----------------+-----------------+-----------------+-----------------+-------+
|      56.13      |      31.47      |      76.02      |      52.33      | 35.29 |
+-----------------+-----------------+-----------------+-----------------+-------+
+performance on validation set------+-----------------+-----------------+-------+
| Rank@1,mIoU@0.3 | Rank@1,mIoU@0.5 | Rank@5,mIoU@0.3 | Rank@5,mIoU@0.5 | mIoU  |
+-----------------+-----------------+-----------------+-----------------+-------+
|      19.03      |       7.10      |      50.32      |      27.74      | 14.27 |
+-----------------+-----------------+-----------------+-----------------+-------+
+performance on testing set---------+-----------------+-----------------+------+
| Rank@1,mIoU@0.3 | Rank@1,mIoU@0.5 | Rank@5,mIoU@0.3 | Rank@5,mIoU@0.5 | mIoU |
+-----------------+-----------------+-----------------+-----------------+------+
|       0.00      |       0.00      |       0.00      |       0.00      | 0.00 |
+-----------------+-----------------+-----------------+-----------------+------+

2026-04-22 21:08:29,013 
iter: 6000 train loss 0.2538 val loss 0.2502 test loss 0.0857
+performance on training set--------+-----------------+-----------------+-------+
| Rank@1,mIoU@0.3 | Rank@1,mIoU@0.5 | Rank@5,mIoU@0.3 | Rank@5,mIoU@0.5 | mIoU  |
+-----------------+-----------------+-----------------+-----------------+-------+
|      56.76      |      32.14      |      76.39      |      52.51      | 35.66 |
+-----------------+-----------------+-----------------+-----------------+-------+
+performance on validation set------+-----------------+-----------------+-------+
| Rank@1,mIoU@0.3 | Rank@1,mIoU@0.5 | Rank@5,mIoU@0.3 | Rank@5,mIoU@0.5 | mIoU  |
+-----------------+-----------------+-----------------+-----------------+-------+
|      18.06      |       7.74      |      54.52      |      27.74      | 14.92 |
+-----------------+-----------------+-----------------+-----------------+-------+
+performance on testing set---------+-----------------+-----------------+------+
| Rank@1,mIoU@0.3 | Rank@1,mIoU@0.5 | Rank@5,mIoU@0.3 | Rank@5,mIoU@0.5 | mIoU |
+-----------------+-----------------+-----------------+-----------------+------+
|       0.00      |       0.00      |       0.00      |       0.00      | 0.00 |
+-----------------+-----------------+-----------------+-----------------+------+

2026-04-22 21:12:19,438 
iter: 6250 train loss 0.2541 val loss 0.2451 test loss 0.0672
+performance on training set--------+-----------------+-----------------+-------+
| Rank@1,mIoU@0.3 | Rank@1,mIoU@0.5 | Rank@5,mIoU@0.3 | Rank@5,mIoU@0.5 | mIoU  |
+-----------------+-----------------+-----------------+-----------------+-------+
|      58.51      |      32.75      |      77.08      |      53.08      | 36.36 |
+-----------------+-----------------+-----------------+-----------------+-------+
+performance on validation set------+-----------------+-----------------+-------+
| Rank@1,mIoU@0.3 | Rank@1,mIoU@0.5 | Rank@5,mIoU@0.3 | Rank@5,mIoU@0.5 | mIoU  |
+-----------------+-----------------+-----------------+-----------------+-------+
|      18.39      |       7.74      |      51.29      |      26.77      | 14.42 |
+-----------------+-----------------+-----------------+-----------------+-------+
+performance on testing set---------+-----------------+-----------------+------+
| Rank@1,mIoU@0.3 | Rank@1,mIoU@0.5 | Rank@5,mIoU@0.3 | Rank@5,mIoU@0.5 | mIoU |
+-----------------+-----------------+-----------------+-----------------+------+
|       0.00      |       0.00      |       0.00      |       0.00      | 0.00 |
+-----------------+-----------------+-----------------+-----------------+------+

2026-04-22 21:16:10,321 
iter: 6500 train loss 0.2482 val loss 0.2452 test loss 0.0710
+performance on training set--------+-----------------+-----------------+-------+
| Rank@1,mIoU@0.3 | Rank@1,mIoU@0.5 | Rank@5,mIoU@0.3 | Rank@5,mIoU@0.5 | mIoU  |
+-----------------+-----------------+-----------------+-----------------+-------+
|      58.77      |      33.23      |      76.73      |      54.17      | 36.60 |
+-----------------+-----------------+-----------------+-----------------+-------+
+performance on validation set------+-----------------+-----------------+-------+
| Rank@1,mIoU@0.3 | Rank@1,mIoU@0.5 | Rank@5,mIoU@0.3 | Rank@5,mIoU@0.5 | mIoU  |
+-----------------+-----------------+-----------------+-----------------+-------+
|      18.71      |       6.45      |      51.61      |      27.42      | 13.43 |
+-----------------+-----------------+-----------------+-----------------+-------+
+performance on testing set---------+-----------------+-----------------+------+
| Rank@1,mIoU@0.3 | Rank@1,mIoU@0.5 | Rank@5,mIoU@0.3 | Rank@5,mIoU@0.5 | mIoU |
+-----------------+-----------------+-----------------+-----------------+------+
|       0.00      |       0.00      |       0.00      |       0.00      | 0.00 |
+-----------------+-----------------+-----------------+-----------------+------+

2026-04-22 21:20:00,732 
iter: 6750 train loss 0.2483 val loss 0.2456 test loss 0.0622
+performance on training set--------+-----------------+-----------------+-------+
| Rank@1,mIoU@0.3 | Rank@1,mIoU@0.5 | Rank@5,mIoU@0.3 | Rank@5,mIoU@0.5 | mIoU  |
+-----------------+-----------------+-----------------+-----------------+-------+
|      58.95      |      33.55      |      77.04      |      54.64      | 36.84 |
+-----------------+-----------------+-----------------+-----------------+-------+
+performance on validation set------+-----------------+-----------------+-------+
| Rank@1,mIoU@0.3 | Rank@1,mIoU@0.5 | Rank@5,mIoU@0.3 | Rank@5,mIoU@0.5 | mIoU  |
+-----------------+-----------------+-----------------+-----------------+-------+
|      19.68      |       7.10      |      51.61      |      27.74      | 14.35 |
+-----------------+-----------------+-----------------+-----------------+-------+
+performance on testing set---------+-----------------+-----------------+------+
| Rank@1,mIoU@0.3 | Rank@1,mIoU@0.5 | Rank@5,mIoU@0.3 | Rank@5,mIoU@0.5 | mIoU |
+-----------------+-----------------+-----------------+-----------------+------+
|       0.00      |       0.00      |       0.00      |       0.00      | 0.00 |
+-----------------+-----------------+-----------------+-----------------+------+

2026-04-22 21:23:50,707 
iter: 7000 train loss 0.2461 val loss 0.2502 test loss 0.0715
+performance on training set--------+-----------------+-----------------+-------+
| Rank@1,mIoU@0.3 | Rank@1,mIoU@0.5 | Rank@5,mIoU@0.3 | Rank@5,mIoU@0.5 | mIoU  |
+-----------------+-----------------+-----------------+-----------------+-------+
|      59.47      |      34.01      |      77.51      |      55.06      | 37.14 |
+-----------------+-----------------+-----------------+-----------------+-------+
+performance on validation set------+-----------------+-----------------+-------+
| Rank@1,mIoU@0.3 | Rank@1,mIoU@0.5 | Rank@5,mIoU@0.3 | Rank@5,mIoU@0.5 | mIoU  |
+-----------------+-----------------+-----------------+-----------------+-------+
|      18.71      |       6.45      |      51.29      |      25.48      | 14.25 |
+-----------------+-----------------+-----------------+-----------------+-------+
+performance on testing set---------+-----------------+-----------------+------+
| Rank@1,mIoU@0.3 | Rank@1,mIoU@0.5 | Rank@5,mIoU@0.3 | Rank@5,mIoU@0.5 | mIoU |
+-----------------+-----------------+-----------------+-----------------+------+
|       0.00      |       0.00      |       0.00      |       0.00      | 0.00 |
+-----------------+-----------------+-----------------+-----------------+------+

2026-04-22 21:27:42,528 
iter: 7250 train loss 0.2445 val loss 0.2509 test loss 0.0729
+performance on training set--------+-----------------+-----------------+-------+
| Rank@1,mIoU@0.3 | Rank@1,mIoU@0.5 | Rank@5,mIoU@0.3 | Rank@5,mIoU@0.5 | mIoU  |
+-----------------+-----------------+-----------------+-----------------+-------+
|      59.53      |      34.06      |      77.24      |      55.35      | 37.26 |
+-----------------+-----------------+-----------------+-----------------+-------+
+performance on validation set------+-----------------+-----------------+-------+
| Rank@1,mIoU@0.3 | Rank@1,mIoU@0.5 | Rank@5,mIoU@0.3 | Rank@5,mIoU@0.5 | mIoU  |
+-----------------+-----------------+-----------------+-----------------+-------+
|      19.35      |       6.45      |      50.65      |      25.81      | 13.88 |
+-----------------+-----------------+-----------------+-----------------+-------+
+performance on testing set---------+-----------------+-----------------+------+
| Rank@1,mIoU@0.3 | Rank@1,mIoU@0.5 | Rank@5,mIoU@0.3 | Rank@5,mIoU@0.5 | mIoU |
+-----------------+-----------------+-----------------+-----------------+------+
|       0.00      |       0.00      |       0.00      |       0.00      | 0.00 |
+-----------------+-----------------+-----------------+-----------------+------+

2026-04-22 21:31:33,560 
iter: 7500 train loss 0.2442 val loss 0.2580 test loss 0.0899
+performance on training set--------+-----------------+-----------------+-------+
| Rank@1,mIoU@0.3 | Rank@1,mIoU@0.5 | Rank@5,mIoU@0.3 | Rank@5,mIoU@0.5 | mIoU  |
+-----------------+-----------------+-----------------+-----------------+-------+
|      59.20      |      33.87      |      76.90      |      55.90      | 37.12 |
+-----------------+-----------------+-----------------+-----------------+-------+
+performance on validation set------+-----------------+-----------------+-------+
| Rank@1,mIoU@0.3 | Rank@1,mIoU@0.5 | Rank@5,mIoU@0.3 | Rank@5,mIoU@0.5 | mIoU  |
+-----------------+-----------------+-----------------+-----------------+-------+
|      18.06      |       7.42      |      51.61      |      25.81      | 14.28 |
+-----------------+-----------------+-----------------+-----------------+-------+
+performance on testing set---------+-----------------+-----------------+------+
| Rank@1,mIoU@0.3 | Rank@1,mIoU@0.5 | Rank@5,mIoU@0.3 | Rank@5,mIoU@0.5 | mIoU |
+-----------------+-----------------+-----------------+-----------------+------+
|       0.00      |       0.00      |       0.00      |       0.00      | 0.00 |
+-----------------+-----------------+-----------------+-----------------+------+

2026-04-22 21:35:24,613 
iter: 7750 train loss 0.2422 val loss 0.2532 test loss 0.0663
+performance on training set--------+-----------------+-----------------+-------+
| Rank@1,mIoU@0.3 | Rank@1,mIoU@0.5 | Rank@5,mIoU@0.3 | Rank@5,mIoU@0.5 | mIoU  |
+-----------------+-----------------+-----------------+-----------------+-------+
|      59.72      |      34.13      |      77.44      |      55.86      | 37.43 |
+-----------------+-----------------+-----------------+-----------------+-------+
+performance on validation set------+-----------------+-----------------+-------+
| Rank@1,mIoU@0.3 | Rank@1,mIoU@0.5 | Rank@5,mIoU@0.3 | Rank@5,mIoU@0.5 | mIoU  |
+-----------------+-----------------+-----------------+-----------------+-------+
|      19.35      |       7.10      |      52.58      |      26.77      | 14.53 |
+-----------------+-----------------+-----------------+-----------------+-------+
+performance on testing set---------+-----------------+-----------------+------+
| Rank@1,mIoU@0.3 | Rank@1,mIoU@0.5 | Rank@5,mIoU@0.3 | Rank@5,mIoU@0.5 | mIoU |
+-----------------+-----------------+-----------------+-----------------+------+
|       0.00      |       0.00      |       0.00      |       0.00      | 0.00 |
+-----------------+-----------------+-----------------+-----------------+------+

2026-04-22 21:39:18,390 
iter: 8000 train loss 0.2423 val loss 0.2577 test loss 0.0775
+performance on training set--------+-----------------+-----------------+-------+
| Rank@1,mIoU@0.3 | Rank@1,mIoU@0.5 | Rank@5,mIoU@0.3 | Rank@5,mIoU@0.5 | mIoU  |
+-----------------+-----------------+-----------------+-----------------+-------+
|      60.45      |      34.67      |      77.46      |      56.43      | 37.68 |
+-----------------+-----------------+-----------------+-----------------+-------+
+performance on validation set------+-----------------+-----------------+-------+
| Rank@1,mIoU@0.3 | Rank@1,mIoU@0.5 | Rank@5,mIoU@0.3 | Rank@5,mIoU@0.5 | mIoU  |
+-----------------+-----------------+-----------------+-----------------+-------+
|      17.42      |       7.10      |      51.94      |      29.03      | 14.21 |
+-----------------+-----------------+-----------------+-----------------+-------+
+performance on testing set---------+-----------------+-----------------+------+
| Rank@1,mIoU@0.3 | Rank@1,mIoU@0.5 | Rank@5,mIoU@0.3 | Rank@5,mIoU@0.5 | mIoU |
+-----------------+-----------------+-----------------+-----------------+------+
|       0.00      |       0.00      |       0.00      |       0.00      | 0.00 |
+-----------------+-----------------+-----------------+-----------------+------+

2026-04-22 21:43:10,397 
iter: 8250 train loss 0.2399 val loss 0.2583 test loss 0.0732
+performance on training set--------+-----------------+-----------------+-------+
| Rank@1,mIoU@0.3 | Rank@1,mIoU@0.5 | Rank@5,mIoU@0.3 | Rank@5,mIoU@0.5 | mIoU  |
+-----------------+-----------------+-----------------+-----------------+-------+
|      60.93      |      34.93      |      77.85      |      56.83      | 37.96 |
+-----------------+-----------------+-----------------+-----------------+-------+
+performance on validation set------+-----------------+-----------------+-------+
| Rank@1,mIoU@0.3 | Rank@1,mIoU@0.5 | Rank@5,mIoU@0.3 | Rank@5,mIoU@0.5 | mIoU  |
+-----------------+-----------------+-----------------+-----------------+-------+
|      19.03      |       7.42      |      52.26      |      26.13      | 14.16 |
+-----------------+-----------------+-----------------+-----------------+-------+
+performance on testing set---------+-----------------+-----------------+------+
| Rank@1,mIoU@0.3 | Rank@1,mIoU@0.5 | Rank@5,mIoU@0.3 | Rank@5,mIoU@0.5 | mIoU |
+-----------------+-----------------+-----------------+-----------------+------+
|       0.00      |       0.00      |       0.00      |       0.00      | 0.00 |
+-----------------+-----------------+-----------------+-----------------+------+

2026-04-22 21:47:05,808 
iter: 8500 train loss 0.2378 val loss 0.2605 test loss 0.0745
+performance on training set--------+-----------------+-----------------+-------+
| Rank@1,mIoU@0.3 | Rank@1,mIoU@0.5 | Rank@5,mIoU@0.3 | Rank@5,mIoU@0.5 | mIoU  |
+-----------------+-----------------+-----------------+-----------------+-------+
|      61.25      |      35.71      |      77.77      |      57.50      | 38.28 |
+-----------------+-----------------+-----------------+-----------------+-------+
+performance on validation set------+-----------------+-----------------+-------+
| Rank@1,mIoU@0.3 | Rank@1,mIoU@0.5 | Rank@5,mIoU@0.3 | Rank@5,mIoU@0.5 | mIoU  |
+-----------------+-----------------+-----------------+-----------------+-------+
|      18.39      |       6.77      |      53.55      |      27.74      | 14.14 |
+-----------------+-----------------+-----------------+-----------------+-------+
+performance on testing set---------+-----------------+-----------------+------+
| Rank@1,mIoU@0.3 | Rank@1,mIoU@0.5 | Rank@5,mIoU@0.3 | Rank@5,mIoU@0.5 | mIoU |
+-----------------+-----------------+-----------------+-----------------+------+
|       0.00      |       0.00      |       0.00      |       0.00      | 0.00 |
+-----------------+-----------------+-----------------+-----------------+------+

2026-04-22 21:51:02,767 
iter: 8750 train loss 0.2375 val loss 0.2601 test loss 0.0669
+performance on training set--------+-----------------+-----------------+-------+
| Rank@1,mIoU@0.3 | Rank@1,mIoU@0.5 | Rank@5,mIoU@0.3 | Rank@5,mIoU@0.5 | mIoU  |
+-----------------+-----------------+-----------------+-----------------+-------+
|      61.44      |      35.67      |      77.79      |      57.51      | 38.36 |
+-----------------+-----------------+-----------------+-----------------+-------+
+performance on validation set------+-----------------+-----------------+-------+
| Rank@1,mIoU@0.3 | Rank@1,mIoU@0.5 | Rank@5,mIoU@0.3 | Rank@5,mIoU@0.5 | mIoU  |
+-----------------+-----------------+-----------------+-----------------+-------+
|      18.71      |       7.10      |      51.94      |      27.10      | 14.23 |
+-----------------+-----------------+-----------------+-----------------+-------+
+performance on testing set---------+-----------------+-----------------+------+
| Rank@1,mIoU@0.3 | Rank@1,mIoU@0.5 | Rank@5,mIoU@0.3 | Rank@5,mIoU@0.5 | mIoU |
+-----------------+-----------------+-----------------+-----------------+------+
|       0.00      |       0.00      |       0.00      |       0.00      | 0.00 |
+-----------------+-----------------+-----------------+-----------------+------+

2026-04-22 21:55:01,186 
iter: 9000 train loss 0.2358 val loss 0.2558 test loss 0.0646
+performance on training set--------+-----------------+-----------------+-------+
| Rank@1,mIoU@0.3 | Rank@1,mIoU@0.5 | Rank@5,mIoU@0.3 | Rank@5,mIoU@0.5 | mIoU  |
+-----------------+-----------------+-----------------+-----------------+-------+
|      61.57      |      35.89      |      77.81      |      57.68      | 38.49 |
+-----------------+-----------------+-----------------+-----------------+-------+
+performance on validation set------+-----------------+-----------------+-------+
| Rank@1,mIoU@0.3 | Rank@1,mIoU@0.5 | Rank@5,mIoU@0.3 | Rank@5,mIoU@0.5 | mIoU  |
+-----------------+-----------------+-----------------+-----------------+-------+
|      18.39      |       6.45      |      52.26      |      25.81      | 14.36 |
+-----------------+-----------------+-----------------+-----------------+-------+
+performance on testing set---------+-----------------+-----------------+------+
| Rank@1,mIoU@0.3 | Rank@1,mIoU@0.5 | Rank@5,mIoU@0.3 | Rank@5,mIoU@0.5 | mIoU |
+-----------------+-----------------+-----------------+-----------------+------+
|       0.00      |       0.00      |       0.00      |       0.00      | 0.00 |
+-----------------+-----------------+-----------------+-----------------+------+

2026-04-22 21:58:58,671 
iter: 9250 train loss 0.2357 val loss 0.2586 test loss 0.0582
+performance on training set--------+-----------------+-----------------+-------+
| Rank@1,mIoU@0.3 | Rank@1,mIoU@0.5 | Rank@5,mIoU@0.3 | Rank@5,mIoU@0.5 | mIoU  |
+-----------------+-----------------+-----------------+-----------------+-------+
|      62.81      |      36.91      |      78.23      |      58.17      | 39.01 |
+-----------------+-----------------+-----------------+-----------------+-------+
+performance on validation set------+-----------------+-----------------+-------+
| Rank@1,mIoU@0.3 | Rank@1,mIoU@0.5 | Rank@5,mIoU@0.3 | Rank@5,mIoU@0.5 | mIoU  |
+-----------------+-----------------+-----------------+-----------------+-------+
|      19.68      |       6.77      |      53.23      |      28.71      | 13.72 |
+-----------------+-----------------+-----------------+-----------------+-------+
+performance on testing set---------+-----------------+-----------------+------+
| Rank@1,mIoU@0.3 | Rank@1,mIoU@0.5 | Rank@5,mIoU@0.3 | Rank@5,mIoU@0.5 | mIoU |
+-----------------+-----------------+-----------------+-----------------+------+
|       0.00      |       0.00      |       0.00      |       0.00      | 0.00 |
+-----------------+-----------------+-----------------+-----------------+------+

2026-04-22 22:02:52,600 
iter: 9500 train loss 0.2347 val loss 0.2626 test loss 0.0826
+performance on training set--------+-----------------+-----------------+-------+
| Rank@1,mIoU@0.3 | Rank@1,mIoU@0.5 | Rank@5,mIoU@0.3 | Rank@5,mIoU@0.5 | mIoU  |
+-----------------+-----------------+-----------------+-----------------+-------+
|      62.22      |      36.66      |      77.91      |      58.57      | 38.94 |
+-----------------+-----------------+-----------------+-----------------+-------+
+performance on validation set------+-----------------+-----------------+-------+
| Rank@1,mIoU@0.3 | Rank@1,mIoU@0.5 | Rank@5,mIoU@0.3 | Rank@5,mIoU@0.5 | mIoU  |
+-----------------+-----------------+-----------------+-----------------+-------+
|      19.35      |       6.45      |      52.58      |      28.39      | 14.20 |
+-----------------+-----------------+-----------------+-----------------+-------+
+performance on testing set---------+-----------------+-----------------+------+
| Rank@1,mIoU@0.3 | Rank@1,mIoU@0.5 | Rank@5,mIoU@0.3 | Rank@5,mIoU@0.5 | mIoU |
+-----------------+-----------------+-----------------+-----------------+------+
|       0.00      |       0.00      |       0.00      |       0.00      | 0.00 |
+-----------------+-----------------+-----------------+-----------------+------+

2026-04-22 22:06:48,279 
iter: 9750 train loss 0.2332 val loss 0.2609 test loss 0.0805
+performance on training set--------+-----------------+-----------------+-------+
| Rank@1,mIoU@0.3 | Rank@1,mIoU@0.5 | Rank@5,mIoU@0.3 | Rank@5,mIoU@0.5 | mIoU  |
+-----------------+-----------------+-----------------+-----------------+-------+
|      62.13      |      35.97      |      78.15      |      58.62      | 38.75 |
+-----------------+-----------------+-----------------+-----------------+-------+
+performance on validation set------+-----------------+-----------------+-------+
| Rank@1,mIoU@0.3 | Rank@1,mIoU@0.5 | Rank@5,mIoU@0.3 | Rank@5,mIoU@0.5 | mIoU  |
+-----------------+-----------------+-----------------+-----------------+-------+
|      18.39      |       6.45      |      51.94      |      28.71      | 13.83 |
+-----------------+-----------------+-----------------+-----------------+-------+
+performance on testing set---------+-----------------+-----------------+------+
| Rank@1,mIoU@0.3 | Rank@1,mIoU@0.5 | Rank@5,mIoU@0.3 | Rank@5,mIoU@0.5 | mIoU |
+-----------------+-----------------+-----------------+-----------------+------+
|       0.00      |       0.00      |       0.00      |       0.00      | 0.00 |
+-----------------+-----------------+-----------------+-----------------+------+

2026-04-22 22:10:43,475 
iter: 10000 train loss 0.2337 val loss 0.2665 test loss 0.0870
+performance on training set--------+-----------------+-----------------+-------+
| Rank@1,mIoU@0.3 | Rank@1,mIoU@0.5 | Rank@5,mIoU@0.3 | Rank@5,mIoU@0.5 | mIoU  |
+-----------------+-----------------+-----------------+-----------------+-------+
|      62.32      |      36.25      |      77.99      |      58.67      | 38.89 |
+-----------------+-----------------+-----------------+-----------------+-------+
+performance on validation set------+-----------------+-----------------+-------+
| Rank@1,mIoU@0.3 | Rank@1,mIoU@0.5 | Rank@5,mIoU@0.3 | Rank@5,mIoU@0.5 | mIoU  |
+-----------------+-----------------+-----------------+-----------------+-------+
|      17.42      |       6.77      |      52.58      |      26.13      | 13.64 |
+-----------------+-----------------+-----------------+-----------------+-------+
+performance on testing set---------+-----------------+-----------------+------+
| Rank@1,mIoU@0.3 | Rank@1,mIoU@0.5 | Rank@5,mIoU@0.3 | Rank@5,mIoU@0.5 | mIoU |
+-----------------+-----------------+-----------------+-----------------+------+
|       0.00      |       0.00      |       0.00      |       0.00      | 0.00 |
+-----------------+-----------------+-----------------+-----------------+------+

2026-04-22 22:14:37,307 
iter: 10250 train loss 0.2325 val loss 0.2650 test loss 0.0767
+performance on training set--------+-----------------+-----------------+-------+
| Rank@1,mIoU@0.3 | Rank@1,mIoU@0.5 | Rank@5,mIoU@0.3 | Rank@5,mIoU@0.5 | mIoU  |
+-----------------+-----------------+-----------------+-----------------+-------+
|      62.47      |      36.86      |      78.45      |      59.13      | 39.03 |
+-----------------+-----------------+-----------------+-----------------+-------+
+performance on validation set------+-----------------+-----------------+-------+
| Rank@1,mIoU@0.3 | Rank@1,mIoU@0.5 | Rank@5,mIoU@0.3 | Rank@5,mIoU@0.5 | mIoU  |
+-----------------+-----------------+-----------------+-----------------+-------+
|      18.71      |       7.42      |      53.55      |      26.13      | 14.44 |
+-----------------+-----------------+-----------------+-----------------+-------+
+performance on testing set---------+-----------------+-----------------+------+
| Rank@1,mIoU@0.3 | Rank@1,mIoU@0.5 | Rank@5,mIoU@0.3 | Rank@5,mIoU@0.5 | mIoU |
+-----------------+-----------------+-----------------+-----------------+------+
|       0.00      |       0.00      |       0.00      |       0.00      | 0.00 |
+-----------------+-----------------+-----------------+-----------------+------+

2026-04-22 22:18:38,400 
iter: 10500 train loss 0.2289 val loss 0.2614 test loss 0.0707
+performance on training set--------+-----------------+-----------------+-------+
| Rank@1,mIoU@0.3 | Rank@1,mIoU@0.5 | Rank@5,mIoU@0.3 | Rank@5,mIoU@0.5 | mIoU  |
+-----------------+-----------------+-----------------+-----------------+-------+
|      63.48      |      37.83      |      78.33      |      59.86      | 39.61 |
+-----------------+-----------------+-----------------+-----------------+-------+
+performance on validation set------+-----------------+-----------------+-------+
| Rank@1,mIoU@0.3 | Rank@1,mIoU@0.5 | Rank@5,mIoU@0.3 | Rank@5,mIoU@0.5 | mIoU  |
+-----------------+-----------------+-----------------+-----------------+-------+
|      17.74      |       5.81      |      53.55      |      26.77      | 13.66 |
+-----------------+-----------------+-----------------+-----------------+-------+
+performance on testing set---------+-----------------+-----------------+------+
| Rank@1,mIoU@0.3 | Rank@1,mIoU@0.5 | Rank@5,mIoU@0.3 | Rank@5,mIoU@0.5 | mIoU |
+-----------------+-----------------+-----------------+-----------------+------+
|       0.00      |       0.00      |       0.00      |       0.00      | 0.00 |
+-----------------+-----------------+-----------------+-----------------+------+

2026-04-22 22:22:40,260 
iter: 10750 train loss 0.2306 val loss 0.2668 test loss 0.0766
+performance on training set--------+-----------------+-----------------+-------+
| Rank@1,mIoU@0.3 | Rank@1,mIoU@0.5 | Rank@5,mIoU@0.3 | Rank@5,mIoU@0.5 | mIoU  |
+-----------------+-----------------+-----------------+-----------------+-------+
|      63.37      |      37.33      |      78.36      |      59.59      | 39.43 |
+-----------------+-----------------+-----------------+-----------------+-------+
+performance on validation set------+-----------------+-----------------+-------+
| Rank@1,mIoU@0.3 | Rank@1,mIoU@0.5 | Rank@5,mIoU@0.3 | Rank@5,mIoU@0.5 | mIoU  |
+-----------------+-----------------+-----------------+-----------------+-------+
|      19.03      |       8.06      |      50.97      |      27.10      | 14.18 |
+-----------------+-----------------+-----------------+-----------------+-------+
+performance on testing set---------+-----------------+-----------------+------+
| Rank@1,mIoU@0.3 | Rank@1,mIoU@0.5 | Rank@5,mIoU@0.3 | Rank@5,mIoU@0.5 | mIoU |
+-----------------+-----------------+-----------------+-----------------+------+
|       0.00      |       0.00      |       0.00      |       0.00      | 0.00 |
+-----------------+-----------------+-----------------+-----------------+------+

2026-04-22 22:26:42,309 
iter: 11000 train loss 0.2291 val loss 0.2636 test loss 0.0659
+performance on training set--------+-----------------+-----------------+-------+
| Rank@1,mIoU@0.3 | Rank@1,mIoU@0.5 | Rank@5,mIoU@0.3 | Rank@5,mIoU@0.5 | mIoU  |
+-----------------+-----------------+-----------------+-----------------+-------+
|      63.77      |      38.20      |      78.65      |      59.71      | 39.81 |
+-----------------+-----------------+-----------------+-----------------+-------+
+performance on validation set------+-----------------+-----------------+-------+
| Rank@1,mIoU@0.3 | Rank@1,mIoU@0.5 | Rank@5,mIoU@0.3 | Rank@5,mIoU@0.5 | mIoU  |
+-----------------+-----------------+-----------------+-----------------+-------+
|      19.35      |       6.77      |      51.29      |      28.71      | 14.06 |
+-----------------+-----------------+-----------------+-----------------+-------+
+performance on testing set---------+-----------------+-----------------+------+
| Rank@1,mIoU@0.3 | Rank@1,mIoU@0.5 | Rank@5,mIoU@0.3 | Rank@5,mIoU@0.5 | mIoU |
+-----------------+-----------------+-----------------+-----------------+------+
|       0.00      |       0.00      |       0.00      |       0.00      | 0.00 |
+-----------------+-----------------+-----------------+-----------------+------+

2026-04-22 22:30:44,765 
iter: 11250 train loss 0.2287 val loss 0.2669 test loss 0.0672
+performance on training set--------+-----------------+-----------------+-------+
| Rank@1,mIoU@0.3 | Rank@1,mIoU@0.5 | Rank@5,mIoU@0.3 | Rank@5,mIoU@0.5 | mIoU  |
+-----------------+-----------------+-----------------+-----------------+-------+
|      63.91      |      37.99      |      78.50      |      60.12      | 39.81 |
+-----------------+-----------------+-----------------+-----------------+-------+
+performance on validation set------+-----------------+-----------------+-------+
| Rank@1,mIoU@0.3 | Rank@1,mIoU@0.5 | Rank@5,mIoU@0.3 | Rank@5,mIoU@0.5 | mIoU  |
+-----------------+-----------------+-----------------+-----------------+-------+
|      18.39      |       6.45      |      53.55      |      28.71      | 13.71 |
+-----------------+-----------------+-----------------+-----------------+-------+
+performance on testing set---------+-----------------+-----------------+------+
| Rank@1,mIoU@0.3 | Rank@1,mIoU@0.5 | Rank@5,mIoU@0.3 | Rank@5,mIoU@0.5 | mIoU |
+-----------------+-----------------+-----------------+-----------------+------+
|       0.00      |       0.00      |       0.00      |       0.00      | 0.00 |
+-----------------+-----------------+-----------------+-----------------+------+

2026-04-22 22:34:50,349 
iter: 11500 train loss 0.2267 val loss 0.2646 test loss 0.0617
+performance on training set--------+-----------------+-----------------+-------+
| Rank@1,mIoU@0.3 | Rank@1,mIoU@0.5 | Rank@5,mIoU@0.3 | Rank@5,mIoU@0.5 | mIoU  |
+-----------------+-----------------+-----------------+-----------------+-------+
|      64.04      |      38.26      |      78.68      |      60.25      | 39.93 |
+-----------------+-----------------+-----------------+-----------------+-------+
+performance on validation set------+-----------------+-----------------+-------+
| Rank@1,mIoU@0.3 | Rank@1,mIoU@0.5 | Rank@5,mIoU@0.3 | Rank@5,mIoU@0.5 | mIoU  |
+-----------------+-----------------+-----------------+-----------------+-------+
|      18.06      |       7.10      |      49.35      |      25.16      | 13.34 |
+-----------------+-----------------+-----------------+-----------------+-------+
+performance on testing set---------+-----------------+-----------------+------+
| Rank@1,mIoU@0.3 | Rank@1,mIoU@0.5 | Rank@5,mIoU@0.3 | Rank@5,mIoU@0.5 | mIoU |
+-----------------+-----------------+-----------------+-----------------+------+
|       0.00      |       0.00      |       0.00      |       0.00      | 0.00 |
+-----------------+-----------------+-----------------+-----------------+------+

2026-04-22 22:38:58,416 
iter: 11750 train loss 0.2280 val loss 0.2638 test loss 0.0693
+performance on training set--------+-----------------+-----------------+-------+
| Rank@1,mIoU@0.3 | Rank@1,mIoU@0.5 | Rank@5,mIoU@0.3 | Rank@5,mIoU@0.5 | mIoU  |
+-----------------+-----------------+-----------------+-----------------+-------+
|      64.04      |      37.58      |      78.52      |      60.39      | 39.82 |
+-----------------+-----------------+-----------------+-----------------+-------+
+performance on validation set------+-----------------+-----------------+-------+
| Rank@1,mIoU@0.3 | Rank@1,mIoU@0.5 | Rank@5,mIoU@0.3 | Rank@5,mIoU@0.5 | mIoU  |
+-----------------+-----------------+-----------------+-----------------+-------+
|      17.74      |       6.77      |      48.71      |      28.39      | 13.60 |
+-----------------+-----------------+-----------------+-----------------+-------+
+performance on testing set---------+-----------------+-----------------+------+
| Rank@1,mIoU@0.3 | Rank@1,mIoU@0.5 | Rank@5,mIoU@0.3 | Rank@5,mIoU@0.5 | mIoU |
+-----------------+-----------------+-----------------+-----------------+------+
|       0.00      |       0.00      |       0.00      |       0.00      | 0.00 |
+-----------------+-----------------+-----------------+-----------------+------+

2026-04-22 22:43:07,410 
iter: 12000 train loss 0.2274 val loss 0.2637 test loss 0.0628
+performance on training set--------+-----------------+-----------------+-------+
| Rank@1,mIoU@0.3 | Rank@1,mIoU@0.5 | Rank@5,mIoU@0.3 | Rank@5,mIoU@0.5 | mIoU  |
+-----------------+-----------------+-----------------+-----------------+-------+
|      64.40      |      38.04      |      78.87      |      60.58      | 40.05 |
+-----------------+-----------------+-----------------+-----------------+-------+
+performance on validation set------+-----------------+-----------------+-------+
| Rank@1,mIoU@0.3 | Rank@1,mIoU@0.5 | Rank@5,mIoU@0.3 | Rank@5,mIoU@0.5 | mIoU  |
+-----------------+-----------------+-----------------+-----------------+-------+
|      17.10      |       6.45      |      50.32      |      26.77      | 13.62 |
+-----------------+-----------------+-----------------+-----------------+-------+
+performance on testing set---------+-----------------+-----------------+------+
| Rank@1,mIoU@0.3 | Rank@1,mIoU@0.5 | Rank@5,mIoU@0.3 | Rank@5,mIoU@0.5 | mIoU |
+-----------------+-----------------+-----------------+-----------------+------+
|       0.00      |       0.00      |       0.00      |       0.00      | 0.00 |
+-----------------+-----------------+-----------------+-----------------+------+

2026-04-22 22:47:10,546 
iter: 12250 train loss 0.2252 val loss 0.2671 test loss 0.0673
+performance on training set--------+-----------------+-----------------+-------+
| Rank@1,mIoU@0.3 | Rank@1,mIoU@0.5 | Rank@5,mIoU@0.3 | Rank@5,mIoU@0.5 | mIoU  |
+-----------------+-----------------+-----------------+-----------------+-------+
|      64.62      |      38.66      |      78.81      |      61.08      | 40.21 |
+-----------------+-----------------+-----------------+-----------------+-------+
+performance on validation set------+-----------------+-----------------+-------+
| Rank@1,mIoU@0.3 | Rank@1,mIoU@0.5 | Rank@5,mIoU@0.3 | Rank@5,mIoU@0.5 | mIoU  |
+-----------------+-----------------+-----------------+-----------------+-------+
|      17.10      |       6.13      |      50.65      |      26.13      | 13.16 |
+-----------------+-----------------+-----------------+-----------------+-------+
+performance on testing set---------+-----------------+-----------------+------+
| Rank@1,mIoU@0.3 | Rank@1,mIoU@0.5 | Rank@5,mIoU@0.3 | Rank@5,mIoU@0.5 | mIoU |
+-----------------+-----------------+-----------------+-----------------+------+
|       0.00      |       0.00      |       0.00      |       0.00      | 0.00 |
+-----------------+-----------------+-----------------+-----------------+------+

2026-04-22 22:51:12,249 
iter: 12500 train loss 0.2236 val loss 0.2703 test loss 0.0748
+performance on training set--------+-----------------+-----------------+-------+
| Rank@1,mIoU@0.3 | Rank@1,mIoU@0.5 | Rank@5,mIoU@0.3 | Rank@5,mIoU@0.5 | mIoU  |
+-----------------+-----------------+-----------------+-----------------+-------+
|      64.48      |      38.49      |      79.26      |      61.06      | 40.24 |
+-----------------+-----------------+-----------------+-----------------+-------+
+performance on validation set------+-----------------+-----------------+-------+
| Rank@1,mIoU@0.3 | Rank@1,mIoU@0.5 | Rank@5,mIoU@0.3 | Rank@5,mIoU@0.5 | mIoU  |
+-----------------+-----------------+-----------------+-----------------+-------+
|      18.06      |       6.77      |      50.65      |      27.74      | 14.09 |
+-----------------+-----------------+-----------------+-----------------+-------+
+performance on testing set---------+-----------------+-----------------+------+
| Rank@1,mIoU@0.3 | Rank@1,mIoU@0.5 | Rank@5,mIoU@0.3 | Rank@5,mIoU@0.5 | mIoU |
+-----------------+-----------------+-----------------+-----------------+------+
|       0.00      |       0.00      |       0.00      |       0.00      | 0.00 |
+-----------------+-----------------+-----------------+-----------------+------+

2026-04-22 22:55:18,356 
iter: 12750 train loss 0.2251 val loss 0.2695 test loss 0.0758
+performance on training set--------+-----------------+-----------------+-------+
| Rank@1,mIoU@0.3 | Rank@1,mIoU@0.5 | Rank@5,mIoU@0.3 | Rank@5,mIoU@0.5 | mIoU  |
+-----------------+-----------------+-----------------+-----------------+-------+
|      64.95      |      38.89      |      78.99      |      61.29      | 40.40 |
+-----------------+-----------------+-----------------+-----------------+-------+
+performance on validation set------+-----------------+-----------------+-------+
| Rank@1,mIoU@0.3 | Rank@1,mIoU@0.5 | Rank@5,mIoU@0.3 | Rank@5,mIoU@0.5 | mIoU  |
+-----------------+-----------------+-----------------+-----------------+-------+
|      18.39      |       7.10      |      52.26      |      26.45      | 14.00 |
+-----------------+-----------------+-----------------+-----------------+-------+
+performance on testing set---------+-----------------+-----------------+------+
| Rank@1,mIoU@0.3 | Rank@1,mIoU@0.5 | Rank@5,mIoU@0.3 | Rank@5,mIoU@0.5 | mIoU |
+-----------------+-----------------+-----------------+-----------------+------+
|       0.00      |       0.00      |       0.00      |       0.00      | 0.00 |
+-----------------+-----------------+-----------------+-----------------+------+

2026-04-22 22:59:22,084 
iter: 13000 train loss 0.2230 val loss 0.2699 test loss 0.0679
+performance on training set--------+-----------------+-----------------+-------+
| Rank@1,mIoU@0.3 | Rank@1,mIoU@0.5 | Rank@5,mIoU@0.3 | Rank@5,mIoU@0.5 | mIoU  |
+-----------------+-----------------+-----------------+-----------------+-------+
|      64.99      |      38.99      |      79.03      |      61.34      | 40.46 |
+-----------------+-----------------+-----------------+-----------------+-------+
+performance on validation set------+-----------------+-----------------+-------+
| Rank@1,mIoU@0.3 | Rank@1,mIoU@0.5 | Rank@5,mIoU@0.3 | Rank@5,mIoU@0.5 | mIoU  |
+-----------------+-----------------+-----------------+-----------------+-------+
|      17.10      |       6.77      |      53.23      |      26.77      | 13.24 |
+-----------------+-----------------+-----------------+-----------------+-------+
+performance on testing set---------+-----------------+-----------------+------+
| Rank@1,mIoU@0.3 | Rank@1,mIoU@0.5 | Rank@5,mIoU@0.3 | Rank@5,mIoU@0.5 | mIoU |
+-----------------+-----------------+-----------------+-----------------+------+
|       0.00      |       0.00      |       0.00      |       0.00      | 0.00 |
+-----------------+-----------------+-----------------+-----------------+------+

2026-04-22 23:03:27,235 
iter: 13250 train loss 0.2228 val loss 0.2661 test loss 0.0624
+performance on training set--------+-----------------+-----------------+-------+
| Rank@1,mIoU@0.3 | Rank@1,mIoU@0.5 | Rank@5,mIoU@0.3 | Rank@5,mIoU@0.5 | mIoU  |
+-----------------+-----------------+-----------------+-----------------+-------+
|      65.31      |      39.05      |      79.24      |      61.54      | 40.59 |
+-----------------+-----------------+-----------------+-----------------+-------+
+performance on validation set------+-----------------+-----------------+-------+
| Rank@1,mIoU@0.3 | Rank@1,mIoU@0.5 | Rank@5,mIoU@0.3 | Rank@5,mIoU@0.5 | mIoU  |
+-----------------+-----------------+-----------------+-----------------+-------+
|      17.74      |       6.77      |      52.26      |      28.71      | 13.09 |
+-----------------+-----------------+-----------------+-----------------+-------+
+performance on testing set---------+-----------------+-----------------+------+
| Rank@1,mIoU@0.3 | Rank@1,mIoU@0.5 | Rank@5,mIoU@0.3 | Rank@5,mIoU@0.5 | mIoU |
+-----------------+-----------------+-----------------+-----------------+------+
|       0.00      |       0.00      |       0.00      |       0.00      | 0.00 |
+-----------------+-----------------+-----------------+-----------------+------+

2026-04-22 23:07:30,026 
iter: 13500 train loss 0.2224 val loss 0.2703 test loss 0.0630
+performance on training set--------+-----------------+-----------------+-------+
| Rank@1,mIoU@0.3 | Rank@1,mIoU@0.5 | Rank@5,mIoU@0.3 | Rank@5,mIoU@0.5 | mIoU  |
+-----------------+-----------------+-----------------+-----------------+-------+
|      65.37      |      39.77      |      79.27      |      61.55      | 40.84 |
+-----------------+-----------------+-----------------+-----------------+-------+
+performance on validation set------+-----------------+-----------------+-------+
| Rank@1,mIoU@0.3 | Rank@1,mIoU@0.5 | Rank@5,mIoU@0.3 | Rank@5,mIoU@0.5 | mIoU  |
+-----------------+-----------------+-----------------+-----------------+-------+
|      18.06      |       7.42      |      50.65      |      26.13      | 13.92 |
+-----------------+-----------------+-----------------+-----------------+-------+
+performance on testing set---------+-----------------+-----------------+------+
| Rank@1,mIoU@0.3 | Rank@1,mIoU@0.5 | Rank@5,mIoU@0.3 | Rank@5,mIoU@0.5 | mIoU |
+-----------------+-----------------+-----------------+-----------------+------+
|       0.00      |       0.00      |       0.00      |       0.00      | 0.00 |
+-----------------+-----------------+-----------------+-----------------+------+

2026-04-22 23:11:37,684 
iter: 13750 train loss 0.2227 val loss 0.2648 test loss 0.0690
+performance on training set--------+-----------------+-----------------+-------+
| Rank@1,mIoU@0.3 | Rank@1,mIoU@0.5 | Rank@5,mIoU@0.3 | Rank@5,mIoU@0.5 | mIoU  |
+-----------------+-----------------+-----------------+-----------------+-------+
|      65.26      |      39.36      |      79.08      |      62.05      | 40.66 |
+-----------------+-----------------+-----------------+-----------------+-------+
+performance on validation set------+-----------------+-----------------+-------+
| Rank@1,mIoU@0.3 | Rank@1,mIoU@0.5 | Rank@5,mIoU@0.3 | Rank@5,mIoU@0.5 | mIoU  |
+-----------------+-----------------+-----------------+-----------------+-------+
|      16.13      |       6.13      |      52.26      |      27.42      | 13.10 |
+-----------------+-----------------+-----------------+-----------------+-------+
+performance on testing set---------+-----------------+-----------------+------+
| Rank@1,mIoU@0.3 | Rank@1,mIoU@0.5 | Rank@5,mIoU@0.3 | Rank@5,mIoU@0.5 | mIoU |
+-----------------+-----------------+-----------------+-----------------+------+
|       0.00      |       0.00      |       0.00      |       0.00      | 0.00 |
+-----------------+-----------------+-----------------+-----------------+------+

2026-04-22 23:15:40,130 
iter: 14000 train loss 0.2224 val loss 0.2703 test loss 0.0741
+performance on training set--------+-----------------+-----------------+-------+
| Rank@1,mIoU@0.3 | Rank@1,mIoU@0.5 | Rank@5,mIoU@0.3 | Rank@5,mIoU@0.5 | mIoU  |
+-----------------+-----------------+-----------------+-----------------+-------+
|      65.32      |      38.97      |      79.26      |      62.03      | 40.62 |
+-----------------+-----------------+-----------------+-----------------+-------+
+performance on validation set------+-----------------+-----------------+-------+
| Rank@1,mIoU@0.3 | Rank@1,mIoU@0.5 | Rank@5,mIoU@0.3 | Rank@5,mIoU@0.5 | mIoU  |
+-----------------+-----------------+-----------------+-----------------+-------+
|      17.74      |       7.10      |      51.94      |      29.03      | 13.86 |
+-----------------+-----------------+-----------------+-----------------+-------+
+performance on testing set---------+-----------------+-----------------+------+
| Rank@1,mIoU@0.3 | Rank@1,mIoU@0.5 | Rank@5,mIoU@0.3 | Rank@5,mIoU@0.5 | mIoU |
+-----------------+-----------------+-----------------+-----------------+------+
|       0.00      |       0.00      |       0.00      |       0.00      | 0.00 |
+-----------------+-----------------+-----------------+-----------------+------+

2026-04-22 23:19:33,285 
iter: 14250 train loss 0.2220 val loss 0.2679 test loss 0.0657
+performance on training set--------+-----------------+-----------------+-------+
| Rank@1,mIoU@0.3 | Rank@1,mIoU@0.5 | Rank@5,mIoU@0.3 | Rank@5,mIoU@0.5 | mIoU  |
+-----------------+-----------------+-----------------+-----------------+-------+
|      65.67      |      39.96      |      79.45      |      62.27      | 41.03 |
+-----------------+-----------------+-----------------+-----------------+-------+
+performance on validation set------+-----------------+-----------------+-------+
| Rank@1,mIoU@0.3 | Rank@1,mIoU@0.5 | Rank@5,mIoU@0.3 | Rank@5,mIoU@0.5 | mIoU  |
+-----------------+-----------------+-----------------+-----------------+-------+
|      18.71      |       6.77      |      52.90      |      26.45      | 13.30 |
+-----------------+-----------------+-----------------+-----------------+-------+
+performance on testing set---------+-----------------+-----------------+------+
| Rank@1,mIoU@0.3 | Rank@1,mIoU@0.5 | Rank@5,mIoU@0.3 | Rank@5,mIoU@0.5 | mIoU |
+-----------------+-----------------+-----------------+-----------------+------+
|       0.00      |       0.00      |       0.00      |       0.00      | 0.00 |
+-----------------+-----------------+-----------------+-----------------+------+

2026-04-22 23:23:24,984 
iter: 14500 train loss 0.2209 val loss 0.2723 test loss 0.0732
+performance on training set--------+-----------------+-----------------+-------+
| Rank@1,mIoU@0.3 | Rank@1,mIoU@0.5 | Rank@5,mIoU@0.3 | Rank@5,mIoU@0.5 | mIoU  |
+-----------------+-----------------+-----------------+-----------------+-------+
|      65.65      |      39.65      |      79.57      |      62.25      | 40.95 |
+-----------------+-----------------+-----------------+-----------------+-------+
+performance on validation set------+-----------------+-----------------+-------+
| Rank@1,mIoU@0.3 | Rank@1,mIoU@0.5 | Rank@5,mIoU@0.3 | Rank@5,mIoU@0.5 | mIoU  |
+-----------------+-----------------+-----------------+-----------------+-------+
|      17.74      |       6.13      |      51.94      |      27.42      | 13.64 |
+-----------------+-----------------+-----------------+-----------------+-------+
+performance on testing set---------+-----------------+-----------------+------+
| Rank@1,mIoU@0.3 | Rank@1,mIoU@0.5 | Rank@5,mIoU@0.3 | Rank@5,mIoU@0.5 | mIoU |
+-----------------+-----------------+-----------------+-----------------+------+
|       0.00      |       0.00      |       0.00      |       0.00      | 0.00 |
+-----------------+-----------------+-----------------+-----------------+------+

2026-04-22 23:27:19,423 
iter: 14750 train loss 0.2205 val loss 0.2742 test loss 0.0687
+performance on training set--------+-----------------+-----------------+-------+
| Rank@1,mIoU@0.3 | Rank@1,mIoU@0.5 | Rank@5,mIoU@0.3 | Rank@5,mIoU@0.5 | mIoU  |
+-----------------+-----------------+-----------------+-----------------+-------+
|      65.93      |      40.08      |      79.49      |      62.72      | 41.06 |
+-----------------+-----------------+-----------------+-----------------+-------+
+performance on validation set------+-----------------+-----------------+-------+
| Rank@1,mIoU@0.3 | Rank@1,mIoU@0.5 | Rank@5,mIoU@0.3 | Rank@5,mIoU@0.5 | mIoU  |
+-----------------+-----------------+-----------------+-----------------+-------+
|      18.39      |       6.77      |      51.29      |      25.81      | 14.01 |
+-----------------+-----------------+-----------------+-----------------+-------+
+performance on testing set---------+-----------------+-----------------+------+
| Rank@1,mIoU@0.3 | Rank@1,mIoU@0.5 | Rank@5,mIoU@0.3 | Rank@5,mIoU@0.5 | mIoU |
+-----------------+-----------------+-----------------+-----------------+------+
|       0.00      |       0.00      |       0.00      |       0.00      | 0.00 |
+-----------------+-----------------+-----------------+-----------------+------+

2026-04-22 23:31:18,434 
iter: 15000 train loss 0.2180 val loss 0.2716 test loss 0.0637
+performance on training set--------+-----------------+-----------------+-------+
| Rank@1,mIoU@0.3 | Rank@1,mIoU@0.5 | Rank@5,mIoU@0.3 | Rank@5,mIoU@0.5 | mIoU  |
+-----------------+-----------------+-----------------+-----------------+-------+
|      66.07      |      40.11      |      79.35      |      62.78      | 41.09 |
+-----------------+-----------------+-----------------+-----------------+-------+
+performance on validation set------+-----------------+-----------------+-------+
| Rank@1,mIoU@0.3 | Rank@1,mIoU@0.5 | Rank@5,mIoU@0.3 | Rank@5,mIoU@0.5 | mIoU  |
+-----------------+-----------------+-----------------+-----------------+-------+
|      16.77      |       7.10      |      52.58      |      27.74      | 13.17 |
+-----------------+-----------------+-----------------+-----------------+-------+
+performance on testing set---------+-----------------+-----------------+------+
| Rank@1,mIoU@0.3 | Rank@1,mIoU@0.5 | Rank@5,mIoU@0.3 | Rank@5,mIoU@0.5 | mIoU |
+-----------------+-----------------+-----------------+-----------------+------+
|       0.00      |       0.00      |       0.00      |       0.00      | 0.00 |
+-----------------+-----------------+-----------------+-----------------+------+

2026-04-22 23:35:12,351 
iter: 15250 train loss 0.2207 val loss 0.2715 test loss 0.0752
+performance on training set--------+-----------------+-----------------+-------+
| Rank@1,mIoU@0.3 | Rank@1,mIoU@0.5 | Rank@5,mIoU@0.3 | Rank@5,mIoU@0.5 | mIoU  |
+-----------------+-----------------+-----------------+-----------------+-------+
|      66.19      |      40.06      |      79.27      |      62.76      | 41.21 |
+-----------------+-----------------+-----------------+-----------------+-------+
+performance on validation set------+-----------------+-----------------+-------+
| Rank@1,mIoU@0.3 | Rank@1,mIoU@0.5 | Rank@5,mIoU@0.3 | Rank@5,mIoU@0.5 | mIoU  |
+-----------------+-----------------+-----------------+-----------------+-------+
|      18.39      |       6.77      |      51.94      |      26.77      | 13.46 |
+-----------------+-----------------+-----------------+-----------------+-------+
+performance on testing set---------+-----------------+-----------------+------+
| Rank@1,mIoU@0.3 | Rank@1,mIoU@0.5 | Rank@5,mIoU@0.3 | Rank@5,mIoU@0.5 | mIoU |
+-----------------+-----------------+-----------------+-----------------+------+
|       0.00      |       0.00      |       0.00      |       0.00      | 0.00 |
+-----------------+-----------------+-----------------+-----------------+------+

2026-04-22 23:39:14,579 
iter: 15500 train loss 0.2177 val loss 0.2727 test loss 0.0658
+performance on training set--------+-----------------+-----------------+-------+
| Rank@1,mIoU@0.3 | Rank@1,mIoU@0.5 | Rank@5,mIoU@0.3 | Rank@5,mIoU@0.5 | mIoU  |
+-----------------+-----------------+-----------------+-----------------+-------+
|      66.33      |      40.38      |      79.55      |      62.83      | 41.25 |
+-----------------+-----------------+-----------------+-----------------+-------+
+performance on validation set------+-----------------+-----------------+-------+
| Rank@1,mIoU@0.3 | Rank@1,mIoU@0.5 | Rank@5,mIoU@0.3 | Rank@5,mIoU@0.5 | mIoU  |
+-----------------+-----------------+-----------------+-----------------+-------+
|      18.71      |       7.10      |      53.55      |      26.45      | 13.64 |
+-----------------+-----------------+-----------------+-----------------+-------+
+performance on testing set---------+-----------------+-----------------+------+
| Rank@1,mIoU@0.3 | Rank@1,mIoU@0.5 | Rank@5,mIoU@0.3 | Rank@5,mIoU@0.5 | mIoU |
+-----------------+-----------------+-----------------+-----------------+------+
|       0.00      |       0.00      |       0.00      |       0.00      | 0.00 |
+-----------------+-----------------+-----------------+-----------------+------+

2026-04-22 23:43:07,605 
iter: 15750 train loss 0.2181 val loss 0.2729 test loss 0.0631
+performance on training set--------+-----------------+-----------------+-------+
| Rank@1,mIoU@0.3 | Rank@1,mIoU@0.5 | Rank@5,mIoU@0.3 | Rank@5,mIoU@0.5 | mIoU  |
+-----------------+-----------------+-----------------+-----------------+-------+
|      66.29      |      40.61      |      79.65      |      62.78      | 41.35 |
+-----------------+-----------------+-----------------+-----------------+-------+
+performance on validation set------+-----------------+-----------------+-------+
| Rank@1,mIoU@0.3 | Rank@1,mIoU@0.5 | Rank@5,mIoU@0.3 | Rank@5,mIoU@0.5 | mIoU  |
+-----------------+-----------------+-----------------+-----------------+-------+
|      16.77      |       7.10      |      54.84      |      27.42      | 13.22 |
+-----------------+-----------------+-----------------+-----------------+-------+
+performance on testing set---------+-----------------+-----------------+------+
| Rank@1,mIoU@0.3 | Rank@1,mIoU@0.5 | Rank@5,mIoU@0.3 | Rank@5,mIoU@0.5 | mIoU |
+-----------------+-----------------+-----------------+-----------------+------+
|       0.00      |       0.00      |       0.00      |       0.00      | 0.00 |
+-----------------+-----------------+-----------------+-----------------+------+

2026-04-22 23:47:00,048 
iter: 16000 train loss 0.2182 val loss 0.2767 test loss 0.0801
+performance on training set--------+-----------------+-----------------+-------+
| Rank@1,mIoU@0.3 | Rank@1,mIoU@0.5 | Rank@5,mIoU@0.3 | Rank@5,mIoU@0.5 | mIoU  |
+-----------------+-----------------+-----------------+-----------------+-------+
|      66.33      |      40.28      |      79.74      |      63.33      | 41.29 |
+-----------------+-----------------+-----------------+-----------------+-------+
+performance on validation set------+-----------------+-----------------+-------+
| Rank@1,mIoU@0.3 | Rank@1,mIoU@0.5 | Rank@5,mIoU@0.3 | Rank@5,mIoU@0.5 | mIoU  |
+-----------------+-----------------+-----------------+-----------------+-------+
|      20.00      |       7.74      |      50.65      |      26.77      | 14.37 |
+-----------------+-----------------+-----------------+-----------------+-------+
+performance on testing set---------+-----------------+-----------------+------+
| Rank@1,mIoU@0.3 | Rank@1,mIoU@0.5 | Rank@5,mIoU@0.3 | Rank@5,mIoU@0.5 | mIoU |
+-----------------+-----------------+-----------------+-----------------+------+
|       0.00      |       0.00      |       0.00      |       0.00      | 0.00 |
+-----------------+-----------------+-----------------+-----------------+------+

2026-04-22 23:50:52,845 
iter: 16250 train loss 0.2177 val loss 0.2775 test loss 0.0656
+performance on training set--------+-----------------+-----------------+-------+
| Rank@1,mIoU@0.3 | Rank@1,mIoU@0.5 | Rank@5,mIoU@0.3 | Rank@5,mIoU@0.5 | mIoU  |
+-----------------+-----------------+-----------------+-----------------+-------+
|      66.19      |      40.22      |      79.84      |      63.03      | 41.33 |
+-----------------+-----------------+-----------------+-----------------+-------+
+performance on validation set------+-----------------+-----------------+-------+
| Rank@1,mIoU@0.3 | Rank@1,mIoU@0.5 | Rank@5,mIoU@0.3 | Rank@5,mIoU@0.5 | mIoU  |
+-----------------+-----------------+-----------------+-----------------+-------+
|      21.29      |       9.03      |      51.61      |      26.45      | 14.77 |
+-----------------+-----------------+-----------------+-----------------+-------+
+performance on testing set---------+-----------------+-----------------+------+
| Rank@1,mIoU@0.3 | Rank@1,mIoU@0.5 | Rank@5,mIoU@0.3 | Rank@5,mIoU@0.5 | mIoU |
+-----------------+-----------------+-----------------+-----------------+------+
|       0.00      |       0.00      |       0.00      |       0.00      | 0.00 |
+-----------------+-----------------+-----------------+-----------------+------+

2026-04-22 23:54:48,358 
iter: 16500 train loss 0.2174 val loss 0.2751 test loss 0.0625
+performance on training set--------+-----------------+-----------------+-------+
| Rank@1,mIoU@0.3 | Rank@1,mIoU@0.5 | Rank@5,mIoU@0.3 | Rank@5,mIoU@0.5 | mIoU  |
+-----------------+-----------------+-----------------+-----------------+-------+
|      66.52      |      40.75      |      79.77      |      63.19      | 41.49 |
+-----------------+-----------------+-----------------+-----------------+-------+
+performance on validation set------+-----------------+-----------------+-------+
| Rank@1,mIoU@0.3 | Rank@1,mIoU@0.5 | Rank@5,mIoU@0.3 | Rank@5,mIoU@0.5 | mIoU  |
+-----------------+-----------------+-----------------+-----------------+-------+
|      20.00      |       8.06      |      53.23      |      27.42      | 13.87 |
+-----------------+-----------------+-----------------+-----------------+-------+
+performance on testing set---------+-----------------+-----------------+------+
| Rank@1,mIoU@0.3 | Rank@1,mIoU@0.5 | Rank@5,mIoU@0.3 | Rank@5,mIoU@0.5 | mIoU |
+-----------------+-----------------+-----------------+-----------------+------+
|       0.00      |       0.00      |       0.00      |       0.00      | 0.00 |
+-----------------+-----------------+-----------------+-----------------+------+

2026-04-22 23:58:44,509 
iter: 16750 train loss 0.2166 val loss 0.2787 test loss 0.0758
+performance on training set--------+-----------------+-----------------+-------+
| Rank@1,mIoU@0.3 | Rank@1,mIoU@0.5 | Rank@5,mIoU@0.3 | Rank@5,mIoU@0.5 | mIoU  |
+-----------------+-----------------+-----------------+-----------------+-------+
|      66.87      |      41.09      |      79.68      |      63.42      | 41.58 |
+-----------------+-----------------+-----------------+-----------------+-------+
+performance on validation set------+-----------------+-----------------+-------+
| Rank@1,mIoU@0.3 | Rank@1,mIoU@0.5 | Rank@5,mIoU@0.3 | Rank@5,mIoU@0.5 | mIoU  |
+-----------------+-----------------+-----------------+-----------------+-------+
|      19.03      |       9.35      |      48.71      |      24.19      | 14.73 |
+-----------------+-----------------+-----------------+-----------------+-------+
+performance on testing set---------+-----------------+-----------------+------+
| Rank@1,mIoU@0.3 | Rank@1,mIoU@0.5 | Rank@5,mIoU@0.3 | Rank@5,mIoU@0.5 | mIoU |
+-----------------+-----------------+-----------------+-----------------+------+
|       0.00      |       0.00      |       0.00      |       0.00      | 0.00 |
+-----------------+-----------------+-----------------+-----------------+------+

2026-04-23 00:02:48,452 
iter: 17000 train loss 0.2152 val loss 0.2799 test loss 0.0802
+performance on training set--------+-----------------+-----------------+-------+
| Rank@1,mIoU@0.3 | Rank@1,mIoU@0.5 | Rank@5,mIoU@0.3 | Rank@5,mIoU@0.5 | mIoU  |
+-----------------+-----------------+-----------------+-----------------+-------+
|      66.47      |      40.19      |      79.64      |      63.03      | 41.26 |
+-----------------+-----------------+-----------------+-----------------+-------+
+performance on validation set------+-----------------+-----------------+-------+
| Rank@1,mIoU@0.3 | Rank@1,mIoU@0.5 | Rank@5,mIoU@0.3 | Rank@5,mIoU@0.5 | mIoU  |
+-----------------+-----------------+-----------------+-----------------+-------+
|      19.03      |       9.35      |      52.58      |      26.13      | 14.85 |
+-----------------+-----------------+-----------------+-----------------+-------+
+performance on testing set---------+-----------------+-----------------+------+
| Rank@1,mIoU@0.3 | Rank@1,mIoU@0.5 | Rank@5,mIoU@0.3 | Rank@5,mIoU@0.5 | mIoU |
+-----------------+-----------------+-----------------+-----------------+------+
|       0.00      |       0.00      |       0.00      |       0.00      | 0.00 |
+-----------------+-----------------+-----------------+-----------------+------+

2026-04-23 00:06:49,660 
iter: 17250 train loss 0.2172 val loss 0.2761 test loss 0.0658
+performance on training set--------+-----------------+-----------------+-------+
| Rank@1,mIoU@0.3 | Rank@1,mIoU@0.5 | Rank@5,mIoU@0.3 | Rank@5,mIoU@0.5 | mIoU  |
+-----------------+-----------------+-----------------+-----------------+-------+
|      66.95      |      41.20      |      80.04      |      63.53      | 41.74 |
+-----------------+-----------------+-----------------+-----------------+-------+
+performance on validation set------+-----------------+-----------------+-------+
| Rank@1,mIoU@0.3 | Rank@1,mIoU@0.5 | Rank@5,mIoU@0.3 | Rank@5,mIoU@0.5 | mIoU  |
+-----------------+-----------------+-----------------+-----------------+-------+
|      19.03      |       9.03      |      50.97      |      26.45      | 14.15 |
+-----------------+-----------------+-----------------+-----------------+-------+
+performance on testing set---------+-----------------+-----------------+------+
| Rank@1,mIoU@0.3 | Rank@1,mIoU@0.5 | Rank@5,mIoU@0.3 | Rank@5,mIoU@0.5 | mIoU |
+-----------------+-----------------+-----------------+-----------------+------+
|       0.00      |       0.00      |       0.00      |       0.00      | 0.00 |
+-----------------+-----------------+-----------------+-----------------+------+

2026-04-23 00:10:47,789 
iter: 17500 train loss 0.2149 val loss 0.2798 test loss 0.0711
+performance on training set--------+-----------------+-----------------+-------+
| Rank@1,mIoU@0.3 | Rank@1,mIoU@0.5 | Rank@5,mIoU@0.3 | Rank@5,mIoU@0.5 | mIoU  |
+-----------------+-----------------+-----------------+-----------------+-------+
|      66.93      |      40.31      |      79.93      |      63.42      | 41.48 |
+-----------------+-----------------+-----------------+-----------------+-------+
+performance on validation set------+-----------------+-----------------+-------+
| Rank@1,mIoU@0.3 | Rank@1,mIoU@0.5 | Rank@5,mIoU@0.3 | Rank@5,mIoU@0.5 | mIoU  |
+-----------------+-----------------+-----------------+-----------------+-------+
|      19.35      |       8.39      |      50.65      |      25.16      | 14.46 |
+-----------------+-----------------+-----------------+-----------------+-------+
+performance on testing set---------+-----------------+-----------------+------+
| Rank@1,mIoU@0.3 | Rank@1,mIoU@0.5 | Rank@5,mIoU@0.3 | Rank@5,mIoU@0.5 | mIoU |
+-----------------+-----------------+-----------------+-----------------+------+
|       0.00      |       0.00      |       0.00      |       0.00      | 0.00 |
+-----------------+-----------------+-----------------+-----------------+------+

2026-04-23 00:14:54,421 
iter: 17750 train loss 0.2144 val loss 0.2798 test loss 0.0716
+performance on training set--------+-----------------+-----------------+-------+
| Rank@1,mIoU@0.3 | Rank@1,mIoU@0.5 | Rank@5,mIoU@0.3 | Rank@5,mIoU@0.5 | mIoU  |
+-----------------+-----------------+-----------------+-----------------+-------+
|      67.10      |      40.93      |      79.95      |      63.53      | 41.67 |
+-----------------+-----------------+-----------------+-----------------+-------+
+performance on validation set------+-----------------+-----------------+-------+
| Rank@1,mIoU@0.3 | Rank@1,mIoU@0.5 | Rank@5,mIoU@0.3 | Rank@5,mIoU@0.5 | mIoU  |
+-----------------+-----------------+-----------------+-----------------+-------+
|      19.35      |       9.03      |      52.58      |      26.45      | 14.34 |
+-----------------+-----------------+-----------------+-----------------+-------+
+performance on testing set---------+-----------------+-----------------+------+
| Rank@1,mIoU@0.3 | Rank@1,mIoU@0.5 | Rank@5,mIoU@0.3 | Rank@5,mIoU@0.5 | mIoU |
+-----------------+-----------------+-----------------+-----------------+------+
|       0.00      |       0.00      |       0.00      |       0.00      | 0.00 |
+-----------------+-----------------+-----------------+-----------------+------+

2026-04-23 00:18:59,645 
iter: 18000 train loss 0.2164 val loss 0.2805 test loss 0.0772
+performance on training set--------+-----------------+-----------------+-------+
| Rank@1,mIoU@0.3 | Rank@1,mIoU@0.5 | Rank@5,mIoU@0.3 | Rank@5,mIoU@0.5 | mIoU  |
+-----------------+-----------------+-----------------+-----------------+-------+
|      67.19      |      40.74      |      79.95      |      63.75      | 41.58 |
+-----------------+-----------------+-----------------+-----------------+-------+
+performance on validation set------+-----------------+-----------------+-------+
| Rank@1,mIoU@0.3 | Rank@1,mIoU@0.5 | Rank@5,mIoU@0.3 | Rank@5,mIoU@0.5 | mIoU  |
+-----------------+-----------------+-----------------+-----------------+-------+
|      19.35      |       9.35      |      50.97      |      28.39      | 14.53 |
+-----------------+-----------------+-----------------+-----------------+-------+
+performance on testing set---------+-----------------+-----------------+------+
| Rank@1,mIoU@0.3 | Rank@1,mIoU@0.5 | Rank@5,mIoU@0.3 | Rank@5,mIoU@0.5 | mIoU |
+-----------------+-----------------+-----------------+-----------------+------+
|       0.00      |       0.00      |       0.00      |       0.00      | 0.00 |
+-----------------+-----------------+-----------------+-----------------+------+

2026-04-23 00:23:02,355 
iter: 18250 train loss 0.2138 val loss 0.2818 test loss 0.0798
+performance on training set--------+-----------------+-----------------+-------+
| Rank@1,mIoU@0.3 | Rank@1,mIoU@0.5 | Rank@5,mIoU@0.3 | Rank@5,mIoU@0.5 | mIoU  |
+-----------------+-----------------+-----------------+-----------------+-------+
|      67.02      |      40.83      |      80.03      |      63.79      | 41.57 |
+-----------------+-----------------+-----------------+-----------------+-------+
+performance on validation set------+-----------------+-----------------+-------+
| Rank@1,mIoU@0.3 | Rank@1,mIoU@0.5 | Rank@5,mIoU@0.3 | Rank@5,mIoU@0.5 | mIoU  |
+-----------------+-----------------+-----------------+-----------------+-------+
|      18.39      |       8.06      |      50.65      |      26.13      | 14.41 |
+-----------------+-----------------+-----------------+-----------------+-------+
+performance on testing set---------+-----------------+-----------------+------+
| Rank@1,mIoU@0.3 | Rank@1,mIoU@0.5 | Rank@5,mIoU@0.3 | Rank@5,mIoU@0.5 | mIoU |
+-----------------+-----------------+-----------------+-----------------+------+
|       0.00      |       0.00      |       0.00      |       0.00      | 0.00 |
+-----------------+-----------------+-----------------+-----------------+------+

2026-04-23 00:26:58,390 
iter: 18500 train loss 0.2150 val loss 0.2804 test loss 0.0786
+performance on training set--------+-----------------+-----------------+-------+
| Rank@1,mIoU@0.3 | Rank@1,mIoU@0.5 | Rank@5,mIoU@0.3 | Rank@5,mIoU@0.5 | mIoU  |
+-----------------+-----------------+-----------------+-----------------+-------+
|      67.03      |      40.59      |      80.00      |      63.87      | 41.57 |
+-----------------+-----------------+-----------------+-----------------+-------+
+performance on validation set------+-----------------+-----------------+-------+
| Rank@1,mIoU@0.3 | Rank@1,mIoU@0.5 | Rank@5,mIoU@0.3 | Rank@5,mIoU@0.5 | mIoU  |
+-----------------+-----------------+-----------------+-----------------+-------+
|      18.71      |       9.68      |      52.90      |      26.45      | 14.53 |
+-----------------+-----------------+-----------------+-----------------+-------+
+performance on testing set---------+-----------------+-----------------+------+
| Rank@1,mIoU@0.3 | Rank@1,mIoU@0.5 | Rank@5,mIoU@0.3 | Rank@5,mIoU@0.5 | mIoU |
+-----------------+-----------------+-----------------+-----------------+------+
|       0.00      |       0.00      |       0.00      |       0.00      | 0.00 |
+-----------------+-----------------+-----------------+-----------------+------+

2026-04-23 00:30:51,575 
iter: 18750 train loss 0.2126 val loss 0.2804 test loss 0.0670
+performance on training set--------+-----------------+-----------------+-------+
| Rank@1,mIoU@0.3 | Rank@1,mIoU@0.5 | Rank@5,mIoU@0.3 | Rank@5,mIoU@0.5 | mIoU  |
+-----------------+-----------------+-----------------+-----------------+-------+
|      67.24      |      41.43      |      80.21      |      63.94      | 41.91 |
+-----------------+-----------------+-----------------+-----------------+-------+
+performance on validation set------+-----------------+-----------------+-------+
| Rank@1,mIoU@0.3 | Rank@1,mIoU@0.5 | Rank@5,mIoU@0.3 | Rank@5,mIoU@0.5 | mIoU  |
+-----------------+-----------------+-----------------+-----------------+-------+
|      20.65      |       8.71      |      52.58      |      25.81      | 14.78 |
+-----------------+-----------------+-----------------+-----------------+-------+
+performance on testing set---------+-----------------+-----------------+------+
| Rank@1,mIoU@0.3 | Rank@1,mIoU@0.5 | Rank@5,mIoU@0.3 | Rank@5,mIoU@0.5 | mIoU |
+-----------------+-----------------+-----------------+-----------------+------+
|       0.00      |       0.00      |       0.00      |       0.00      | 0.00 |
+-----------------+-----------------+-----------------+-----------------+------+

2026-04-23 00:34:44,391 
iter: 19000 train loss 0.2135 val loss 0.2807 test loss 0.0742
+performance on training set--------+-----------------+-----------------+-------+
| Rank@1,mIoU@0.3 | Rank@1,mIoU@0.5 | Rank@5,mIoU@0.3 | Rank@5,mIoU@0.5 | mIoU  |
+-----------------+-----------------+-----------------+-----------------+-------+
|      67.50      |      41.88      |      80.15      |      64.36      | 42.06 |
+-----------------+-----------------+-----------------+-----------------+-------+
+performance on validation set------+-----------------+-----------------+-------+
| Rank@1,mIoU@0.3 | Rank@1,mIoU@0.5 | Rank@5,mIoU@0.3 | Rank@5,mIoU@0.5 | mIoU  |
+-----------------+-----------------+-----------------+-----------------+-------+
|      20.97      |       9.03      |      50.32      |      25.16      | 14.79 |
+-----------------+-----------------+-----------------+-----------------+-------+
+performance on testing set---------+-----------------+-----------------+------+
| Rank@1,mIoU@0.3 | Rank@1,mIoU@0.5 | Rank@5,mIoU@0.3 | Rank@5,mIoU@0.5 | mIoU |
+-----------------+-----------------+-----------------+-----------------+------+
|       0.00      |       0.00      |       0.00      |       0.00      | 0.00 |
+-----------------+-----------------+-----------------+-----------------+------+

2026-04-23 00:38:38,768 
iter: 19250 train loss 0.2123 val loss 0.2833 test loss 0.0743
+performance on training set--------+-----------------+-----------------+-------+
| Rank@1,mIoU@0.3 | Rank@1,mIoU@0.5 | Rank@5,mIoU@0.3 | Rank@5,mIoU@0.5 | mIoU  |
+-----------------+-----------------+-----------------+-----------------+-------+
|      67.49      |      41.73      |      80.11      |      64.38      | 41.98 |
+-----------------+-----------------+-----------------+-----------------+-------+
+performance on validation set------+-----------------+-----------------+-------+
| Rank@1,mIoU@0.3 | Rank@1,mIoU@0.5 | Rank@5,mIoU@0.3 | Rank@5,mIoU@0.5 | mIoU  |
+-----------------+-----------------+-----------------+-----------------+-------+
|      18.39      |       8.71      |      48.71      |      25.81      | 14.49 |
+-----------------+-----------------+-----------------+-----------------+-------+
+performance on testing set---------+-----------------+-----------------+------+
| Rank@1,mIoU@0.3 | Rank@1,mIoU@0.5 | Rank@5,mIoU@0.3 | Rank@5,mIoU@0.5 | mIoU |
+-----------------+-----------------+-----------------+-----------------+------+
|       0.00      |       0.00      |       0.00      |       0.00      | 0.00 |
+-----------------+-----------------+-----------------+-----------------+------+

2026-04-23 00:42:31,991 
iter: 19500 train loss 0.2144 val loss 0.2784 test loss 0.0690
+performance on training set--------+-----------------+-----------------+-------+
| Rank@1,mIoU@0.3 | Rank@1,mIoU@0.5 | Rank@5,mIoU@0.3 | Rank@5,mIoU@0.5 | mIoU  |
+-----------------+-----------------+-----------------+-----------------+-------+
|      67.71      |      41.73      |      80.35      |      64.38      | 42.05 |
+-----------------+-----------------+-----------------+-----------------+-------+
+performance on validation set------+-----------------+-----------------+-------+
| Rank@1,mIoU@0.3 | Rank@1,mIoU@0.5 | Rank@5,mIoU@0.3 | Rank@5,mIoU@0.5 | mIoU  |
+-----------------+-----------------+-----------------+-----------------+-------+
|      19.03      |       8.71      |      49.68      |      25.16      | 14.29 |
+-----------------+-----------------+-----------------+-----------------+-------+
+performance on testing set---------+-----------------+-----------------+------+
| Rank@1,mIoU@0.3 | Rank@1,mIoU@0.5 | Rank@5,mIoU@0.3 | Rank@5,mIoU@0.5 | mIoU |
+-----------------+-----------------+-----------------+-----------------+------+
|       0.00      |       0.00      |       0.00      |       0.00      | 0.00 |
+-----------------+-----------------+-----------------+-----------------+------+

2026-04-23 00:46:22,919 
iter: 19750 train loss 0.2134 val loss 0.2872 test loss 0.0825
+performance on training set--------+-----------------+-----------------+-------+
| Rank@1,mIoU@0.3 | Rank@1,mIoU@0.5 | Rank@5,mIoU@0.3 | Rank@5,mIoU@0.5 | mIoU  |
+-----------------+-----------------+-----------------+-----------------+-------+
|      67.23      |      40.95      |      79.99      |      64.29      | 41.69 |
+-----------------+-----------------+-----------------+-----------------+-------+
+performance on validation set------+-----------------+-----------------+-------+
| Rank@1,mIoU@0.3 | Rank@1,mIoU@0.5 | Rank@5,mIoU@0.3 | Rank@5,mIoU@0.5 | mIoU  |
+-----------------+-----------------+-----------------+-----------------+-------+
|      19.35      |       7.74      |      52.26      |      24.52      | 14.40 |
+-----------------+-----------------+-----------------+-----------------+-------+
+performance on testing set---------+-----------------+-----------------+------+
| Rank@1,mIoU@0.3 | Rank@1,mIoU@0.5 | Rank@5,mIoU@0.3 | Rank@5,mIoU@0.5 | mIoU |
+-----------------+-----------------+-----------------+-----------------+------+
|       0.00      |       0.00      |       0.00      |       0.00      | 0.00 |
+-----------------+-----------------+-----------------+-----------------+------+

2026-04-23 00:50:15,379 
iter: 20000 train loss 0.2116 val loss 0.2773 test loss 0.0675
+performance on training set--------+-----------------+-----------------+-------+
| Rank@1,mIoU@0.3 | Rank@1,mIoU@0.5 | Rank@5,mIoU@0.3 | Rank@5,mIoU@0.5 | mIoU  |
+-----------------+-----------------+-----------------+-----------------+-------+
|      67.85      |      41.73      |      80.25      |      64.43      | 42.21 |
+-----------------+-----------------+-----------------+-----------------+-------+
+performance on validation set------+-----------------+-----------------+-------+
| Rank@1,mIoU@0.3 | Rank@1,mIoU@0.5 | Rank@5,mIoU@0.3 | Rank@5,mIoU@0.5 | mIoU  |
+-----------------+-----------------+-----------------+-----------------+-------+
|      19.68      |       8.71      |      50.00      |      27.74      | 14.15 |
+-----------------+-----------------+-----------------+-----------------+-------+
+performance on testing set---------+-----------------+-----------------+------+
| Rank@1,mIoU@0.3 | Rank@1,mIoU@0.5 | Rank@5,mIoU@0.3 | Rank@5,mIoU@0.5 | mIoU |
+-----------------+-----------------+-----------------+-----------------+------+
|       0.00      |       0.00      |       0.00      |       0.00      | 0.00 |
+-----------------+-----------------+-----------------+-----------------+------+

2026-04-23 00:54:07,000 
iter: 20250 train loss 0.2122 val loss 0.2788 test loss 0.0689
+performance on training set--------+-----------------+-----------------+-------+
| Rank@1,mIoU@0.3 | Rank@1,mIoU@0.5 | Rank@5,mIoU@0.3 | Rank@5,mIoU@0.5 | mIoU  |
+-----------------+-----------------+-----------------+-----------------+-------+
|      67.70      |      41.95      |      80.45      |      64.45      | 42.19 |
+-----------------+-----------------+-----------------+-----------------+-------+
+performance on validation set------+-----------------+-----------------+-------+
| Rank@1,mIoU@0.3 | Rank@1,mIoU@0.5 | Rank@5,mIoU@0.3 | Rank@5,mIoU@0.5 | mIoU  |
+-----------------+-----------------+-----------------+-----------------+-------+
|      20.00      |       9.03      |      50.97      |      24.84      | 14.09 |
+-----------------+-----------------+-----------------+-----------------+-------+
+performance on testing set---------+-----------------+-----------------+------+
| Rank@1,mIoU@0.3 | Rank@1,mIoU@0.5 | Rank@5,mIoU@0.3 | Rank@5,mIoU@0.5 | mIoU |
+-----------------+-----------------+-----------------+-----------------+------+
|       0.00      |       0.00      |       0.00      |       0.00      | 0.00 |
+-----------------+-----------------+-----------------+-----------------+------+

2026-04-23 00:58:01,909 
iter: 20500 train loss 0.2117 val loss 0.2845 test loss 0.0773
+performance on training set--------+-----------------+-----------------+-------+
| Rank@1,mIoU@0.3 | Rank@1,mIoU@0.5 | Rank@5,mIoU@0.3 | Rank@5,mIoU@0.5 | mIoU  |
+-----------------+-----------------+-----------------+-----------------+-------+
|      67.59      |      41.31      |      80.24      |      64.72      | 41.92 |
+-----------------+-----------------+-----------------+-----------------+-------+
+performance on validation set------+-----------------+-----------------+-------+
| Rank@1,mIoU@0.3 | Rank@1,mIoU@0.5 | Rank@5,mIoU@0.3 | Rank@5,mIoU@0.5 | mIoU  |
+-----------------+-----------------+-----------------+-----------------+-------+
|      20.65      |       9.03      |      50.32      |      24.84      | 14.88 |
+-----------------+-----------------+-----------------+-----------------+-------+
+performance on testing set---------+-----------------+-----------------+------+
| Rank@1,mIoU@0.3 | Rank@1,mIoU@0.5 | Rank@5,mIoU@0.3 | Rank@5,mIoU@0.5 | mIoU |
+-----------------+-----------------+-----------------+-----------------+------+
|       0.00      |       0.00      |       0.00      |       0.00      | 0.00 |
+-----------------+-----------------+-----------------+-----------------+------+

2026-04-23 01:01:56,779 
iter: 20750 train loss 0.2095 val loss 0.2848 test loss 0.0773
+performance on training set--------+-----------------+-----------------+-------+
| Rank@1,mIoU@0.3 | Rank@1,mIoU@0.5 | Rank@5,mIoU@0.3 | Rank@5,mIoU@0.5 | mIoU  |
+-----------------+-----------------+-----------------+-----------------+-------+
|      67.75      |      41.51      |      80.23      |      64.70      | 42.05 |
+-----------------+-----------------+-----------------+-----------------+-------+
+performance on validation set------+-----------------+-----------------+-------+
| Rank@1,mIoU@0.3 | Rank@1,mIoU@0.5 | Rank@5,mIoU@0.3 | Rank@5,mIoU@0.5 | mIoU  |
+-----------------+-----------------+-----------------+-----------------+-------+
|      20.00      |       9.03      |      51.61      |      25.48      | 15.02 |
+-----------------+-----------------+-----------------+-----------------+-------+
+performance on testing set---------+-----------------+-----------------+------+
| Rank@1,mIoU@0.3 | Rank@1,mIoU@0.5 | Rank@5,mIoU@0.3 | Rank@5,mIoU@0.5 | mIoU |
+-----------------+-----------------+-----------------+-----------------+------+
|       0.00      |       0.00      |       0.00      |       0.00      | 0.00 |
+-----------------+-----------------+-----------------+-----------------+------+

2026-04-23 01:05:49,578 
iter: 21000 train loss 0.2143 val loss 0.2857 test loss 0.0796
+performance on training set--------+-----------------+-----------------+-------+
| Rank@1,mIoU@0.3 | Rank@1,mIoU@0.5 | Rank@5,mIoU@0.3 | Rank@5,mIoU@0.5 | mIoU  |
+-----------------+-----------------+-----------------+-----------------+-------+
|      67.73      |      41.24      |      80.33      |      64.55      | 41.89 |
+-----------------+-----------------+-----------------+-----------------+-------+
+performance on validation set------+-----------------+-----------------+-------+
| Rank@1,mIoU@0.3 | Rank@1,mIoU@0.5 | Rank@5,mIoU@0.3 | Rank@5,mIoU@0.5 | mIoU  |
+-----------------+-----------------+-----------------+-----------------+-------+
|      20.00      |       8.71      |      50.00      |      23.87      | 14.55 |
+-----------------+-----------------+-----------------+-----------------+-------+
+performance on testing set---------+-----------------+-----------------+------+
| Rank@1,mIoU@0.3 | Rank@1,mIoU@0.5 | Rank@5,mIoU@0.3 | Rank@5,mIoU@0.5 | mIoU |
+-----------------+-----------------+-----------------+-----------------+------+
|       0.00      |       0.00      |       0.00      |       0.00      | 0.00 |
+-----------------+-----------------+-----------------+-----------------+------+

2026-04-23 01:09:41,920 
iter: 21250 train loss 0.2102 val loss 0.2827 test loss 0.0699
+performance on training set--------+-----------------+-----------------+-------+
| Rank@1,mIoU@0.3 | Rank@1,mIoU@0.5 | Rank@5,mIoU@0.3 | Rank@5,mIoU@0.5 | mIoU  |
+-----------------+-----------------+-----------------+-----------------+-------+
|      67.90      |      41.54      |      80.33      |      64.75      | 42.11 |
+-----------------+-----------------+-----------------+-----------------+-------+
+performance on validation set------+-----------------+-----------------+-------+
| Rank@1,mIoU@0.3 | Rank@1,mIoU@0.5 | Rank@5,mIoU@0.3 | Rank@5,mIoU@0.5 | mIoU  |
+-----------------+-----------------+-----------------+-----------------+-------+
|      19.68      |       8.71      |      49.35      |      25.16      | 14.62 |
+-----------------+-----------------+-----------------+-----------------+-------+
+performance on testing set---------+-----------------+-----------------+------+
| Rank@1,mIoU@0.3 | Rank@1,mIoU@0.5 | Rank@5,mIoU@0.3 | Rank@5,mIoU@0.5 | mIoU |
+-----------------+-----------------+-----------------+-----------------+------+
|       0.00      |       0.00      |       0.00      |       0.00      | 0.00 |
+-----------------+-----------------+-----------------+-----------------+------+

2026-04-23 01:13:34,444 
iter: 21500 train loss 0.2094 val loss 0.2835 test loss 0.0721
+performance on training set--------+-----------------+-----------------+-------+
| Rank@1,mIoU@0.3 | Rank@1,mIoU@0.5 | Rank@5,mIoU@0.3 | Rank@5,mIoU@0.5 | mIoU  |
+-----------------+-----------------+-----------------+-----------------+-------+
|      68.35      |      42.19      |      80.36      |      64.94      | 42.30 |
+-----------------+-----------------+-----------------+-----------------+-------+
+performance on validation set------+-----------------+-----------------+-------+
| Rank@1,mIoU@0.3 | Rank@1,mIoU@0.5 | Rank@5,mIoU@0.3 | Rank@5,mIoU@0.5 | mIoU  |
+-----------------+-----------------+-----------------+-----------------+-------+
|      19.03      |       9.35      |      49.35      |      25.16      | 14.63 |
+-----------------+-----------------+-----------------+-----------------+-------+
+performance on testing set---------+-----------------+-----------------+------+
| Rank@1,mIoU@0.3 | Rank@1,mIoU@0.5 | Rank@5,mIoU@0.3 | Rank@5,mIoU@0.5 | mIoU |
+-----------------+-----------------+-----------------+-----------------+------+
|       0.00      |       0.00      |       0.00      |       0.00      | 0.00 |
+-----------------+-----------------+-----------------+-----------------+------+

2026-04-23 01:17:25,735 
iter: 21750 train loss 0.2113 val loss 0.2823 test loss 0.0739
+performance on training set--------+-----------------+-----------------+-------+
| Rank@1,mIoU@0.3 | Rank@1,mIoU@0.5 | Rank@5,mIoU@0.3 | Rank@5,mIoU@0.5 | mIoU  |
+-----------------+-----------------+-----------------+-----------------+-------+
|      68.11      |      42.01      |      80.30      |      64.87      | 42.27 |
+-----------------+-----------------+-----------------+-----------------+-------+
+performance on validation set------+-----------------+-----------------+-------+
| Rank@1,mIoU@0.3 | Rank@1,mIoU@0.5 | Rank@5,mIoU@0.3 | Rank@5,mIoU@0.5 | mIoU  |
+-----------------+-----------------+-----------------+-----------------+-------+
|      20.32      |       8.71      |      50.00      |      24.19      | 14.53 |
+-----------------+-----------------+-----------------+-----------------+-------+
+performance on testing set---------+-----------------+-----------------+------+
| Rank@1,mIoU@0.3 | Rank@1,mIoU@0.5 | Rank@5,mIoU@0.3 | Rank@5,mIoU@0.5 | mIoU |
+-----------------+-----------------+-----------------+-----------------+------+
|       0.00      |       0.00      |       0.00      |       0.00      | 0.00 |
+-----------------+-----------------+-----------------+-----------------+------+

2026-04-23 01:21:20,239 
iter: 22000 train loss 0.2096 val loss 0.2867 test loss 0.0813
+performance on training set--------+-----------------+-----------------+-------+
| Rank@1,mIoU@0.3 | Rank@1,mIoU@0.5 | Rank@5,mIoU@0.3 | Rank@5,mIoU@0.5 | mIoU  |
+-----------------+-----------------+-----------------+-----------------+-------+
|      68.11      |      42.01      |      80.33      |      64.72      | 42.17 |
+-----------------+-----------------+-----------------+-----------------+-------+
+performance on validation set------+-----------------+-----------------+-------+
| Rank@1,mIoU@0.3 | Rank@1,mIoU@0.5 | Rank@5,mIoU@0.3 | Rank@5,mIoU@0.5 | mIoU  |
+-----------------+-----------------+-----------------+-----------------+-------+
|      19.35      |       9.03      |      50.32      |      26.13      | 14.74 |
+-----------------+-----------------+-----------------+-----------------+-------+
+performance on testing set---------+-----------------+-----------------+------+
| Rank@1,mIoU@0.3 | Rank@1,mIoU@0.5 | Rank@5,mIoU@0.3 | Rank@5,mIoU@0.5 | mIoU |
+-----------------+-----------------+-----------------+-----------------+------+
|       0.00      |       0.00      |       0.00      |       0.00      | 0.00 |
+-----------------+-----------------+-----------------+-----------------+------+

2026-04-23 01:25:14,393 
iter: 22250 train loss 0.2122 val loss 0.2873 test loss 0.0801
+performance on training set--------+-----------------+-----------------+-------+
| Rank@1,mIoU@0.3 | Rank@1,mIoU@0.5 | Rank@5,mIoU@0.3 | Rank@5,mIoU@0.5 | mIoU  |
+-----------------+-----------------+-----------------+-----------------+-------+
|      68.10      |      41.58      |      80.38      |      64.90      | 42.09 |
+-----------------+-----------------+-----------------+-----------------+-------+
+performance on validation set------+-----------------+-----------------+-------+
| Rank@1,mIoU@0.3 | Rank@1,mIoU@0.5 | Rank@5,mIoU@0.3 | Rank@5,mIoU@0.5 | mIoU  |
+-----------------+-----------------+-----------------+-----------------+-------+
|      20.32      |       8.39      |      51.29      |      24.19      | 14.36 |
+-----------------+-----------------+-----------------+-----------------+-------+
+performance on testing set---------+-----------------+-----------------+------+
| Rank@1,mIoU@0.3 | Rank@1,mIoU@0.5 | Rank@5,mIoU@0.3 | Rank@5,mIoU@0.5 | mIoU |
+-----------------+-----------------+-----------------+-----------------+------+
|       0.00      |       0.00      |       0.00      |       0.00      | 0.00 |
+-----------------+-----------------+-----------------+-----------------+------+

2026-04-23 01:29:09,734 
iter: 22500 train loss 0.2094 val loss 0.2845 test loss 0.0698
+performance on training set--------+-----------------+-----------------+-------+
| Rank@1,mIoU@0.3 | Rank@1,mIoU@0.5 | Rank@5,mIoU@0.3 | Rank@5,mIoU@0.5 | mIoU  |
+-----------------+-----------------+-----------------+-----------------+-------+
|      68.34      |      42.29      |      80.54      |      64.85      | 42.40 |
+-----------------+-----------------+-----------------+-----------------+-------+
+performance on validation set------+-----------------+-----------------+-------+
| Rank@1,mIoU@0.3 | Rank@1,mIoU@0.5 | Rank@5,mIoU@0.3 | Rank@5,mIoU@0.5 | mIoU  |
+-----------------+-----------------+-----------------+-----------------+-------+
|      20.32      |       9.68      |      49.03      |      25.16      | 14.74 |
+-----------------+-----------------+-----------------+-----------------+-------+
+performance on testing set---------+-----------------+-----------------+------+
| Rank@1,mIoU@0.3 | Rank@1,mIoU@0.5 | Rank@5,mIoU@0.3 | Rank@5,mIoU@0.5 | mIoU |
+-----------------+-----------------+-----------------+-----------------+------+
|       0.00      |       0.00      |       0.00      |       0.00      | 0.00 |
+-----------------+-----------------+-----------------+-----------------+------+

2026-04-23 01:33:11,216 
iter: 22750 train loss 0.2084 val loss 0.2834 test loss 0.0674
+performance on training set--------+-----------------+-----------------+-------+
| Rank@1,mIoU@0.3 | Rank@1,mIoU@0.5 | Rank@5,mIoU@0.3 | Rank@5,mIoU@0.5 | mIoU  |
+-----------------+-----------------+-----------------+-----------------+-------+
|      68.62      |      42.60      |      80.59      |      65.07      | 42.62 |
+-----------------+-----------------+-----------------+-----------------+-------+
+performance on validation set------+-----------------+-----------------+-------+
| Rank@1,mIoU@0.3 | Rank@1,mIoU@0.5 | Rank@5,mIoU@0.3 | Rank@5,mIoU@0.5 | mIoU  |
+-----------------+-----------------+-----------------+-----------------+-------+
|      19.03      |       9.03      |      48.06      |      26.13      | 14.43 |
+-----------------+-----------------+-----------------+-----------------+-------+
+performance on testing set---------+-----------------+-----------------+------+
| Rank@1,mIoU@0.3 | Rank@1,mIoU@0.5 | Rank@5,mIoU@0.3 | Rank@5,mIoU@0.5 | mIoU |
+-----------------+-----------------+-----------------+-----------------+------+
|       0.00      |       0.00      |       0.00      |       0.00      | 0.00 |
+-----------------+-----------------+-----------------+-----------------+------+

2026-04-23 01:37:12,815 
iter: 23000 train loss 0.2106 val loss 0.2830 test loss 0.0723
+performance on training set--------+-----------------+-----------------+-------+
| Rank@1,mIoU@0.3 | Rank@1,mIoU@0.5 | Rank@5,mIoU@0.3 | Rank@5,mIoU@0.5 | mIoU  |
+-----------------+-----------------+-----------------+-----------------+-------+
|      68.47      |      42.26      |      80.44      |      65.04      | 42.49 |
+-----------------+-----------------+-----------------+-----------------+-------+
+performance on validation set------+-----------------+-----------------+-------+
| Rank@1,mIoU@0.3 | Rank@1,mIoU@0.5 | Rank@5,mIoU@0.3 | Rank@5,mIoU@0.5 | mIoU  |
+-----------------+-----------------+-----------------+-----------------+-------+
|      19.68      |       8.06      |      49.03      |      24.52      | 14.17 |
+-----------------+-----------------+-----------------+-----------------+-------+
+performance on testing set---------+-----------------+-----------------+------+
| Rank@1,mIoU@0.3 | Rank@1,mIoU@0.5 | Rank@5,mIoU@0.3 | Rank@5,mIoU@0.5 | mIoU |
+-----------------+-----------------+-----------------+-----------------+------+
|       0.00      |       0.00      |       0.00      |       0.00      | 0.00 |
+-----------------+-----------------+-----------------+-----------------+------+

2026-04-23 01:41:10,508 
iter: 23250 train loss 0.2082 val loss 0.2842 test loss 0.0698
+performance on training set--------+-----------------+-----------------+-------+
| Rank@1,mIoU@0.3 | Rank@1,mIoU@0.5 | Rank@5,mIoU@0.3 | Rank@5,mIoU@0.5 | mIoU  |
+-----------------+-----------------+-----------------+-----------------+-------+
|      68.56      |      42.60      |      80.54      |      65.35      | 42.54 |
+-----------------+-----------------+-----------------+-----------------+-------+
+performance on validation set------+-----------------+-----------------+-------+
| Rank@1,mIoU@0.3 | Rank@1,mIoU@0.5 | Rank@5,mIoU@0.3 | Rank@5,mIoU@0.5 | mIoU  |
+-----------------+-----------------+-----------------+-----------------+-------+
|      19.68      |       9.35      |      48.06      |      26.13      | 14.67 |
+-----------------+-----------------+-----------------+-----------------+-------+
+performance on testing set---------+-----------------+-----------------+------+
| Rank@1,mIoU@0.3 | Rank@1,mIoU@0.5 | Rank@5,mIoU@0.3 | Rank@5,mIoU@0.5 | mIoU |
+-----------------+-----------------+-----------------+-----------------+------+
|       0.00      |       0.00      |       0.00      |       0.00      | 0.00 |
+-----------------+-----------------+-----------------+-----------------+------+

2026-04-23 01:45:03,255 
iter: 23500 train loss 0.2100 val loss 0.2866 test loss 0.0769
+performance on training set--------+-----------------+-----------------+-------+
| Rank@1,mIoU@0.3 | Rank@1,mIoU@0.5 | Rank@5,mIoU@0.3 | Rank@5,mIoU@0.5 | mIoU  |
+-----------------+-----------------+-----------------+-----------------+-------+
|      68.45      |      42.34      |      80.36      |      65.40      | 42.47 |
+-----------------+-----------------+-----------------+-----------------+-------+
+performance on validation set------+-----------------+-----------------+-------+
| Rank@1,mIoU@0.3 | Rank@1,mIoU@0.5 | Rank@5,mIoU@0.3 | Rank@5,mIoU@0.5 | mIoU  |
+-----------------+-----------------+-----------------+-----------------+-------+
|      20.97      |       9.35      |      48.39      |      25.81      | 15.19 |
+-----------------+-----------------+-----------------+-----------------+-------+
+performance on testing set---------+-----------------+-----------------+------+
| Rank@1,mIoU@0.3 | Rank@1,mIoU@0.5 | Rank@5,mIoU@0.3 | Rank@5,mIoU@0.5 | mIoU |
+-----------------+-----------------+-----------------+-----------------+------+
|       0.00      |       0.00      |       0.00      |       0.00      | 0.00 |
+-----------------+-----------------+-----------------+-----------------+------+

2026-04-23 01:48:55,770 
iter: 23750 train loss 0.2079 val loss 0.2851 test loss 0.0647
+performance on training set--------+-----------------+-----------------+-------+
| Rank@1,mIoU@0.3 | Rank@1,mIoU@0.5 | Rank@5,mIoU@0.3 | Rank@5,mIoU@0.5 | mIoU  |
+-----------------+-----------------+-----------------+-----------------+-------+
|      68.57      |      42.97      |      80.63      |      65.32      | 42.74 |
+-----------------+-----------------+-----------------+-----------------+-------+
+performance on validation set------+-----------------+-----------------+-------+
| Rank@1,mIoU@0.3 | Rank@1,mIoU@0.5 | Rank@5,mIoU@0.3 | Rank@5,mIoU@0.5 | mIoU  |
+-----------------+-----------------+-----------------+-----------------+-------+
|      19.68      |      10.32      |      48.39      |      26.13      | 14.56 |
+-----------------+-----------------+-----------------+-----------------+-------+
+performance on testing set---------+-----------------+-----------------+------+
| Rank@1,mIoU@0.3 | Rank@1,mIoU@0.5 | Rank@5,mIoU@0.3 | Rank@5,mIoU@0.5 | mIoU |
+-----------------+-----------------+-----------------+-----------------+------+
|       0.00      |       0.00      |       0.00      |       0.00      | 0.00 |
+-----------------+-----------------+-----------------+-----------------+------+

2026-04-23 01:52:49,189 
iter: 24000 train loss 0.2073 val loss 0.2844 test loss 0.0720
+performance on training set--------+-----------------+-----------------+-------+
| Rank@1,mIoU@0.3 | Rank@1,mIoU@0.5 | Rank@5,mIoU@0.3 | Rank@5,mIoU@0.5 | mIoU  |
+-----------------+-----------------+-----------------+-----------------+-------+
|      68.72      |      42.81      |      80.56      |      65.42      | 42.63 |
+-----------------+-----------------+-----------------+-----------------+-------+
+performance on validation set------+-----------------+-----------------+-------+
| Rank@1,mIoU@0.3 | Rank@1,mIoU@0.5 | Rank@5,mIoU@0.3 | Rank@5,mIoU@0.5 | mIoU  |
+-----------------+-----------------+-----------------+-----------------+-------+
|      19.68      |       9.68      |      50.65      |      24.52      | 14.76 |
+-----------------+-----------------+-----------------+-----------------+-------+
+performance on testing set---------+-----------------+-----------------+------+
| Rank@1,mIoU@0.3 | Rank@1,mIoU@0.5 | Rank@5,mIoU@0.3 | Rank@5,mIoU@0.5 | mIoU |
+-----------------+-----------------+-----------------+-----------------+------+
|       0.00      |       0.00      |       0.00      |       0.00      | 0.00 |
+-----------------+-----------------+-----------------+-----------------+------+

2026-04-23 01:56:42,446 
iter: 24250 train loss 0.2108 val loss 0.2843 test loss 0.0687
+performance on training set--------+-----------------+-----------------+-------+
| Rank@1,mIoU@0.3 | Rank@1,mIoU@0.5 | Rank@5,mIoU@0.3 | Rank@5,mIoU@0.5 | mIoU  |
+-----------------+-----------------+-----------------+-----------------+-------+
|      68.72      |      43.00      |      80.77      |      65.36      | 42.72 |
+-----------------+-----------------+-----------------+-----------------+-------+
+performance on validation set------+-----------------+-----------------+-------+
| Rank@1,mIoU@0.3 | Rank@1,mIoU@0.5 | Rank@5,mIoU@0.3 | Rank@5,mIoU@0.5 | mIoU  |
+-----------------+-----------------+-----------------+-----------------+-------+
|      21.29      |      10.00      |      48.71      |      24.52      | 15.05 |
+-----------------+-----------------+-----------------+-----------------+-------+
+performance on testing set---------+-----------------+-----------------+------+
| Rank@1,mIoU@0.3 | Rank@1,mIoU@0.5 | Rank@5,mIoU@0.3 | Rank@5,mIoU@0.5 | mIoU |
+-----------------+-----------------+-----------------+-----------------+------+
|       0.00      |       0.00      |       0.00      |       0.00      | 0.00 |
+-----------------+-----------------+-----------------+-----------------+------+

2026-04-23 02:00:36,234 
iter: 24500 train loss 0.2078 val loss 0.2853 test loss 0.0680
+performance on training set--------+-----------------+-----------------+-------+
| Rank@1,mIoU@0.3 | Rank@1,mIoU@0.5 | Rank@5,mIoU@0.3 | Rank@5,mIoU@0.5 | mIoU  |
+-----------------+-----------------+-----------------+-----------------+-------+
|      68.75      |      42.87      |      80.84      |      65.52      | 42.73 |
+-----------------+-----------------+-----------------+-----------------+-------+
+performance on validation set------+-----------------+-----------------+-------+
| Rank@1,mIoU@0.3 | Rank@1,mIoU@0.5 | Rank@5,mIoU@0.3 | Rank@5,mIoU@0.5 | mIoU  |
+-----------------+-----------------+-----------------+-----------------+-------+
|      19.35      |       8.71      |      49.68      |      24.19      | 14.09 |
+-----------------+-----------------+-----------------+-----------------+-------+
+performance on testing set---------+-----------------+-----------------+------+
| Rank@1,mIoU@0.3 | Rank@1,mIoU@0.5 | Rank@5,mIoU@0.3 | Rank@5,mIoU@0.5 | mIoU |
+-----------------+-----------------+-----------------+-----------------+------+
|       0.00      |       0.00      |       0.00      |       0.00      | 0.00 |
+-----------------+-----------------+-----------------+-----------------+------+

2026-04-23 02:04:28,973 
iter: 24750 train loss 0.2095 val loss 0.2849 test loss 0.0681
+performance on training set--------+-----------------+-----------------+-------+
| Rank@1,mIoU@0.3 | Rank@1,mIoU@0.5 | Rank@5,mIoU@0.3 | Rank@5,mIoU@0.5 | mIoU  |
+-----------------+-----------------+-----------------+-----------------+-------+
|      68.81      |      42.82      |      80.84      |      65.45      | 42.69 |
+-----------------+-----------------+-----------------+-----------------+-------+
+performance on validation set------+-----------------+-----------------+-------+
| Rank@1,mIoU@0.3 | Rank@1,mIoU@0.5 | Rank@5,mIoU@0.3 | Rank@5,mIoU@0.5 | mIoU  |
+-----------------+-----------------+-----------------+-----------------+-------+
|      20.32      |       9.68      |      48.39      |      25.81      | 14.62 |
+-----------------+-----------------+-----------------+-----------------+-------+
+performance on testing set---------+-----------------+-----------------+------+
| Rank@1,mIoU@0.3 | Rank@1,mIoU@0.5 | Rank@5,mIoU@0.3 | Rank@5,mIoU@0.5 | mIoU |
+-----------------+-----------------+-----------------+-----------------+------+
|       0.00      |       0.00      |       0.00      |       0.00      | 0.00 |
+-----------------+-----------------+-----------------+-----------------+------+

2026-04-23 02:08:21,839 
iter: 25000 train loss 0.2070 val loss 0.2855 test loss 0.0654
+performance on training set--------+-----------------+-----------------+-------+
| Rank@1,mIoU@0.3 | Rank@1,mIoU@0.5 | Rank@5,mIoU@0.3 | Rank@5,mIoU@0.5 | mIoU  |
+-----------------+-----------------+-----------------+-----------------+-------+
|      68.81      |      42.91      |      80.87      |      65.26      | 42.76 |
+-----------------+-----------------+-----------------+-----------------+-------+
+performance on validation set------+-----------------+-----------------+-------+
| Rank@1,mIoU@0.3 | Rank@1,mIoU@0.5 | Rank@5,mIoU@0.3 | Rank@5,mIoU@0.5 | mIoU  |
+-----------------+-----------------+-----------------+-----------------+-------+
|      19.03      |       9.35      |      49.03      |      25.81      | 14.39 |
+-----------------+-----------------+-----------------+-----------------+-------+
+performance on testing set---------+-----------------+-----------------+------+
| Rank@1,mIoU@0.3 | Rank@1,mIoU@0.5 | Rank@5,mIoU@0.3 | Rank@5,mIoU@0.5 | mIoU |
+-----------------+-----------------+-----------------+-----------------+------+
|       0.00      |       0.00      |       0.00      |       0.00      | 0.00 |
+-----------------+-----------------+-----------------+-----------------+------+

2026-04-23 02:12:14,531 
iter: 25250 train loss 0.2082 val loss 0.2875 test loss 0.0735
+performance on training set--------+-----------------+-----------------+-------+
| Rank@1,mIoU@0.3 | Rank@1,mIoU@0.5 | Rank@5,mIoU@0.3 | Rank@5,mIoU@0.5 | mIoU  |
+-----------------+-----------------+-----------------+-----------------+-------+
|      68.81      |      42.62      |      80.71      |      65.38      | 42.64 |
+-----------------+-----------------+-----------------+-----------------+-------+
+performance on validation set------+-----------------+-----------------+-------+
| Rank@1,mIoU@0.3 | Rank@1,mIoU@0.5 | Rank@5,mIoU@0.3 | Rank@5,mIoU@0.5 | mIoU  |
+-----------------+-----------------+-----------------+-----------------+-------+
|      19.68      |       9.68      |      49.35      |      27.74      | 15.04 |
+-----------------+-----------------+-----------------+-----------------+-------+
+performance on testing set---------+-----------------+-----------------+------+
| Rank@1,mIoU@0.3 | Rank@1,mIoU@0.5 | Rank@5,mIoU@0.3 | Rank@5,mIoU@0.5 | mIoU |
+-----------------+-----------------+-----------------+-----------------+------+
|       0.00      |       0.00      |       0.00      |       0.00      | 0.00 |
+-----------------+-----------------+-----------------+-----------------+------+

2026-04-23 02:16:08,952 
iter: 25500 train loss 0.2066 val loss 0.2876 test loss 0.0695
+performance on training set--------+-----------------+-----------------+-------+
| Rank@1,mIoU@0.3 | Rank@1,mIoU@0.5 | Rank@5,mIoU@0.3 | Rank@5,mIoU@0.5 | mIoU  |
+-----------------+-----------------+-----------------+-----------------+-------+
|      68.92      |      43.22      |      80.56      |      65.72      | 42.83 |
+-----------------+-----------------+-----------------+-----------------+-------+
+performance on validation set------+-----------------+-----------------+-------+
| Rank@1,mIoU@0.3 | Rank@1,mIoU@0.5 | Rank@5,mIoU@0.3 | Rank@5,mIoU@0.5 | mIoU  |
+-----------------+-----------------+-----------------+-----------------+-------+
|      20.32      |       9.35      |      48.39      |      25.16      | 14.52 |
+-----------------+-----------------+-----------------+-----------------+-------+
+performance on testing set---------+-----------------+-----------------+------+
| Rank@1,mIoU@0.3 | Rank@1,mIoU@0.5 | Rank@5,mIoU@0.3 | Rank@5,mIoU@0.5 | mIoU |
+-----------------+-----------------+-----------------+-----------------+------+
|       0.00      |       0.00      |       0.00      |       0.00      | 0.00 |
+-----------------+-----------------+-----------------+-----------------+------+

2026-04-23 02:20:00,790 
iter: 25750 train loss 0.2090 val loss 0.2900 test loss 0.0765
+performance on training set--------+-----------------+-----------------+-------+
| Rank@1,mIoU@0.3 | Rank@1,mIoU@0.5 | Rank@5,mIoU@0.3 | Rank@5,mIoU@0.5 | mIoU  |
+-----------------+-----------------+-----------------+-----------------+-------+
|      68.96      |      42.83      |      80.63      |      65.56      | 42.68 |
+-----------------+-----------------+-----------------+-----------------+-------+
+performance on validation set------+-----------------+-----------------+-------+
| Rank@1,mIoU@0.3 | Rank@1,mIoU@0.5 | Rank@5,mIoU@0.3 | Rank@5,mIoU@0.5 | mIoU  |
+-----------------+-----------------+-----------------+-----------------+-------+
|      20.00      |       9.68      |      48.71      |      26.45      | 15.16 |
+-----------------+-----------------+-----------------+-----------------+-------+
+performance on testing set---------+-----------------+-----------------+------+
| Rank@1,mIoU@0.3 | Rank@1,mIoU@0.5 | Rank@5,mIoU@0.3 | Rank@5,mIoU@0.5 | mIoU |
+-----------------+-----------------+-----------------+-----------------+------+
|       0.00      |       0.00      |       0.00      |       0.00      | 0.00 |
+-----------------+-----------------+-----------------+-----------------+------+

2026-04-23 02:23:53,916 
iter: 26000 train loss 0.2075 val loss 0.2880 test loss 0.0748
+performance on training set--------+-----------------+-----------------+-------+
| Rank@1,mIoU@0.3 | Rank@1,mIoU@0.5 | Rank@5,mIoU@0.3 | Rank@5,mIoU@0.5 | mIoU  |
+-----------------+-----------------+-----------------+-----------------+-------+
|      68.55      |      42.27      |      80.66      |      65.52      | 42.39 |
+-----------------+-----------------+-----------------+-----------------+-------+
+performance on validation set------+-----------------+-----------------+-------+
| Rank@1,mIoU@0.3 | Rank@1,mIoU@0.5 | Rank@5,mIoU@0.3 | Rank@5,mIoU@0.5 | mIoU  |
+-----------------+-----------------+-----------------+-----------------+-------+
|      20.32      |      10.32      |      49.35      |      25.81      | 15.15 |
+-----------------+-----------------+-----------------+-----------------+-------+
+performance on testing set---------+-----------------+-----------------+------+
| Rank@1,mIoU@0.3 | Rank@1,mIoU@0.5 | Rank@5,mIoU@0.3 | Rank@5,mIoU@0.5 | mIoU |
+-----------------+-----------------+-----------------+-----------------+------+
|       0.00      |       0.00      |       0.00      |       0.00      | 0.00 |
+-----------------+-----------------+-----------------+-----------------+------+

2026-04-23 02:27:47,386 
iter: 26250 train loss 0.2067 val loss 0.2880 test loss 0.0710
+performance on training set--------+-----------------+-----------------+-------+
| Rank@1,mIoU@0.3 | Rank@1,mIoU@0.5 | Rank@5,mIoU@0.3 | Rank@5,mIoU@0.5 | mIoU  |
+-----------------+-----------------+-----------------+-----------------+-------+
|      68.78      |      42.76      |      80.76      |      65.50      | 42.70 |
+-----------------+-----------------+-----------------+-----------------+-------+
+performance on validation set------+-----------------+-----------------+-------+
| Rank@1,mIoU@0.3 | Rank@1,mIoU@0.5 | Rank@5,mIoU@0.3 | Rank@5,mIoU@0.5 | mIoU  |
+-----------------+-----------------+-----------------+-----------------+-------+
|      20.32      |      10.00      |      51.29      |      26.13      | 15.03 |
+-----------------+-----------------+-----------------+-----------------+-------+
+performance on testing set---------+-----------------+-----------------+------+
| Rank@1,mIoU@0.3 | Rank@1,mIoU@0.5 | Rank@5,mIoU@0.3 | Rank@5,mIoU@0.5 | mIoU |
+-----------------+-----------------+-----------------+-----------------+------+
|       0.00      |       0.00      |       0.00      |       0.00      | 0.00 |
+-----------------+-----------------+-----------------+-----------------+------+

2026-04-23 02:31:37,801 
iter: 26500 train loss 0.2074 val loss 0.2864 test loss 0.0702
+performance on training set--------+-----------------+-----------------+-------+
| Rank@1,mIoU@0.3 | Rank@1,mIoU@0.5 | Rank@5,mIoU@0.3 | Rank@5,mIoU@0.5 | mIoU  |
+-----------------+-----------------+-----------------+-----------------+-------+
|      68.92      |      43.15      |      80.90      |      65.73      | 42.82 |
+-----------------+-----------------+-----------------+-----------------+-------+
+performance on validation set------+-----------------+-----------------+-------+
| Rank@1,mIoU@0.3 | Rank@1,mIoU@0.5 | Rank@5,mIoU@0.3 | Rank@5,mIoU@0.5 | mIoU  |
+-----------------+-----------------+-----------------+-----------------+-------+
|      19.68      |       9.03      |      49.03      |      27.42      | 14.47 |
+-----------------+-----------------+-----------------+-----------------+-------+
+performance on testing set---------+-----------------+-----------------+------+
| Rank@1,mIoU@0.3 | Rank@1,mIoU@0.5 | Rank@5,mIoU@0.3 | Rank@5,mIoU@0.5 | mIoU |
+-----------------+-----------------+-----------------+-----------------+------+
|       0.00      |       0.00      |       0.00      |       0.00      | 0.00 |
+-----------------+-----------------+-----------------+-----------------+------+

2026-04-23 02:35:30,573 
iter: 26750 train loss 0.2066 val loss 0.2918 test loss 0.0793
+performance on training set--------+-----------------+-----------------+-------+
| Rank@1,mIoU@0.3 | Rank@1,mIoU@0.5 | Rank@5,mIoU@0.3 | Rank@5,mIoU@0.5 | mIoU  |
+-----------------+-----------------+-----------------+-----------------+-------+
|      68.97      |      42.58      |      80.71      |      65.75      | 42.55 |
+-----------------+-----------------+-----------------+-----------------+-------+
+performance on validation set------+-----------------+-----------------+-------+
| Rank@1,mIoU@0.3 | Rank@1,mIoU@0.5 | Rank@5,mIoU@0.3 | Rank@5,mIoU@0.5 | mIoU  |
+-----------------+-----------------+-----------------+-----------------+-------+
|      20.32      |       9.03      |      50.65      |      27.74      | 15.10 |
+-----------------+-----------------+-----------------+-----------------+-------+
+performance on testing set---------+-----------------+-----------------+------+
| Rank@1,mIoU@0.3 | Rank@1,mIoU@0.5 | Rank@5,mIoU@0.3 | Rank@5,mIoU@0.5 | mIoU |
+-----------------+-----------------+-----------------+-----------------+------+
|       0.00      |       0.00      |       0.00      |       0.00      | 0.00 |
+-----------------+-----------------+-----------------+-----------------+------+

2026-04-23 02:39:31,262 
iter: 27000 train loss 0.2067 val loss 0.2887 test loss 0.0722
+performance on training set--------+-----------------+-----------------+-------+
| Rank@1,mIoU@0.3 | Rank@1,mIoU@0.5 | Rank@5,mIoU@0.3 | Rank@5,mIoU@0.5 | mIoU  |
+-----------------+-----------------+-----------------+-----------------+-------+
|      69.03      |      43.48      |      80.80      |      65.82      | 42.93 |
+-----------------+-----------------+-----------------+-----------------+-------+
+performance on validation set------+-----------------+-----------------+-------+
| Rank@1,mIoU@0.3 | Rank@1,mIoU@0.5 | Rank@5,mIoU@0.3 | Rank@5,mIoU@0.5 | mIoU  |
+-----------------+-----------------+-----------------+-----------------+-------+
|      20.65      |       9.03      |      50.00      |      26.13      | 14.92 |
+-----------------+-----------------+-----------------+-----------------+-------+
+performance on testing set---------+-----------------+-----------------+------+
| Rank@1,mIoU@0.3 | Rank@1,mIoU@0.5 | Rank@5,mIoU@0.3 | Rank@5,mIoU@0.5 | mIoU |
+-----------------+-----------------+-----------------+-----------------+------+
|       0.00      |       0.00      |       0.00      |       0.00      | 0.00 |
+-----------------+-----------------+-----------------+-----------------+------+

2026-04-23 02:43:26,663 
iter: 27250 train loss 0.2067 val loss 0.2888 test loss 0.0688
+performance on training set--------+-----------------+-----------------+-------+
| Rank@1,mIoU@0.3 | Rank@1,mIoU@0.5 | Rank@5,mIoU@0.3 | Rank@5,mIoU@0.5 | mIoU  |
+-----------------+-----------------+-----------------+-----------------+-------+
|      69.03      |      43.48      |      80.79      |      65.87      | 42.97 |
+-----------------+-----------------+-----------------+-----------------+-------+
+performance on validation set------+-----------------+-----------------+-------+
| Rank@1,mIoU@0.3 | Rank@1,mIoU@0.5 | Rank@5,mIoU@0.3 | Rank@5,mIoU@0.5 | mIoU  |
+-----------------+-----------------+-----------------+-----------------+-------+
|      21.94      |      10.65      |      50.32      |      27.42      | 14.99 |
+-----------------+-----------------+-----------------+-----------------+-------+
+performance on testing set---------+-----------------+-----------------+------+
| Rank@1,mIoU@0.3 | Rank@1,mIoU@0.5 | Rank@5,mIoU@0.3 | Rank@5,mIoU@0.5 | mIoU |
+-----------------+-----------------+-----------------+-----------------+------+
|       0.00      |       0.00      |       0.00      |       0.00      | 0.00 |
+-----------------+-----------------+-----------------+-----------------+------+

2026-04-23 02:47:20,851 
iter: 27500 train loss 0.2067 val loss 0.2903 test loss 0.0754
+performance on training set--------+-----------------+-----------------+-------+
| Rank@1,mIoU@0.3 | Rank@1,mIoU@0.5 | Rank@5,mIoU@0.3 | Rank@5,mIoU@0.5 | mIoU  |
+-----------------+-----------------+-----------------+-----------------+-------+
|      68.96      |      42.60      |      80.69      |      65.86      | 42.68 |
+-----------------+-----------------+-----------------+-----------------+-------+
+performance on validation set------+-----------------+-----------------+-------+
| Rank@1,mIoU@0.3 | Rank@1,mIoU@0.5 | Rank@5,mIoU@0.3 | Rank@5,mIoU@0.5 | mIoU  |
+-----------------+-----------------+-----------------+-----------------+-------+
|      20.32      |      10.00      |      52.26      |      27.10      | 15.17 |
+-----------------+-----------------+-----------------+-----------------+-------+
+performance on testing set---------+-----------------+-----------------+------+
| Rank@1,mIoU@0.3 | Rank@1,mIoU@0.5 | Rank@5,mIoU@0.3 | Rank@5,mIoU@0.5 | mIoU |
+-----------------+-----------------+-----------------+-----------------+------+
|       0.00      |       0.00      |       0.00      |       0.00      | 0.00 |
+-----------------+-----------------+-----------------+-----------------+------+

2026-04-23 02:51:13,891 
iter: 27750 train loss 0.2059 val loss 0.2895 test loss 0.0738
+performance on training set--------+-----------------+-----------------+-------+
| Rank@1,mIoU@0.3 | Rank@1,mIoU@0.5 | Rank@5,mIoU@0.3 | Rank@5,mIoU@0.5 | mIoU  |
+-----------------+-----------------+-----------------+-----------------+-------+
|      69.24      |      43.18      |      80.74      |      65.81      | 42.94 |
+-----------------+-----------------+-----------------+-----------------+-------+
+performance on validation set------+-----------------+-----------------+-------+
| Rank@1,mIoU@0.3 | Rank@1,mIoU@0.5 | Rank@5,mIoU@0.3 | Rank@5,mIoU@0.5 | mIoU  |
+-----------------+-----------------+-----------------+-----------------+-------+
|      20.32      |       9.35      |      50.65      |      27.74      | 14.99 |
+-----------------+-----------------+-----------------+-----------------+-------+
+performance on testing set---------+-----------------+-----------------+------+
| Rank@1,mIoU@0.3 | Rank@1,mIoU@0.5 | Rank@5,mIoU@0.3 | Rank@5,mIoU@0.5 | mIoU |
+-----------------+-----------------+-----------------+-----------------+------+
|       0.00      |       0.00      |       0.00      |       0.00      | 0.00 |
+-----------------+-----------------+-----------------+-----------------+------+

2026-04-23 02:55:04,425 
iter: 28000 train loss 0.2064 val loss 0.2922 test loss 0.0743
+performance on training set--------+-----------------+-----------------+-------+
| Rank@1,mIoU@0.3 | Rank@1,mIoU@0.5 | Rank@5,mIoU@0.3 | Rank@5,mIoU@0.5 | mIoU  |
+-----------------+-----------------+-----------------+-----------------+-------+
|      68.92      |      42.73      |      80.61      |      65.57      | 42.73 |
+-----------------+-----------------+-----------------+-----------------+-------+
+performance on validation set------+-----------------+-----------------+-------+
| Rank@1,mIoU@0.3 | Rank@1,mIoU@0.5 | Rank@5,mIoU@0.3 | Rank@5,mIoU@0.5 | mIoU  |
+-----------------+-----------------+-----------------+-----------------+-------+
|      20.65      |      10.32      |      50.97      |      26.45      | 14.98 |
+-----------------+-----------------+-----------------+-----------------+-------+
+performance on testing set---------+-----------------+-----------------+------+
| Rank@1,mIoU@0.3 | Rank@1,mIoU@0.5 | Rank@5,mIoU@0.3 | Rank@5,mIoU@0.5 | mIoU |
+-----------------+-----------------+-----------------+-----------------+------+
|       0.00      |       0.00      |       0.00      |       0.00      | 0.00 |
+-----------------+-----------------+-----------------+-----------------+------+

2026-04-23 02:58:58,493 
iter: 28250 train loss 0.2057 val loss 0.2902 test loss 0.0691
+performance on training set--------+-----------------+-----------------+-------+
| Rank@1,mIoU@0.3 | Rank@1,mIoU@0.5 | Rank@5,mIoU@0.3 | Rank@5,mIoU@0.5 | mIoU  |
+-----------------+-----------------+-----------------+-----------------+-------+
|      69.19      |      43.42      |      80.75      |      66.03      | 43.01 |
+-----------------+-----------------+-----------------+-----------------+-------+
+performance on validation set------+-----------------+-----------------+-------+
| Rank@1,mIoU@0.3 | Rank@1,mIoU@0.5 | Rank@5,mIoU@0.3 | Rank@5,mIoU@0.5 | mIoU  |
+-----------------+-----------------+-----------------+-----------------+-------+
|      20.32      |       9.03      |      50.00      |      27.74      | 14.72 |
+-----------------+-----------------+-----------------+-----------------+-------+
+performance on testing set---------+-----------------+-----------------+------+
| Rank@1,mIoU@0.3 | Rank@1,mIoU@0.5 | Rank@5,mIoU@0.3 | Rank@5,mIoU@0.5 | mIoU |
+-----------------+-----------------+-----------------+-----------------+------+
|       0.00      |       0.00      |       0.00      |       0.00      | 0.00 |
+-----------------+-----------------+-----------------+-----------------+------+

2026-04-23 03:02:51,590 
iter: 28500 train loss 0.2069 val loss 0.2894 test loss 0.0745
+performance on training set--------+-----------------+-----------------+-------+
| Rank@1,mIoU@0.3 | Rank@1,mIoU@0.5 | Rank@5,mIoU@0.3 | Rank@5,mIoU@0.5 | mIoU  |
+-----------------+-----------------+-----------------+-----------------+-------+
|      69.31      |      42.97      |      80.80      |      65.65      | 42.91 |
+-----------------+-----------------+-----------------+-----------------+-------+
+performance on validation set------+-----------------+-----------------+-------+
| Rank@1,mIoU@0.3 | Rank@1,mIoU@0.5 | Rank@5,mIoU@0.3 | Rank@5,mIoU@0.5 | mIoU  |
+-----------------+-----------------+-----------------+-----------------+-------+
|      20.97      |      10.65      |      50.00      |      25.81      | 15.48 |
+-----------------+-----------------+-----------------+-----------------+-------+
+performance on testing set---------+-----------------+-----------------+------+
| Rank@1,mIoU@0.3 | Rank@1,mIoU@0.5 | Rank@5,mIoU@0.3 | Rank@5,mIoU@0.5 | mIoU |
+-----------------+-----------------+-----------------+-----------------+------+
|       0.00      |       0.00      |       0.00      |       0.00      | 0.00 |
+-----------------+-----------------+-----------------+-----------------+------+

2026-04-23 03:06:51,506 
iter: 28750 train loss 0.2055 val loss 0.2889 test loss 0.0720
+performance on training set--------+-----------------+-----------------+-------+
| Rank@1,mIoU@0.3 | Rank@1,mIoU@0.5 | Rank@5,mIoU@0.3 | Rank@5,mIoU@0.5 | mIoU  |
+-----------------+-----------------+-----------------+-----------------+-------+
|      69.38      |      43.41      |      80.87      |      65.93      | 43.03 |
+-----------------+-----------------+-----------------+-----------------+-------+
+performance on validation set------+-----------------+-----------------+-------+
| Rank@1,mIoU@0.3 | Rank@1,mIoU@0.5 | Rank@5,mIoU@0.3 | Rank@5,mIoU@0.5 | mIoU  |
+-----------------+-----------------+-----------------+-----------------+-------+
|      20.00      |      10.00      |      49.03      |      25.16      | 14.92 |
+-----------------+-----------------+-----------------+-----------------+-------+
+performance on testing set---------+-----------------+-----------------+------+
| Rank@1,mIoU@0.3 | Rank@1,mIoU@0.5 | Rank@5,mIoU@0.3 | Rank@5,mIoU@0.5 | mIoU |
+-----------------+-----------------+-----------------+-----------------+------+
|       0.00      |       0.00      |       0.00      |       0.00      | 0.00 |
+-----------------+-----------------+-----------------+-----------------+------+

2026-04-23 03:10:48,880 
iter: 29000 train loss 0.2048 val loss 0.2895 test loss 0.0716
+performance on training set--------+-----------------+-----------------+-------+
| Rank@1,mIoU@0.3 | Rank@1,mIoU@0.5 | Rank@5,mIoU@0.3 | Rank@5,mIoU@0.5 | mIoU  |
+-----------------+-----------------+-----------------+-----------------+-------+
|      69.42      |      43.31      |      80.84      |      65.73      | 43.01 |
+-----------------+-----------------+-----------------+-----------------+-------+
+performance on validation set------+-----------------+-----------------+-------+
| Rank@1,mIoU@0.3 | Rank@1,mIoU@0.5 | Rank@5,mIoU@0.3 | Rank@5,mIoU@0.5 | mIoU  |
+-----------------+-----------------+-----------------+-----------------+-------+
|      19.35      |       9.35      |      49.35      |      27.42      | 14.62 |
+-----------------+-----------------+-----------------+-----------------+-------+
+performance on testing set---------+-----------------+-----------------+------+
| Rank@1,mIoU@0.3 | Rank@1,mIoU@0.5 | Rank@5,mIoU@0.3 | Rank@5,mIoU@0.5 | mIoU |
+-----------------+-----------------+-----------------+-----------------+------+
|       0.00      |       0.00      |       0.00      |       0.00      | 0.00 |
+-----------------+-----------------+-----------------+-----------------+------+

2026-04-23 03:14:46,144 
iter: 29250 train loss 0.2070 val loss 0.2918 test loss 0.0756
+performance on training set--------+-----------------+-----------------+-------+
| Rank@1,mIoU@0.3 | Rank@1,mIoU@0.5 | Rank@5,mIoU@0.3 | Rank@5,mIoU@0.5 | mIoU  |
+-----------------+-----------------+-----------------+-----------------+-------+
|      69.21      |      43.26      |      80.91      |      65.81      | 43.02 |
+-----------------+-----------------+-----------------+-----------------+-------+
+performance on validation set------+-----------------+-----------------+-------+
| Rank@1,mIoU@0.3 | Rank@1,mIoU@0.5 | Rank@5,mIoU@0.3 | Rank@5,mIoU@0.5 | mIoU  |
+-----------------+-----------------+-----------------+-----------------+-------+
|      20.32      |      10.65      |      51.61      |      29.03      | 15.60 |
+-----------------+-----------------+-----------------+-----------------+-------+
+performance on testing set---------+-----------------+-----------------+------+
| Rank@1,mIoU@0.3 | Rank@1,mIoU@0.5 | Rank@5,mIoU@0.3 | Rank@5,mIoU@0.5 | mIoU |
+-----------------+-----------------+-----------------+-----------------+------+
|       0.00      |       0.00      |       0.00      |       0.00      | 0.00 |
+-----------------+-----------------+-----------------+-----------------+------+

2026-04-23 03:18:42,077 
iter: 29500 train loss 0.2051 val loss 0.2914 test loss 0.0730
+performance on training set--------+-----------------+-----------------+-------+
| Rank@1,mIoU@0.3 | Rank@1,mIoU@0.5 | Rank@5,mIoU@0.3 | Rank@5,mIoU@0.5 | mIoU  |
+-----------------+-----------------+-----------------+-----------------+-------+
|      69.42      |      43.34      |      80.91      |      65.87      | 42.98 |
+-----------------+-----------------+-----------------+-----------------+-------+
+performance on validation set------+-----------------+-----------------+-------+
| Rank@1,mIoU@0.3 | Rank@1,mIoU@0.5 | Rank@5,mIoU@0.3 | Rank@5,mIoU@0.5 | mIoU  |
+-----------------+-----------------+-----------------+-----------------+-------+
|      20.00      |       9.68      |      51.94      |      28.39      | 14.88 |
+-----------------+-----------------+-----------------+-----------------+-------+
+performance on testing set---------+-----------------+-----------------+------+
| Rank@1,mIoU@0.3 | Rank@1,mIoU@0.5 | Rank@5,mIoU@0.3 | Rank@5,mIoU@0.5 | mIoU |
+-----------------+-----------------+-----------------+-----------------+------+
|       0.00      |       0.00      |       0.00      |       0.00      | 0.00 |
+-----------------+-----------------+-----------------+-----------------+------+

2026-04-23 03:22:33,896 
iter: 29750 train loss 0.2055 val loss 0.2895 test loss 0.0688
+performance on training set--------+-----------------+-----------------+-------+
| Rank@1,mIoU@0.3 | Rank@1,mIoU@0.5 | Rank@5,mIoU@0.3 | Rank@5,mIoU@0.5 | mIoU  |
+-----------------+-----------------+-----------------+-----------------+-------+
|      69.46      |      43.57      |      80.99      |      66.02      | 43.09 |
+-----------------+-----------------+-----------------+-----------------+-------+
+performance on validation set------+-----------------+-----------------+-------+
| Rank@1,mIoU@0.3 | Rank@1,mIoU@0.5 | Rank@5,mIoU@0.3 | Rank@5,mIoU@0.5 | mIoU  |
+-----------------+-----------------+-----------------+-----------------+-------+
|      20.00      |       9.68      |      51.61      |      28.71      | 14.62 |
+-----------------+-----------------+-----------------+-----------------+-------+
+performance on testing set---------+-----------------+-----------------+------+
| Rank@1,mIoU@0.3 | Rank@1,mIoU@0.5 | Rank@5,mIoU@0.3 | Rank@5,mIoU@0.5 | mIoU |
+-----------------+-----------------+-----------------+-----------------+------+
|       0.00      |       0.00      |       0.00      |       0.00      | 0.00 |
+-----------------+-----------------+-----------------+-----------------+------+

2026-04-23 03:26:26,342 
iter: 30000 train loss 0.2051 val loss 0.2895 test loss 0.0687
+performance on training set--------+-----------------+-----------------+-------+
| Rank@1,mIoU@0.3 | Rank@1,mIoU@0.5 | Rank@5,mIoU@0.3 | Rank@5,mIoU@0.5 | mIoU  |
+-----------------+-----------------+-----------------+-----------------+-------+
|      69.42      |      43.67      |      80.96      |      65.96      | 43.18 |
+-----------------+-----------------+-----------------+-----------------+-------+
+performance on validation set------+-----------------+-----------------+-------+
| Rank@1,mIoU@0.3 | Rank@1,mIoU@0.5 | Rank@5,mIoU@0.3 | Rank@5,mIoU@0.5 | mIoU  |
+-----------------+-----------------+-----------------+-----------------+-------+
|      19.68      |       9.03      |      50.65      |      27.74      | 14.53 |
+-----------------+-----------------+-----------------+-----------------+-------+
+performance on testing set---------+-----------------+-----------------+------+
| Rank@1,mIoU@0.3 | Rank@1,mIoU@0.5 | Rank@5,mIoU@0.3 | Rank@5,mIoU@0.5 | mIoU |
+-----------------+-----------------+-----------------+-----------------+------+
|       0.00      |       0.00      |       0.00      |       0.00      | 0.00 |
+-----------------+-----------------+-----------------+-----------------+------+

2026-04-23 03:30:18,692 
iter: 30250 train loss 0.2052 val loss 0.2925 test loss 0.0745
+performance on training set--------+-----------------+-----------------+-------+
| Rank@1,mIoU@0.3 | Rank@1,mIoU@0.5 | Rank@5,mIoU@0.3 | Rank@5,mIoU@0.5 | mIoU  |
+-----------------+-----------------+-----------------+-----------------+-------+
|      69.49      |      43.17      |      81.01      |      65.98      | 43.01 |
+-----------------+-----------------+-----------------+-----------------+-------+
+performance on validation set------+-----------------+-----------------+-------+
| Rank@1,mIoU@0.3 | Rank@1,mIoU@0.5 | Rank@5,mIoU@0.3 | Rank@5,mIoU@0.5 | mIoU  |
+-----------------+-----------------+-----------------+-----------------+-------+
|      19.68      |      10.97      |      50.97      |      28.39      | 14.99 |
+-----------------+-----------------+-----------------+-----------------+-------+
+performance on testing set---------+-----------------+-----------------+------+
| Rank@1,mIoU@0.3 | Rank@1,mIoU@0.5 | Rank@5,mIoU@0.3 | Rank@5,mIoU@0.5 | mIoU |
+-----------------+-----------------+-----------------+-----------------+------+
|       0.00      |       0.00      |       0.00      |       0.00      | 0.00 |
+-----------------+-----------------+-----------------+-----------------+------+

2026-04-23 03:34:14,080 
iter: 30500 train loss 0.2064 val loss 0.2899 test loss 0.0699
+performance on training set--------+-----------------+-----------------+-------+
| Rank@1,mIoU@0.3 | Rank@1,mIoU@0.5 | Rank@5,mIoU@0.3 | Rank@5,mIoU@0.5 | mIoU  |
+-----------------+-----------------+-----------------+-----------------+-------+
|      69.38      |      43.54      |      80.95      |      65.77      | 43.12 |
+-----------------+-----------------+-----------------+-----------------+-------+
+performance on validation set------+-----------------+-----------------+-------+
| Rank@1,mIoU@0.3 | Rank@1,mIoU@0.5 | Rank@5,mIoU@0.3 | Rank@5,mIoU@0.5 | mIoU  |
+-----------------+-----------------+-----------------+-----------------+-------+
|      19.68      |      10.00      |      50.97      |      27.10      | 14.65 |
+-----------------+-----------------+-----------------+-----------------+-------+
+performance on testing set---------+-----------------+-----------------+------+
| Rank@1,mIoU@0.3 | Rank@1,mIoU@0.5 | Rank@5,mIoU@0.3 | Rank@5,mIoU@0.5 | mIoU |
+-----------------+-----------------+-----------------+-----------------+------+
|       0.00      |       0.00      |       0.00      |       0.00      | 0.00 |
+-----------------+-----------------+-----------------+-----------------+------+

2026-04-23 03:38:07,149 
iter: 30750 train loss 0.2040 val loss 0.2907 test loss 0.0729
+performance on training set--------+-----------------+-----------------+-------+
| Rank@1,mIoU@0.3 | Rank@1,mIoU@0.5 | Rank@5,mIoU@0.3 | Rank@5,mIoU@0.5 | mIoU  |
+-----------------+-----------------+-----------------+-----------------+-------+
|      69.49      |      43.69      |      80.94      |      66.06      | 43.10 |
+-----------------+-----------------+-----------------+-----------------+-------+
+performance on validation set------+-----------------+-----------------+-------+
| Rank@1,mIoU@0.3 | Rank@1,mIoU@0.5 | Rank@5,mIoU@0.3 | Rank@5,mIoU@0.5 | mIoU  |
+-----------------+-----------------+-----------------+-----------------+-------+
|      20.00      |      10.97      |      50.97      |      28.06      | 15.03 |
+-----------------+-----------------+-----------------+-----------------+-------+
+performance on testing set---------+-----------------+-----------------+------+
| Rank@1,mIoU@0.3 | Rank@1,mIoU@0.5 | Rank@5,mIoU@0.3 | Rank@5,mIoU@0.5 | mIoU |
+-----------------+-----------------+-----------------+-----------------+------+
|       0.00      |       0.00      |       0.00      |       0.00      | 0.00 |
+-----------------+-----------------+-----------------+-----------------+------+

2026-04-23 03:42:00,082 
iter: 31000 train loss 0.2046 val loss 0.2915 test loss 0.0708
+performance on training set--------+-----------------+-----------------+-------+
| Rank@1,mIoU@0.3 | Rank@1,mIoU@0.5 | Rank@5,mIoU@0.3 | Rank@5,mIoU@0.5 | mIoU  |
+-----------------+-----------------+-----------------+-----------------+-------+
|      69.59      |      43.28      |      81.00      |      66.04      | 43.13 |
+-----------------+-----------------+-----------------+-----------------+-------+
+performance on validation set------+-----------------+-----------------+-------+
| Rank@1,mIoU@0.3 | Rank@1,mIoU@0.5 | Rank@5,mIoU@0.3 | Rank@5,mIoU@0.5 | mIoU  |
+-----------------+-----------------+-----------------+-----------------+-------+
|      20.97      |      10.65      |      50.00      |      26.77      | 15.12 |
+-----------------+-----------------+-----------------+-----------------+-------+
+performance on testing set---------+-----------------+-----------------+------+
| Rank@1,mIoU@0.3 | Rank@1,mIoU@0.5 | Rank@5,mIoU@0.3 | Rank@5,mIoU@0.5 | mIoU |
+-----------------+-----------------+-----------------+-----------------+------+
|       0.00      |       0.00      |       0.00      |       0.00      | 0.00 |
+-----------------+-----------------+-----------------+-----------------+------+

2026-04-23 03:45:51,762 
iter: 31250 train loss 0.2042 val loss 0.2912 test loss 0.0680
+performance on training set--------+-----------------+-----------------+-------+
| Rank@1,mIoU@0.3 | Rank@1,mIoU@0.5 | Rank@5,mIoU@0.3 | Rank@5,mIoU@0.5 | mIoU  |
+-----------------+-----------------+-----------------+-----------------+-------+
|      69.62      |      43.72      |      80.87      |      66.08      | 43.21 |
+-----------------+-----------------+-----------------+-----------------+-------+
+performance on validation set------+-----------------+-----------------+-------+
| Rank@1,mIoU@0.3 | Rank@1,mIoU@0.5 | Rank@5,mIoU@0.3 | Rank@5,mIoU@0.5 | mIoU  |
+-----------------+-----------------+-----------------+-----------------+-------+
|      21.29      |      10.97      |      50.65      |      29.03      | 15.05 |
+-----------------+-----------------+-----------------+-----------------+-------+
+performance on testing set---------+-----------------+-----------------+------+
| Rank@1,mIoU@0.3 | Rank@1,mIoU@0.5 | Rank@5,mIoU@0.3 | Rank@5,mIoU@0.5 | mIoU |
+-----------------+-----------------+-----------------+-----------------+------+
|       0.00      |       0.00      |       0.00      |       0.00      | 0.00 |
+-----------------+-----------------+-----------------+-----------------+------+

2026-04-23 03:49:46,589 
iter: 31500 train loss 0.2053 val loss 0.2914 test loss 0.0719
+performance on training set--------+-----------------+-----------------+-------+
| Rank@1,mIoU@0.3 | Rank@1,mIoU@0.5 | Rank@5,mIoU@0.3 | Rank@5,mIoU@0.5 | mIoU  |
+-----------------+-----------------+-----------------+-----------------+-------+
|      69.54      |      43.77      |      81.06      |      66.26      | 43.23 |
+-----------------+-----------------+-----------------+-----------------+-------+
+performance on validation set------+-----------------+-----------------+-------+
| Rank@1,mIoU@0.3 | Rank@1,mIoU@0.5 | Rank@5,mIoU@0.3 | Rank@5,mIoU@0.5 | mIoU  |
+-----------------+-----------------+-----------------+-----------------+-------+
|      19.35      |      10.00      |      52.90      |      29.68      | 14.91 |
+-----------------+-----------------+-----------------+-----------------+-------+
+performance on testing set---------+-----------------+-----------------+------+
| Rank@1,mIoU@0.3 | Rank@1,mIoU@0.5 | Rank@5,mIoU@0.3 | Rank@5,mIoU@0.5 | mIoU |
+-----------------+-----------------+-----------------+-----------------+------+
|       0.00      |       0.00      |       0.00      |       0.00      | 0.00 |
+-----------------+-----------------+-----------------+-----------------+------+

2026-04-23 03:53:42,221 
iter: 31750 train loss 0.2050 val loss 0.2923 test loss 0.0714
+performance on training set--------+-----------------+-----------------+-------+
| Rank@1,mIoU@0.3 | Rank@1,mIoU@0.5 | Rank@5,mIoU@0.3 | Rank@5,mIoU@0.5 | mIoU  |
+-----------------+-----------------+-----------------+-----------------+-------+
|      69.42      |      43.32      |      81.01      |      66.01      | 43.02 |
+-----------------+-----------------+-----------------+-----------------+-------+
+performance on validation set------+-----------------+-----------------+-------+
| Rank@1,mIoU@0.3 | Rank@1,mIoU@0.5 | Rank@5,mIoU@0.3 | Rank@5,mIoU@0.5 | mIoU  |
+-----------------+-----------------+-----------------+-----------------+-------+
|      20.32      |      10.00      |      51.29      |      28.39      | 14.90 |
+-----------------+-----------------+-----------------+-----------------+-------+
+performance on testing set---------+-----------------+-----------------+------+
| Rank@1,mIoU@0.3 | Rank@1,mIoU@0.5 | Rank@5,mIoU@0.3 | Rank@5,mIoU@0.5 | mIoU |
+-----------------+-----------------+-----------------+-----------------+------+
|       0.00      |       0.00      |       0.00      |       0.00      | 0.00 |
+-----------------+-----------------+-----------------+-----------------+------+

2026-04-23 03:57:36,540 
iter: 32000 train loss 0.2046 val loss 0.2918 test loss 0.0733
+performance on training set--------+-----------------+-----------------+-------+
| Rank@1,mIoU@0.3 | Rank@1,mIoU@0.5 | Rank@5,mIoU@0.3 | Rank@5,mIoU@0.5 | mIoU  |
+-----------------+-----------------+-----------------+-----------------+-------+
|      69.52      |      43.54      |      81.20      |      66.22      | 43.13 |
+-----------------+-----------------+-----------------+-----------------+-------+
+performance on validation set------+-----------------+-----------------+-------+
| Rank@1,mIoU@0.3 | Rank@1,mIoU@0.5 | Rank@5,mIoU@0.3 | Rank@5,mIoU@0.5 | mIoU  |
+-----------------+-----------------+-----------------+-----------------+-------+
|      20.65      |      10.65      |      50.97      |      29.35      | 15.19 |
+-----------------+-----------------+-----------------+-----------------+-------+
+performance on testing set---------+-----------------+-----------------+------+
| Rank@1,mIoU@0.3 | Rank@1,mIoU@0.5 | Rank@5,mIoU@0.3 | Rank@5,mIoU@0.5 | mIoU |
+-----------------+-----------------+-----------------+-----------------+------+
|       0.00      |       0.00      |       0.00      |       0.00      | 0.00 |
+-----------------+-----------------+-----------------+-----------------+------+

2026-04-23 04:01:30,154 
iter: 32250 train loss 0.2049 val loss 0.2911 test loss 0.0749
+performance on training set--------+-----------------+-----------------+-------+
| Rank@1,mIoU@0.3 | Rank@1,mIoU@0.5 | Rank@5,mIoU@0.3 | Rank@5,mIoU@0.5 | mIoU  |
+-----------------+-----------------+-----------------+-----------------+-------+
|      69.61      |      43.78      |      81.14      |      66.08      | 43.30 |
+-----------------+-----------------+-----------------+-----------------+-------+
+performance on validation set------+-----------------+-----------------+-------+
| Rank@1,mIoU@0.3 | Rank@1,mIoU@0.5 | Rank@5,mIoU@0.3 | Rank@5,mIoU@0.5 | mIoU  |
+-----------------+-----------------+-----------------+-----------------+-------+
|      20.97      |      10.32      |      52.26      |      30.65      | 15.19 |
+-----------------+-----------------+-----------------+-----------------+-------+
+performance on testing set---------+-----------------+-----------------+------+
| Rank@1,mIoU@0.3 | Rank@1,mIoU@0.5 | Rank@5,mIoU@0.3 | Rank@5,mIoU@0.5 | mIoU |
+-----------------+-----------------+-----------------+-----------------+------+
|       0.00      |       0.00      |       0.00      |       0.00      | 0.00 |
+-----------------+-----------------+-----------------+-----------------+------+

2026-04-23 04:05:24,466 
iter: 32500 train loss 0.2038 val loss 0.2927 test loss 0.0739
+performance on training set--------+-----------------+-----------------+-------+
| Rank@1,mIoU@0.3 | Rank@1,mIoU@0.5 | Rank@5,mIoU@0.3 | Rank@5,mIoU@0.5 | mIoU  |
+-----------------+-----------------+-----------------+-----------------+-------+
|      69.69      |      43.58      |      81.02      |      66.19      | 43.15 |
+-----------------+-----------------+-----------------+-----------------+-------+
+performance on validation set------+-----------------+-----------------+-------+
| Rank@1,mIoU@0.3 | Rank@1,mIoU@0.5 | Rank@5,mIoU@0.3 | Rank@5,mIoU@0.5 | mIoU  |
+-----------------+-----------------+-----------------+-----------------+-------+
|      20.97      |      10.00      |      50.32      |      28.71      | 15.18 |
+-----------------+-----------------+-----------------+-----------------+-------+
+performance on testing set---------+-----------------+-----------------+------+
| Rank@1,mIoU@0.3 | Rank@1,mIoU@0.5 | Rank@5,mIoU@0.3 | Rank@5,mIoU@0.5 | mIoU |
+-----------------+-----------------+-----------------+-----------------+------+
|       0.00      |       0.00      |       0.00      |       0.00      | 0.00 |
+-----------------+-----------------+-----------------+-----------------+------+

2026-04-23 04:09:17,882 
iter: 32750 train loss 0.2041 val loss 0.2926 test loss 0.0751
+performance on training set--------+-----------------+-----------------+-------+
| Rank@1,mIoU@0.3 | Rank@1,mIoU@0.5 | Rank@5,mIoU@0.3 | Rank@5,mIoU@0.5 | mIoU  |
+-----------------+-----------------+-----------------+-----------------+-------+
|      69.57      |      43.64      |      81.02      |      66.27      | 43.08 |
+-----------------+-----------------+-----------------+-----------------+-------+
+performance on validation set------+-----------------+-----------------+-------+
| Rank@1,mIoU@0.3 | Rank@1,mIoU@0.5 | Rank@5,mIoU@0.3 | Rank@5,mIoU@0.5 | mIoU  |
+-----------------+-----------------+-----------------+-----------------+-------+
|      19.68      |       9.68      |      51.29      |      29.03      | 14.94 |
+-----------------+-----------------+-----------------+-----------------+-------+
+performance on testing set---------+-----------------+-----------------+------+
| Rank@1,mIoU@0.3 | Rank@1,mIoU@0.5 | Rank@5,mIoU@0.3 | Rank@5,mIoU@0.5 | mIoU |
+-----------------+-----------------+-----------------+-----------------+------+
|       0.00      |       0.00      |       0.00      |       0.00      | 0.00 |
+-----------------+-----------------+-----------------+-----------------+------+

2026-04-23 04:13:11,151 
iter: 33000 train loss 0.2046 val loss 0.2942 test loss 0.0730
+performance on training set--------+-----------------+-----------------+-------+
| Rank@1,mIoU@0.3 | Rank@1,mIoU@0.5 | Rank@5,mIoU@0.3 | Rank@5,mIoU@0.5 | mIoU  |
+-----------------+-----------------+-----------------+-----------------+-------+
|      69.75      |      43.51      |      81.00      |      66.11      | 43.24 |
+-----------------+-----------------+-----------------+-----------------+-------+
+performance on validation set------+-----------------+-----------------+-------+
| Rank@1,mIoU@0.3 | Rank@1,mIoU@0.5 | Rank@5,mIoU@0.3 | Rank@5,mIoU@0.5 | mIoU  |
+-----------------+-----------------+-----------------+-----------------+-------+
|      20.65      |      10.32      |      50.97      |      28.39      | 15.25 |
+-----------------+-----------------+-----------------+-----------------+-------+
+performance on testing set---------+-----------------+-----------------+------+
| Rank@1,mIoU@0.3 | Rank@1,mIoU@0.5 | Rank@5,mIoU@0.3 | Rank@5,mIoU@0.5 | mIoU |
+-----------------+-----------------+-----------------+-----------------+------+
|       0.00      |       0.00      |       0.00      |       0.00      | 0.00 |
+-----------------+-----------------+-----------------+-----------------+------+

2026-04-23 04:17:05,303 
iter: 33250 train loss 0.2026 val loss 0.2936 test loss 0.0748
+performance on training set--------+-----------------+-----------------+-------+
| Rank@1,mIoU@0.3 | Rank@1,mIoU@0.5 | Rank@5,mIoU@0.3 | Rank@5,mIoU@0.5 | mIoU  |
+-----------------+-----------------+-----------------+-----------------+-------+
|      69.63      |      43.61      |      81.10      |      66.13      | 43.12 |
+-----------------+-----------------+-----------------+-----------------+-------+
+performance on validation set------+-----------------+-----------------+-------+
| Rank@1,mIoU@0.3 | Rank@1,mIoU@0.5 | Rank@5,mIoU@0.3 | Rank@5,mIoU@0.5 | mIoU  |
+-----------------+-----------------+-----------------+-----------------+-------+
|      20.32      |      10.65      |      51.61      |      28.71      | 15.04 |
+-----------------+-----------------+-----------------+-----------------+-------+
+performance on testing set---------+-----------------+-----------------+------+
| Rank@1,mIoU@0.3 | Rank@1,mIoU@0.5 | Rank@5,mIoU@0.3 | Rank@5,mIoU@0.5 | mIoU |
+-----------------+-----------------+-----------------+-----------------+------+
|       0.00      |       0.00      |       0.00      |       0.00      | 0.00 |
+-----------------+-----------------+-----------------+-----------------+------+

2026-04-23 04:20:58,310 
iter: 33500 train loss 0.2057 val loss 0.2931 test loss 0.0736
+performance on training set--------+-----------------+-----------------+-------+
| Rank@1,mIoU@0.3 | Rank@1,mIoU@0.5 | Rank@5,mIoU@0.3 | Rank@5,mIoU@0.5 | mIoU  |
+-----------------+-----------------+-----------------+-----------------+-------+
|      69.74      |      43.72      |      81.05      |      66.22      | 43.21 |
+-----------------+-----------------+-----------------+-----------------+-------+
+performance on validation set------+-----------------+-----------------+-------+
| Rank@1,mIoU@0.3 | Rank@1,mIoU@0.5 | Rank@5,mIoU@0.3 | Rank@5,mIoU@0.5 | mIoU  |
+-----------------+-----------------+-----------------+-----------------+-------+
|      20.97      |      10.32      |      51.29      |      29.35      | 15.22 |
+-----------------+-----------------+-----------------+-----------------+-------+
+performance on testing set---------+-----------------+-----------------+------+
| Rank@1,mIoU@0.3 | Rank@1,mIoU@0.5 | Rank@5,mIoU@0.3 | Rank@5,mIoU@0.5 | mIoU |
+-----------------+-----------------+-----------------+-----------------+------+
|       0.00      |       0.00      |       0.00      |       0.00      | 0.00 |
+-----------------+-----------------+-----------------+-----------------+------+

2026-04-23 04:24:54,037 
iter: 33750 train loss 0.2029 val loss 0.2934 test loss 0.0720
+performance on training set--------+-----------------+-----------------+-------+
| Rank@1,mIoU@0.3 | Rank@1,mIoU@0.5 | Rank@5,mIoU@0.3 | Rank@5,mIoU@0.5 | mIoU  |
+-----------------+-----------------+-----------------+-----------------+-------+
|      69.69      |      43.74      |      81.09      |      66.26      | 43.16 |
+-----------------+-----------------+-----------------+-----------------+-------+
+performance on validation set------+-----------------+-----------------+-------+
| Rank@1,mIoU@0.3 | Rank@1,mIoU@0.5 | Rank@5,mIoU@0.3 | Rank@5,mIoU@0.5 | mIoU  |
+-----------------+-----------------+-----------------+-----------------+-------+
|      20.65      |      10.65      |      51.29      |      29.03      | 15.11 |
+-----------------+-----------------+-----------------+-----------------+-------+
+performance on testing set---------+-----------------+-----------------+------+
| Rank@1,mIoU@0.3 | Rank@1,mIoU@0.5 | Rank@5,mIoU@0.3 | Rank@5,mIoU@0.5 | mIoU |
+-----------------+-----------------+-----------------+-----------------+------+
|       0.00      |       0.00      |       0.00      |       0.00      | 0.00 |
+-----------------+-----------------+-----------------+-----------------+------+

2026-04-23 04:28:47,314 
iter: 34000 train loss 0.2042 val loss 0.2918 test loss 0.0667
+performance on training set--------+-----------------+-----------------+-------+
| Rank@1,mIoU@0.3 | Rank@1,mIoU@0.5 | Rank@5,mIoU@0.3 | Rank@5,mIoU@0.5 | mIoU  |
+-----------------+-----------------+-----------------+-----------------+-------+
|      69.88      |      44.02      |      81.07      |      66.18      | 43.37 |
+-----------------+-----------------+-----------------+-----------------+-------+
+performance on validation set------+-----------------+-----------------+-------+
| Rank@1,mIoU@0.3 | Rank@1,mIoU@0.5 | Rank@5,mIoU@0.3 | Rank@5,mIoU@0.5 | mIoU  |
+-----------------+-----------------+-----------------+-----------------+-------+
|      19.35      |      10.32      |      50.32      |      28.39      | 14.59 |
+-----------------+-----------------+-----------------+-----------------+-------+
+performance on testing set---------+-----------------+-----------------+------+
| Rank@1,mIoU@0.3 | Rank@1,mIoU@0.5 | Rank@5,mIoU@0.3 | Rank@5,mIoU@0.5 | mIoU |
+-----------------+-----------------+-----------------+-----------------+------+
|       0.00      |       0.00      |       0.00      |       0.00      | 0.00 |
+-----------------+-----------------+-----------------+-----------------+------+

2026-04-23 04:32:40,045 
iter: 34250 train loss 0.2040 val loss 0.2931 test loss 0.0719
+performance on training set--------+-----------------+-----------------+-------+
| Rank@1,mIoU@0.3 | Rank@1,mIoU@0.5 | Rank@5,mIoU@0.3 | Rank@5,mIoU@0.5 | mIoU  |
+-----------------+-----------------+-----------------+-----------------+-------+
|      69.82      |      43.76      |      81.09      |      66.28      | 43.28 |
+-----------------+-----------------+-----------------+-----------------+-------+
+performance on validation set------+-----------------+-----------------+-------+
| Rank@1,mIoU@0.3 | Rank@1,mIoU@0.5 | Rank@5,mIoU@0.3 | Rank@5,mIoU@0.5 | mIoU  |
+-----------------+-----------------+-----------------+-----------------+-------+
|      21.29      |      11.29      |      50.97      |      28.71      | 15.03 |
+-----------------+-----------------+-----------------+-----------------+-------+
+performance on testing set---------+-----------------+-----------------+------+
| Rank@1,mIoU@0.3 | Rank@1,mIoU@0.5 | Rank@5,mIoU@0.3 | Rank@5,mIoU@0.5 | mIoU |
+-----------------+-----------------+-----------------+-----------------+------+
|       0.00      |       0.00      |       0.00      |       0.00      | 0.00 |
+-----------------+-----------------+-----------------+-----------------+------+

2026-04-23 04:36:33,262 
iter: 34500 train loss 0.2039 val loss 0.2942 test loss 0.0729
+performance on training set--------+-----------------+-----------------+-------+
| Rank@1,mIoU@0.3 | Rank@1,mIoU@0.5 | Rank@5,mIoU@0.3 | Rank@5,mIoU@0.5 | mIoU  |
+-----------------+-----------------+-----------------+-----------------+-------+
|      69.77      |      43.43      |      81.02      |      66.16      | 43.17 |
+-----------------+-----------------+-----------------+-----------------+-------+
+performance on validation set------+-----------------+-----------------+-------+
| Rank@1,mIoU@0.3 | Rank@1,mIoU@0.5 | Rank@5,mIoU@0.3 | Rank@5,mIoU@0.5 | mIoU  |
+-----------------+-----------------+-----------------+-----------------+-------+
|      20.32      |      10.65      |      49.03      |      29.03      | 15.17 |
+-----------------+-----------------+-----------------+-----------------+-------+
+performance on testing set---------+-----------------+-----------------+------+
| Rank@1,mIoU@0.3 | Rank@1,mIoU@0.5 | Rank@5,mIoU@0.3 | Rank@5,mIoU@0.5 | mIoU |
+-----------------+-----------------+-----------------+-----------------+------+
|       0.00      |       0.00      |       0.00      |       0.00      | 0.00 |
+-----------------+-----------------+-----------------+-----------------+------+

2026-04-23 04:40:27,291 
iter: 34750 train loss 0.2033 val loss 0.2922 test loss 0.0724
+performance on training set--------+-----------------+-----------------+-------+
| Rank@1,mIoU@0.3 | Rank@1,mIoU@0.5 | Rank@5,mIoU@0.3 | Rank@5,mIoU@0.5 | mIoU  |
+-----------------+-----------------+-----------------+-----------------+-------+
|      69.79      |      43.64      |      81.17      |      66.38      | 43.24 |
+-----------------+-----------------+-----------------+-----------------+-------+
+performance on validation set------+-----------------+-----------------+-------+
| Rank@1,mIoU@0.3 | Rank@1,mIoU@0.5 | Rank@5,mIoU@0.3 | Rank@5,mIoU@0.5 | mIoU  |
+-----------------+-----------------+-----------------+-----------------+-------+
|      20.32      |      10.00      |      50.65      |      30.00      | 14.96 |
+-----------------+-----------------+-----------------+-----------------+-------+
+performance on testing set---------+-----------------+-----------------+------+
| Rank@1,mIoU@0.3 | Rank@1,mIoU@0.5 | Rank@5,mIoU@0.3 | Rank@5,mIoU@0.5 | mIoU |
+-----------------+-----------------+-----------------+-----------------+------+
|       0.00      |       0.00      |       0.00      |       0.00      | 0.00 |
+-----------------+-----------------+-----------------+-----------------+------+

2026-04-23 04:44:23,055 
iter: 35000 train loss 0.2043 val loss 0.2936 test loss 0.0725
+performance on training set--------+-----------------+-----------------+-------+
| Rank@1,mIoU@0.3 | Rank@1,mIoU@0.5 | Rank@5,mIoU@0.3 | Rank@5,mIoU@0.5 | mIoU  |
+-----------------+-----------------+-----------------+-----------------+-------+
|      69.88      |      43.77      |      81.05      |      66.18      | 43.25 |
+-----------------+-----------------+-----------------+-----------------+-------+
+performance on validation set------+-----------------+-----------------+-------+
| Rank@1,mIoU@0.3 | Rank@1,mIoU@0.5 | Rank@5,mIoU@0.3 | Rank@5,mIoU@0.5 | mIoU  |
+-----------------+-----------------+-----------------+-----------------+-------+
|      20.65      |      10.65      |      51.29      |      28.06      | 15.47 |
+-----------------+-----------------+-----------------+-----------------+-------+
+performance on testing set---------+-----------------+-----------------+------+
| Rank@1,mIoU@0.3 | Rank@1,mIoU@0.5 | Rank@5,mIoU@0.3 | Rank@5,mIoU@0.5 | mIoU |
+-----------------+-----------------+-----------------+-----------------+------+
|       0.00      |       0.00      |       0.00      |       0.00      | 0.00 |
+-----------------+-----------------+-----------------+-----------------+------+

2026-04-23 04:48:14,521 
iter: 35250 train loss 0.2045 val loss 0.2945 test loss 0.0740
+performance on training set--------+-----------------+-----------------+-------+
| Rank@1,mIoU@0.3 | Rank@1,mIoU@0.5 | Rank@5,mIoU@0.3 | Rank@5,mIoU@0.5 | mIoU  |
+-----------------+-----------------+-----------------+-----------------+-------+
|      69.75      |      43.92      |      81.01      |      66.18      | 43.24 |
+-----------------+-----------------+-----------------+-----------------+-------+
+performance on validation set------+-----------------+-----------------+-------+
| Rank@1,mIoU@0.3 | Rank@1,mIoU@0.5 | Rank@5,mIoU@0.3 | Rank@5,mIoU@0.5 | mIoU  |
+-----------------+-----------------+-----------------+-----------------+-------+
|      20.65      |      10.32      |      50.97      |      30.00      | 15.30 |
+-----------------+-----------------+-----------------+-----------------+-------+
+performance on testing set---------+-----------------+-----------------+------+
| Rank@1,mIoU@0.3 | Rank@1,mIoU@0.5 | Rank@5,mIoU@0.3 | Rank@5,mIoU@0.5 | mIoU |
+-----------------+-----------------+-----------------+-----------------+------+
|       0.00      |       0.00      |       0.00      |       0.00      | 0.00 |
+-----------------+-----------------+-----------------+-----------------+------+

2026-04-23 04:52:06,933 
iter: 35500 train loss 0.2023 val loss 0.2937 test loss 0.0709
+performance on training set--------+-----------------+-----------------+-------+
| Rank@1,mIoU@0.3 | Rank@1,mIoU@0.5 | Rank@5,mIoU@0.3 | Rank@5,mIoU@0.5 | mIoU  |
+-----------------+-----------------+-----------------+-----------------+-------+
|      69.88      |      43.93      |      81.01      |      66.31      | 43.32 |
+-----------------+-----------------+-----------------+-----------------+-------+
+performance on validation set------+-----------------+-----------------+-------+
| Rank@1,mIoU@0.3 | Rank@1,mIoU@0.5 | Rank@5,mIoU@0.3 | Rank@5,mIoU@0.5 | mIoU  |
+-----------------+-----------------+-----------------+-----------------+-------+
|      20.65      |      10.65      |      50.97      |      28.39      | 15.30 |
+-----------------+-----------------+-----------------+-----------------+-------+
+performance on testing set---------+-----------------+-----------------+------+
| Rank@1,mIoU@0.3 | Rank@1,mIoU@0.5 | Rank@5,mIoU@0.3 | Rank@5,mIoU@0.5 | mIoU |
+-----------------+-----------------+-----------------+-----------------+------+
|       0.00      |       0.00      |       0.00      |       0.00      | 0.00 |
+-----------------+-----------------+-----------------+-----------------+------+

2026-04-23 04:56:02,427 
iter: 35750 train loss 0.2033 val loss 0.2926 test loss 0.0704
+performance on training set--------+-----------------+-----------------+-------+
| Rank@1,mIoU@0.3 | Rank@1,mIoU@0.5 | Rank@5,mIoU@0.3 | Rank@5,mIoU@0.5 | mIoU  |
+-----------------+-----------------+-----------------+-----------------+-------+
|      69.77      |      44.05      |      80.92      |      66.34      | 43.39 |
+-----------------+-----------------+-----------------+-----------------+-------+
+performance on validation set------+-----------------+-----------------+-------+
| Rank@1,mIoU@0.3 | Rank@1,mIoU@0.5 | Rank@5,mIoU@0.3 | Rank@5,mIoU@0.5 | mIoU  |
+-----------------+-----------------+-----------------+-----------------+-------+
|      21.29      |      10.97      |      52.58      |      29.68      | 15.20 |
+-----------------+-----------------+-----------------+-----------------+-------+
+performance on testing set---------+-----------------+-----------------+------+
| Rank@1,mIoU@0.3 | Rank@1,mIoU@0.5 | Rank@5,mIoU@0.3 | Rank@5,mIoU@0.5 | mIoU |
+-----------------+-----------------+-----------------+-----------------+------+
|       0.00      |       0.00      |       0.00      |       0.00      | 0.00 |
+-----------------+-----------------+-----------------+-----------------+------+

2026-04-23 04:59:55,336 
iter: 36000 train loss 0.2030 val loss 0.2938 test loss 0.0721
+performance on training set--------+-----------------+-----------------+-------+
| Rank@1,mIoU@0.3 | Rank@1,mIoU@0.5 | Rank@5,mIoU@0.3 | Rank@5,mIoU@0.5 | mIoU  |
+-----------------+-----------------+-----------------+-----------------+-------+
|      69.85      |      43.92      |      81.10      |      66.28      | 43.35 |
+-----------------+-----------------+-----------------+-----------------+-------+
+performance on validation set------+-----------------+-----------------+-------+
| Rank@1,mIoU@0.3 | Rank@1,mIoU@0.5 | Rank@5,mIoU@0.3 | Rank@5,mIoU@0.5 | mIoU  |
+-----------------+-----------------+-----------------+-----------------+-------+
|      21.29      |       9.68      |      51.29      |      29.68      | 15.20 |
+-----------------+-----------------+-----------------+-----------------+-------+
+performance on testing set---------+-----------------+-----------------+------+
| Rank@1,mIoU@0.3 | Rank@1,mIoU@0.5 | Rank@5,mIoU@0.3 | Rank@5,mIoU@0.5 | mIoU |
+-----------------+-----------------+-----------------+-----------------+------+
|       0.00      |       0.00      |       0.00      |       0.00      | 0.00 |
+-----------------+-----------------+-----------------+-----------------+------+

2026-04-23 05:03:52,310 
iter: 36250 train loss 0.2039 val loss 0.2943 test loss 0.0721
+performance on training set--------+-----------------+-----------------+-------+
| Rank@1,mIoU@0.3 | Rank@1,mIoU@0.5 | Rank@5,mIoU@0.3 | Rank@5,mIoU@0.5 | mIoU  |
+-----------------+-----------------+-----------------+-----------------+-------+
|      69.89      |      43.82      |      80.95      |      66.33      | 43.28 |
+-----------------+-----------------+-----------------+-----------------+-------+
+performance on validation set------+-----------------+-----------------+-------+
| Rank@1,mIoU@0.3 | Rank@1,mIoU@0.5 | Rank@5,mIoU@0.3 | Rank@5,mIoU@0.5 | mIoU  |
+-----------------+-----------------+-----------------+-----------------+-------+
|      20.65      |      10.97      |      49.68      |      29.68      | 15.35 |
+-----------------+-----------------+-----------------+-----------------+-------+
+performance on testing set---------+-----------------+-----------------+------+
| Rank@1,mIoU@0.3 | Rank@1,mIoU@0.5 | Rank@5,mIoU@0.3 | Rank@5,mIoU@0.5 | mIoU |
+-----------------+-----------------+-----------------+-----------------+------+
|       0.00      |       0.00      |       0.00      |       0.00      | 0.00 |
+-----------------+-----------------+-----------------+-----------------+------+

2026-04-23 05:07:44,636 
iter: 36500 train loss 0.2030 val loss 0.2940 test loss 0.0709
+performance on training set--------+-----------------+-----------------+-------+
| Rank@1,mIoU@0.3 | Rank@1,mIoU@0.5 | Rank@5,mIoU@0.3 | Rank@5,mIoU@0.5 | mIoU  |
+-----------------+-----------------+-----------------+-----------------+-------+
|      69.90      |      44.09      |      81.09      |      66.27      | 43.32 |
+-----------------+-----------------+-----------------+-----------------+-------+
+performance on validation set------+-----------------+-----------------+-------+
| Rank@1,mIoU@0.3 | Rank@1,mIoU@0.5 | Rank@5,mIoU@0.3 | Rank@5,mIoU@0.5 | mIoU  |
+-----------------+-----------------+-----------------+-----------------+-------+
|      20.65      |      10.32      |      51.29      |      29.68      | 15.22 |
+-----------------+-----------------+-----------------+-----------------+-------+
+performance on testing set---------+-----------------+-----------------+------+
| Rank@1,mIoU@0.3 | Rank@1,mIoU@0.5 | Rank@5,mIoU@0.3 | Rank@5,mIoU@0.5 | mIoU |
+-----------------+-----------------+-----------------+-----------------+------+
|       0.00      |       0.00      |       0.00      |       0.00      | 0.00 |
+-----------------+-----------------+-----------------+-----------------+------+

2026-04-23 05:11:38,775 
iter: 36750 train loss 0.2043 val loss 0.2937 test loss 0.0728
+performance on training set--------+-----------------+-----------------+-------+
| Rank@1,mIoU@0.3 | Rank@1,mIoU@0.5 | Rank@5,mIoU@0.3 | Rank@5,mIoU@0.5 | mIoU  |
+-----------------+-----------------+-----------------+-----------------+-------+
|      69.94      |      44.07      |      81.09      |      66.34      | 43.40 |
+-----------------+-----------------+-----------------+-----------------+-------+
+performance on validation set------+-----------------+-----------------+-------+
| Rank@1,mIoU@0.3 | Rank@1,mIoU@0.5 | Rank@5,mIoU@0.3 | Rank@5,mIoU@0.5 | mIoU  |
+-----------------+-----------------+-----------------+-----------------+-------+
|      20.65      |      10.32      |      50.00      |      28.39      | 15.53 |
+-----------------+-----------------+-----------------+-----------------+-------+
+performance on testing set---------+-----------------+-----------------+------+
| Rank@1,mIoU@0.3 | Rank@1,mIoU@0.5 | Rank@5,mIoU@0.3 | Rank@5,mIoU@0.5 | mIoU |
+-----------------+-----------------+-----------------+-----------------+------+
|       0.00      |       0.00      |       0.00      |       0.00      | 0.00 |
+-----------------+-----------------+-----------------+-----------------+------+

2026-04-23 05:15:34,277 
iter: 37000 train loss 0.2030 val loss 0.2936 test loss 0.0714
+performance on training set--------+-----------------+-----------------+-------+
| Rank@1,mIoU@0.3 | Rank@1,mIoU@0.5 | Rank@5,mIoU@0.3 | Rank@5,mIoU@0.5 | mIoU  |
+-----------------+-----------------+-----------------+-----------------+-------+
|      70.00      |      43.90      |      81.11      |      66.23      | 43.35 |
+-----------------+-----------------+-----------------+-----------------+-------+
+performance on validation set------+-----------------+-----------------+-------+
| Rank@1,mIoU@0.3 | Rank@1,mIoU@0.5 | Rank@5,mIoU@0.3 | Rank@5,mIoU@0.5 | mIoU  |
+-----------------+-----------------+-----------------+-----------------+-------+
|      20.32      |      10.65      |      50.97      |      30.65      | 15.22 |
+-----------------+-----------------+-----------------+-----------------+-------+
+performance on testing set---------+-----------------+-----------------+------+
| Rank@1,mIoU@0.3 | Rank@1,mIoU@0.5 | Rank@5,mIoU@0.3 | Rank@5,mIoU@0.5 | mIoU |
+-----------------+-----------------+-----------------+-----------------+------+
|       0.00      |       0.00      |       0.00      |       0.00      | 0.00 |
+-----------------+-----------------+-----------------+-----------------+------+

2026-04-23 05:19:27,582 
iter: 37250 train loss 0.2029 val loss 0.2953 test loss 0.0742
+performance on training set--------+-----------------+-----------------+-------+
| Rank@1,mIoU@0.3 | Rank@1,mIoU@0.5 | Rank@5,mIoU@0.3 | Rank@5,mIoU@0.5 | mIoU  |
+-----------------+-----------------+-----------------+-----------------+-------+
|      69.93      |      43.89      |      81.07      |      66.21      | 43.34 |
+-----------------+-----------------+-----------------+-----------------+-------+
+performance on validation set------+-----------------+-----------------+-------+
| Rank@1,mIoU@0.3 | Rank@1,mIoU@0.5 | Rank@5,mIoU@0.3 | Rank@5,mIoU@0.5 | mIoU  |
+-----------------+-----------------+-----------------+-----------------+-------+
|      20.00      |      10.00      |      50.97      |      28.71      | 15.33 |
+-----------------+-----------------+-----------------+-----------------+-------+
+performance on testing set---------+-----------------+-----------------+------+
| Rank@1,mIoU@0.3 | Rank@1,mIoU@0.5 | Rank@5,mIoU@0.3 | Rank@5,mIoU@0.5 | mIoU |
+-----------------+-----------------+-----------------+-----------------+------+
|       0.00      |       0.00      |       0.00      |       0.00      | 0.00 |
+-----------------+-----------------+-----------------+-----------------+------+

2026-04-23 05:23:19,632 
iter: 37500 train loss 0.2029 val loss 0.2955 test loss 0.0761
+performance on training set--------+-----------------+-----------------+-------+
| Rank@1,mIoU@0.3 | Rank@1,mIoU@0.5 | Rank@5,mIoU@0.3 | Rank@5,mIoU@0.5 | mIoU  |
+-----------------+-----------------+-----------------+-----------------+-------+
|      69.90      |      43.90      |      81.11      |      66.19      | 43.31 |
+-----------------+-----------------+-----------------+-----------------+-------+
+performance on validation set------+-----------------+-----------------+-------+
| Rank@1,mIoU@0.3 | Rank@1,mIoU@0.5 | Rank@5,mIoU@0.3 | Rank@5,mIoU@0.5 | mIoU  |
+-----------------+-----------------+-----------------+-----------------+-------+
|      20.65      |      10.00      |      50.32      |      28.71      | 15.46 |
+-----------------+-----------------+-----------------+-----------------+-------+
+performance on testing set---------+-----------------+-----------------+------+
| Rank@1,mIoU@0.3 | Rank@1,mIoU@0.5 | Rank@5,mIoU@0.3 | Rank@5,mIoU@0.5 | mIoU |
+-----------------+-----------------+-----------------+-----------------+------+
|       0.00      |       0.00      |       0.00      |       0.00      | 0.00 |
+-----------------+-----------------+-----------------+-----------------+------+

2026-04-23 05:27:13,756 
iter: 37750 train loss 0.2027 val loss 0.2942 test loss 0.0725
+performance on training set--------+-----------------+-----------------+-------+
| Rank@1,mIoU@0.3 | Rank@1,mIoU@0.5 | Rank@5,mIoU@0.3 | Rank@5,mIoU@0.5 | mIoU  |
+-----------------+-----------------+-----------------+-----------------+-------+
|      69.97      |      43.87      |      81.07      |      66.53      | 43.36 |
+-----------------+-----------------+-----------------+-----------------+-------+
+performance on validation set------+-----------------+-----------------+-------+
| Rank@1,mIoU@0.3 | Rank@1,mIoU@0.5 | Rank@5,mIoU@0.3 | Rank@5,mIoU@0.5 | mIoU  |
+-----------------+-----------------+-----------------+-----------------+-------+
|      21.29      |       9.68      |      50.65      |      28.71      | 15.37 |
+-----------------+-----------------+-----------------+-----------------+-------+
+performance on testing set---------+-----------------+-----------------+------+
| Rank@1,mIoU@0.3 | Rank@1,mIoU@0.5 | Rank@5,mIoU@0.3 | Rank@5,mIoU@0.5 | mIoU |
+-----------------+-----------------+-----------------+-----------------+------+
|       0.00      |       0.00      |       0.00      |       0.00      | 0.00 |
+-----------------+-----------------+-----------------+-----------------+------+

2026-04-23 05:31:06,724 
iter: 38000 train loss 0.2029 val loss 0.2945 test loss 0.0734
+performance on training set--------+-----------------+-----------------+-------+
| Rank@1,mIoU@0.3 | Rank@1,mIoU@0.5 | Rank@5,mIoU@0.3 | Rank@5,mIoU@0.5 | mIoU  |
+-----------------+-----------------+-----------------+-----------------+-------+
|      70.02      |      44.09      |      81.09      |      66.29      | 43.42 |
+-----------------+-----------------+-----------------+-----------------+-------+
+performance on validation set------+-----------------+-----------------+-------+
| Rank@1,mIoU@0.3 | Rank@1,mIoU@0.5 | Rank@5,mIoU@0.3 | Rank@5,mIoU@0.5 | mIoU  |
+-----------------+-----------------+-----------------+-----------------+-------+
|      21.61      |      10.32      |      52.58      |      28.06      | 15.59 |
+-----------------+-----------------+-----------------+-----------------+-------+
+performance on testing set---------+-----------------+-----------------+------+
| Rank@1,mIoU@0.3 | Rank@1,mIoU@0.5 | Rank@5,mIoU@0.3 | Rank@5,mIoU@0.5 | mIoU |
+-----------------+-----------------+-----------------+-----------------+------+
|       0.00      |       0.00      |       0.00      |       0.00      | 0.00 |
+-----------------+-----------------+-----------------+-----------------+------+

2026-04-23 05:34:58,768 
iter: 38250 train loss 0.2036 val loss 0.2953 test loss 0.0749
+performance on training set--------+-----------------+-----------------+-------+
| Rank@1,mIoU@0.3 | Rank@1,mIoU@0.5 | Rank@5,mIoU@0.3 | Rank@5,mIoU@0.5 | mIoU  |
+-----------------+-----------------+-----------------+-----------------+-------+
|      69.94      |      43.98      |      81.05      |      66.19      | 43.37 |
+-----------------+-----------------+-----------------+-----------------+-------+
+performance on validation set------+-----------------+-----------------+-------+
| Rank@1,mIoU@0.3 | Rank@1,mIoU@0.5 | Rank@5,mIoU@0.3 | Rank@5,mIoU@0.5 | mIoU  |
+-----------------+-----------------+-----------------+-----------------+-------+
|      21.94      |      10.65      |      50.65      |      28.39      | 16.04 |
+-----------------+-----------------+-----------------+-----------------+-------+
+performance on testing set---------+-----------------+-----------------+------+
| Rank@1,mIoU@0.3 | Rank@1,mIoU@0.5 | Rank@5,mIoU@0.3 | Rank@5,mIoU@0.5 | mIoU |
+-----------------+-----------------+-----------------+-----------------+------+
|       0.00      |       0.00      |       0.00      |       0.00      | 0.00 |
+-----------------+-----------------+-----------------+-----------------+------+

2026-04-23 05:38:50,574 
iter: 38500 train loss 0.2032 val loss 0.2952 test loss 0.0736
+performance on training set--------+-----------------+-----------------+-------+
| Rank@1,mIoU@0.3 | Rank@1,mIoU@0.5 | Rank@5,mIoU@0.3 | Rank@5,mIoU@0.5 | mIoU  |
+-----------------+-----------------+-----------------+-----------------+-------+
|      69.98      |      44.07      |      81.14      |      66.19      | 43.36 |
+-----------------+-----------------+-----------------+-----------------+-------+
+performance on validation set------+-----------------+-----------------+-------+
| Rank@1,mIoU@0.3 | Rank@1,mIoU@0.5 | Rank@5,mIoU@0.3 | Rank@5,mIoU@0.5 | mIoU  |
+-----------------+-----------------+-----------------+-----------------+-------+
|      21.94      |      10.32      |      50.97      |      28.39      | 15.89 |
+-----------------+-----------------+-----------------+-----------------+-------+
+performance on testing set---------+-----------------+-----------------+------+
| Rank@1,mIoU@0.3 | Rank@1,mIoU@0.5 | Rank@5,mIoU@0.3 | Rank@5,mIoU@0.5 | mIoU |
+-----------------+-----------------+-----------------+-----------------+------+
|       0.00      |       0.00      |       0.00      |       0.00      | 0.00 |
+-----------------+-----------------+-----------------+-----------------+------+

2026-04-23 05:42:43,277 
iter: 38750 train loss 0.2021 val loss 0.2954 test loss 0.0716
+performance on training set--------+-----------------+-----------------+-------+
| Rank@1,mIoU@0.3 | Rank@1,mIoU@0.5 | Rank@5,mIoU@0.3 | Rank@5,mIoU@0.5 | mIoU  |
+-----------------+-----------------+-----------------+-----------------+-------+
|      69.89      |      44.25      |      81.11      |      66.26      | 43.39 |
+-----------------+-----------------+-----------------+-----------------+-------+
+performance on validation set------+-----------------+-----------------+-------+
| Rank@1,mIoU@0.3 | Rank@1,mIoU@0.5 | Rank@5,mIoU@0.3 | Rank@5,mIoU@0.5 | mIoU  |
+-----------------+-----------------+-----------------+-----------------+-------+
|      21.61      |      10.00      |      50.65      |      28.39      | 15.60 |
+-----------------+-----------------+-----------------+-----------------+-------+
+performance on testing set---------+-----------------+-----------------+------+
| Rank@1,mIoU@0.3 | Rank@1,mIoU@0.5 | Rank@5,mIoU@0.3 | Rank@5,mIoU@0.5 | mIoU |
+-----------------+-----------------+-----------------+-----------------+------+
|       0.00      |       0.00      |       0.00      |       0.00      | 0.00 |
+-----------------+-----------------+-----------------+-----------------+------+

2026-04-23 05:46:36,529 
iter: 39000 train loss 0.2029 val loss 0.2951 test loss 0.0730
+performance on training set--------+-----------------+-----------------+-------+
| Rank@1,mIoU@0.3 | Rank@1,mIoU@0.5 | Rank@5,mIoU@0.3 | Rank@5,mIoU@0.5 | mIoU  |
+-----------------+-----------------+-----------------+-----------------+-------+
|      70.08      |      43.92      |      81.07      |      66.21      | 43.41 |
+-----------------+-----------------+-----------------+-----------------+-------+
+performance on validation set------+-----------------+-----------------+-------+
| Rank@1,mIoU@0.3 | Rank@1,mIoU@0.5 | Rank@5,mIoU@0.3 | Rank@5,mIoU@0.5 | mIoU  |
+-----------------+-----------------+-----------------+-----------------+-------+
|      21.29      |      10.65      |      50.32      |      29.03      | 15.44 |
+-----------------+-----------------+-----------------+-----------------+-------+
+performance on testing set---------+-----------------+-----------------+------+
| Rank@1,mIoU@0.3 | Rank@1,mIoU@0.5 | Rank@5,mIoU@0.3 | Rank@5,mIoU@0.5 | mIoU |
+-----------------+-----------------+-----------------+-----------------+------+
|       0.00      |       0.00      |       0.00      |       0.00      | 0.00 |
+-----------------+-----------------+-----------------+-----------------+------+

2026-04-23 05:50:31,522 
iter: 39250 train loss 0.2026 val loss 0.2952 test loss 0.0731
+performance on training set--------+-----------------+-----------------+-------+
| Rank@1,mIoU@0.3 | Rank@1,mIoU@0.5 | Rank@5,mIoU@0.3 | Rank@5,mIoU@0.5 | mIoU  |
+-----------------+-----------------+-----------------+-----------------+-------+
|      69.92      |      43.93      |      81.15      |      66.17      | 43.34 |
+-----------------+-----------------+-----------------+-----------------+-------+
+performance on validation set------+-----------------+-----------------+-------+
| Rank@1,mIoU@0.3 | Rank@1,mIoU@0.5 | Rank@5,mIoU@0.3 | Rank@5,mIoU@0.5 | mIoU  |
+-----------------+-----------------+-----------------+-----------------+-------+
|      21.29      |      10.32      |      51.94      |      28.71      | 15.86 |
+-----------------+-----------------+-----------------+-----------------+-------+
+performance on testing set---------+-----------------+-----------------+------+
| Rank@1,mIoU@0.3 | Rank@1,mIoU@0.5 | Rank@5,mIoU@0.3 | Rank@5,mIoU@0.5 | mIoU |
+-----------------+-----------------+-----------------+-----------------+------+
|       0.00      |       0.00      |       0.00      |       0.00      | 0.00 |
+-----------------+-----------------+-----------------+-----------------+------+

2026-04-23 05:54:26,204 
iter: 39500 train loss 0.2034 val loss 0.2950 test loss 0.0725
+performance on training set--------+-----------------+-----------------+-------+
| Rank@1,mIoU@0.3 | Rank@1,mIoU@0.5 | Rank@5,mIoU@0.3 | Rank@5,mIoU@0.5 | mIoU  |
+-----------------+-----------------+-----------------+-----------------+-------+
|      70.04      |      44.10      |      81.06      |      66.33      | 43.45 |
+-----------------+-----------------+-----------------+-----------------+-------+
+performance on validation set------+-----------------+-----------------+-------+
| Rank@1,mIoU@0.3 | Rank@1,mIoU@0.5 | Rank@5,mIoU@0.3 | Rank@5,mIoU@0.5 | mIoU  |
+-----------------+-----------------+-----------------+-----------------+-------+
|      20.65      |       9.68      |      50.32      |      29.68      | 15.56 |
+-----------------+-----------------+-----------------+-----------------+-------+
+performance on testing set---------+-----------------+-----------------+------+
| Rank@1,mIoU@0.3 | Rank@1,mIoU@0.5 | Rank@5,mIoU@0.3 | Rank@5,mIoU@0.5 | mIoU |
+-----------------+-----------------+-----------------+-----------------+------+
|       0.00      |       0.00      |       0.00      |       0.00      | 0.00 |
+-----------------+-----------------+-----------------+-----------------+------+

2026-04-23 05:58:20,749 
iter: 39750 train loss 0.2032 val loss 0.2954 test loss 0.0740
+performance on training set--------+-----------------+-----------------+-------+
| Rank@1,mIoU@0.3 | Rank@1,mIoU@0.5 | Rank@5,mIoU@0.3 | Rank@5,mIoU@0.5 | mIoU  |
+-----------------+-----------------+-----------------+-----------------+-------+
|      70.03      |      43.98      |      81.07      |      66.28      | 43.33 |
+-----------------+-----------------+-----------------+-----------------+-------+
+performance on validation set------+-----------------+-----------------+-------+
| Rank@1,mIoU@0.3 | Rank@1,mIoU@0.5 | Rank@5,mIoU@0.3 | Rank@5,mIoU@0.5 | mIoU  |
+-----------------+-----------------+-----------------+-----------------+-------+
|      22.90      |      10.65      |      50.97      |      28.39      | 15.63 |
+-----------------+-----------------+-----------------+-----------------+-------+
+performance on testing set---------+-----------------+-----------------+------+
| Rank@1,mIoU@0.3 | Rank@1,mIoU@0.5 | Rank@5,mIoU@0.3 | Rank@5,mIoU@0.5 | mIoU |
+-----------------+-----------------+-----------------+-----------------+------+
|       0.00      |       0.00      |       0.00      |       0.00      | 0.00 |
+-----------------+-----------------+-----------------+-----------------+------+

2026-04-23 06:02:12,105 
iter: 40000 train loss 0.2030 val loss 0.2944 test loss 0.0728
+performance on training set--------+-----------------+-----------------+-------+
| Rank@1,mIoU@0.3 | Rank@1,mIoU@0.5 | Rank@5,mIoU@0.3 | Rank@5,mIoU@0.5 | mIoU  |
+-----------------+-----------------+-----------------+-----------------+-------+
|      70.14      |      44.19      |      81.09      |      66.27      | 43.41 |
+-----------------+-----------------+-----------------+-----------------+-------+
+performance on validation set------+-----------------+-----------------+-------+
| Rank@1,mIoU@0.3 | Rank@1,mIoU@0.5 | Rank@5,mIoU@0.3 | Rank@5,mIoU@0.5 | mIoU  |
+-----------------+-----------------+-----------------+-----------------+-------+
|      20.97      |      10.00      |      49.35      |      28.39      | 15.75 |
+-----------------+-----------------+-----------------+-----------------+-------+
+performance on testing set---------+-----------------+-----------------+------+
| Rank@1,mIoU@0.3 | Rank@1,mIoU@0.5 | Rank@5,mIoU@0.3 | Rank@5,mIoU@0.5 | mIoU |
+-----------------+-----------------+-----------------+-----------------+------+
|       0.00      |       0.00      |       0.00      |       0.00      | 0.00 |
+-----------------+-----------------+-----------------+-----------------+------+

2026-04-23 06:06:04,861 
iter: 40250 train loss 0.2022 val loss 0.2946 test loss 0.0719
+performance on training set--------+-----------------+-----------------+-------+
| Rank@1,mIoU@0.3 | Rank@1,mIoU@0.5 | Rank@5,mIoU@0.3 | Rank@5,mIoU@0.5 | mIoU  |
+-----------------+-----------------+-----------------+-----------------+-------+
|      70.12      |      44.35      |      81.17      |      66.38      | 43.50 |
+-----------------+-----------------+-----------------+-----------------+-------+
+performance on validation set------+-----------------+-----------------+-------+
| Rank@1,mIoU@0.3 | Rank@1,mIoU@0.5 | Rank@5,mIoU@0.3 | Rank@5,mIoU@0.5 | mIoU  |
+-----------------+-----------------+-----------------+-----------------+-------+
|      21.61      |      10.32      |      49.68      |      28.06      | 15.64 |
+-----------------+-----------------+-----------------+-----------------+-------+
+performance on testing set---------+-----------------+-----------------+------+
| Rank@1,mIoU@0.3 | Rank@1,mIoU@0.5 | Rank@5,mIoU@0.3 | Rank@5,mIoU@0.5 | mIoU |
+-----------------+-----------------+-----------------+-----------------+------+
|       0.00      |       0.00      |       0.00      |       0.00      | 0.00 |
+-----------------+-----------------+-----------------+-----------------+------+

2026-04-23 06:10:00,977 
iter: 40500 train loss 0.2028 val loss 0.2953 test loss 0.0713
+performance on training set--------+-----------------+-----------------+-------+
| Rank@1,mIoU@0.3 | Rank@1,mIoU@0.5 | Rank@5,mIoU@0.3 | Rank@5,mIoU@0.5 | mIoU  |
+-----------------+-----------------+-----------------+-----------------+-------+
|      70.07      |      44.25      |      81.14      |      66.43      | 43.50 |
+-----------------+-----------------+-----------------+-----------------+-------+
+performance on validation set------+-----------------+-----------------+-------+
| Rank@1,mIoU@0.3 | Rank@1,mIoU@0.5 | Rank@5,mIoU@0.3 | Rank@5,mIoU@0.5 | mIoU  |
+-----------------+-----------------+-----------------+-----------------+-------+
|      20.97      |      10.32      |      50.32      |      28.06      | 15.41 |
+-----------------+-----------------+-----------------+-----------------+-------+
+performance on testing set---------+-----------------+-----------------+------+
| Rank@1,mIoU@0.3 | Rank@1,mIoU@0.5 | Rank@5,mIoU@0.3 | Rank@5,mIoU@0.5 | mIoU |
+-----------------+-----------------+-----------------+-----------------+------+
|       0.00      |       0.00      |       0.00      |       0.00      | 0.00 |
+-----------------+-----------------+-----------------+-----------------+------+

2026-04-23 06:13:55,852 
iter: 40750 train loss 0.2015 val loss 0.2955 test loss 0.0702
+performance on training set--------+-----------------+-----------------+-------+
| Rank@1,mIoU@0.3 | Rank@1,mIoU@0.5 | Rank@5,mIoU@0.3 | Rank@5,mIoU@0.5 | mIoU  |
+-----------------+-----------------+-----------------+-----------------+-------+
|      70.10      |      44.39      |      81.02      |      66.36      | 43.51 |
+-----------------+-----------------+-----------------+-----------------+-------+
+performance on validation set------+-----------------+-----------------+-------+
| Rank@1,mIoU@0.3 | Rank@1,mIoU@0.5 | Rank@5,mIoU@0.3 | Rank@5,mIoU@0.5 | mIoU  |
+-----------------+-----------------+-----------------+-----------------+-------+
|      20.65      |       9.68      |      50.97      |      29.03      | 14.85 |
+-----------------+-----------------+-----------------+-----------------+-------+
+performance on testing set---------+-----------------+-----------------+------+
| Rank@1,mIoU@0.3 | Rank@1,mIoU@0.5 | Rank@5,mIoU@0.3 | Rank@5,mIoU@0.5 | mIoU |
+-----------------+-----------------+-----------------+-----------------+------+
|       0.00      |       0.00      |       0.00      |       0.00      | 0.00 |
+-----------------+-----------------+-----------------+-----------------+------+

2026-04-23 06:17:48,740 
iter: 41000 train loss 0.2029 val loss 0.2965 test loss 0.0749
+performance on training set--------+-----------------+-----------------+-------+
| Rank@1,mIoU@0.3 | Rank@1,mIoU@0.5 | Rank@5,mIoU@0.3 | Rank@5,mIoU@0.5 | mIoU  |
+-----------------+-----------------+-----------------+-----------------+-------+
|      70.04      |      44.08      |      81.12      |      66.16      | 43.40 |
+-----------------+-----------------+-----------------+-----------------+-------+
+performance on validation set------+-----------------+-----------------+-------+
| Rank@1,mIoU@0.3 | Rank@1,mIoU@0.5 | Rank@5,mIoU@0.3 | Rank@5,mIoU@0.5 | mIoU  |
+-----------------+-----------------+-----------------+-----------------+-------+
|      21.29      |      11.29      |      50.00      |      28.71      | 15.89 |
+-----------------+-----------------+-----------------+-----------------+-------+
+performance on testing set---------+-----------------+-----------------+------+
| Rank@1,mIoU@0.3 | Rank@1,mIoU@0.5 | Rank@5,mIoU@0.3 | Rank@5,mIoU@0.5 | mIoU |
+-----------------+-----------------+-----------------+-----------------+------+
|       0.00      |       0.00      |       0.00      |       0.00      | 0.00 |
+-----------------+-----------------+-----------------+-----------------+------+

2026-04-23 06:21:41,635 
iter: 41250 train loss 0.2033 val loss 0.2954 test loss 0.0723
+performance on training set--------+-----------------+-----------------+-------+
| Rank@1,mIoU@0.3 | Rank@1,mIoU@0.5 | Rank@5,mIoU@0.3 | Rank@5,mIoU@0.5 | mIoU  |
+-----------------+-----------------+-----------------+-----------------+-------+
|      70.15      |      44.07      |      81.16      |      66.19      | 43.42 |
+-----------------+-----------------+-----------------+-----------------+-------+
+performance on validation set------+-----------------+-----------------+-------+
| Rank@1,mIoU@0.3 | Rank@1,mIoU@0.5 | Rank@5,mIoU@0.3 | Rank@5,mIoU@0.5 | mIoU  |
+-----------------+-----------------+-----------------+-----------------+-------+
|      21.29      |      10.32      |      51.29      |      28.06      | 15.71 |
+-----------------+-----------------+-----------------+-----------------+-------+
+performance on testing set---------+-----------------+-----------------+------+
| Rank@1,mIoU@0.3 | Rank@1,mIoU@0.5 | Rank@5,mIoU@0.3 | Rank@5,mIoU@0.5 | mIoU |
+-----------------+-----------------+-----------------+-----------------+------+
|       0.00      |       0.00      |       0.00      |       0.00      | 0.00 |
+-----------------+-----------------+-----------------+-----------------+------+

2026-04-23 06:25:33,501 
iter: 41500 train loss 0.2022 val loss 0.2955 test loss 0.0720
+performance on training set--------+-----------------+-----------------+-------+
| Rank@1,mIoU@0.3 | Rank@1,mIoU@0.5 | Rank@5,mIoU@0.3 | Rank@5,mIoU@0.5 | mIoU  |
+-----------------+-----------------+-----------------+-----------------+-------+
|      70.12      |      44.23      |      81.14      |      66.24      | 43.47 |
+-----------------+-----------------+-----------------+-----------------+-------+
+performance on validation set------+-----------------+-----------------+-------+
| Rank@1,mIoU@0.3 | Rank@1,mIoU@0.5 | Rank@5,mIoU@0.3 | Rank@5,mIoU@0.5 | mIoU  |
+-----------------+-----------------+-----------------+-----------------+-------+
|      20.97      |      10.97      |      50.32      |      29.03      | 15.54 |
+-----------------+-----------------+-----------------+-----------------+-------+
+performance on testing set---------+-----------------+-----------------+------+
| Rank@1,mIoU@0.3 | Rank@1,mIoU@0.5 | Rank@5,mIoU@0.3 | Rank@5,mIoU@0.5 | mIoU |
+-----------------+-----------------+-----------------+-----------------+------+
|       0.00      |       0.00      |       0.00      |       0.00      | 0.00 |
+-----------------+-----------------+-----------------+-----------------+------+

2026-04-23 06:29:27,310 
iter: 41750 train loss 0.2019 val loss 0.2959 test loss 0.0737
+performance on training set--------+-----------------+-----------------+-------+
| Rank@1,mIoU@0.3 | Rank@1,mIoU@0.5 | Rank@5,mIoU@0.3 | Rank@5,mIoU@0.5 | mIoU  |
+-----------------+-----------------+-----------------+-----------------+-------+
|      70.17      |      44.15      |      81.09      |      66.43      | 43.47 |
+-----------------+-----------------+-----------------+-----------------+-------+
+performance on validation set------+-----------------+-----------------+-------+
| Rank@1,mIoU@0.3 | Rank@1,mIoU@0.5 | Rank@5,mIoU@0.3 | Rank@5,mIoU@0.5 | mIoU  |
+-----------------+-----------------+-----------------+-----------------+-------+
|      22.58      |      10.65      |      51.94      |      28.71      | 15.93 |
+-----------------+-----------------+-----------------+-----------------+-------+
+performance on testing set---------+-----------------+-----------------+------+
| Rank@1,mIoU@0.3 | Rank@1,mIoU@0.5 | Rank@5,mIoU@0.3 | Rank@5,mIoU@0.5 | mIoU |
+-----------------+-----------------+-----------------+-----------------+------+
|       0.00      |       0.00      |       0.00      |       0.00      | 0.00 |
+-----------------+-----------------+-----------------+-----------------+------+

2026-04-23 06:33:20,520 
iter: 42000 train loss 0.2023 val loss 0.2951 test loss 0.0723
+performance on training set--------+-----------------+-----------------+-------+
| Rank@1,mIoU@0.3 | Rank@1,mIoU@0.5 | Rank@5,mIoU@0.3 | Rank@5,mIoU@0.5 | mIoU  |
+-----------------+-----------------+-----------------+-----------------+-------+
|      70.17      |      44.24      |      81.15      |      66.32      | 43.47 |
+-----------------+-----------------+-----------------+-----------------+-------+
+performance on validation set------+-----------------+-----------------+-------+
| Rank@1,mIoU@0.3 | Rank@1,mIoU@0.5 | Rank@5,mIoU@0.3 | Rank@5,mIoU@0.5 | mIoU  |
+-----------------+-----------------+-----------------+-----------------+-------+
|      20.97      |      10.65      |      50.32      |      29.03      | 15.78 |
+-----------------+-----------------+-----------------+-----------------+-------+
+performance on testing set---------+-----------------+-----------------+------+
| Rank@1,mIoU@0.3 | Rank@1,mIoU@0.5 | Rank@5,mIoU@0.3 | Rank@5,mIoU@0.5 | mIoU |
+-----------------+-----------------+-----------------+-----------------+------+
|       0.00      |       0.00      |       0.00      |       0.00      | 0.00 |
+-----------------+-----------------+-----------------+-----------------+------+

2026-04-23 06:37:14,918 
iter: 42250 train loss 0.2026 val loss 0.2954 test loss 0.0708
+performance on training set--------+-----------------+-----------------+-------+
| Rank@1,mIoU@0.3 | Rank@1,mIoU@0.5 | Rank@5,mIoU@0.3 | Rank@5,mIoU@0.5 | mIoU  |
+-----------------+-----------------+-----------------+-----------------+-------+
|      70.18      |      44.39      |      81.24      |      66.44      | 43.49 |
+-----------------+-----------------+-----------------+-----------------+-------+
+performance on validation set------+-----------------+-----------------+-------+
| Rank@1,mIoU@0.3 | Rank@1,mIoU@0.5 | Rank@5,mIoU@0.3 | Rank@5,mIoU@0.5 | mIoU  |
+-----------------+-----------------+-----------------+-----------------+-------+
|      20.65      |       9.68      |      49.35      |      28.06      | 15.28 |
+-----------------+-----------------+-----------------+-----------------+-------+
+performance on testing set---------+-----------------+-----------------+------+
| Rank@1,mIoU@0.3 | Rank@1,mIoU@0.5 | Rank@5,mIoU@0.3 | Rank@5,mIoU@0.5 | mIoU |
+-----------------+-----------------+-----------------+-----------------+------+
|       0.00      |       0.00      |       0.00      |       0.00      | 0.00 |
+-----------------+-----------------+-----------------+-----------------+------+

2026-04-23 06:41:10,226 
iter: 42500 train loss 0.2030 val loss 0.2954 test loss 0.0721
+performance on training set--------+-----------------+-----------------+-------+
| Rank@1,mIoU@0.3 | Rank@1,mIoU@0.5 | Rank@5,mIoU@0.3 | Rank@5,mIoU@0.5 | mIoU  |
+-----------------+-----------------+-----------------+-----------------+-------+
|      70.28      |      44.30      |      81.24      |      66.42      | 43.50 |
+-----------------+-----------------+-----------------+-----------------+-------+
+performance on validation set------+-----------------+-----------------+-------+
| Rank@1,mIoU@0.3 | Rank@1,mIoU@0.5 | Rank@5,mIoU@0.3 | Rank@5,mIoU@0.5 | mIoU  |
+-----------------+-----------------+-----------------+-----------------+-------+
|      20.00      |      10.65      |      48.71      |      28.71      | 15.79 |
+-----------------+-----------------+-----------------+-----------------+-------+
+performance on testing set---------+-----------------+-----------------+------+
| Rank@1,mIoU@0.3 | Rank@1,mIoU@0.5 | Rank@5,mIoU@0.3 | Rank@5,mIoU@0.5 | mIoU |
+-----------------+-----------------+-----------------+-----------------+------+
|       0.00      |       0.00      |       0.00      |       0.00      | 0.00 |
+-----------------+-----------------+-----------------+-----------------+------+

2026-04-23 06:45:05,388 
iter: 42750 train loss 0.2008 val loss 0.2955 test loss 0.0717
+performance on training set--------+-----------------+-----------------+-------+
| Rank@1,mIoU@0.3 | Rank@1,mIoU@0.5 | Rank@5,mIoU@0.3 | Rank@5,mIoU@0.5 | mIoU  |
+-----------------+-----------------+-----------------+-----------------+-------+
|      70.17      |      44.28      |      81.17      |      66.36      | 43.51 |
+-----------------+-----------------+-----------------+-----------------+-------+
+performance on validation set------+-----------------+-----------------+-------+
| Rank@1,mIoU@0.3 | Rank@1,mIoU@0.5 | Rank@5,mIoU@0.3 | Rank@5,mIoU@0.5 | mIoU  |
+-----------------+-----------------+-----------------+-----------------+-------+
|      21.61      |      10.32      |      49.68      |      28.71      | 15.48 |
+-----------------+-----------------+-----------------+-----------------+-------+
+performance on testing set---------+-----------------+-----------------+------+
| Rank@1,mIoU@0.3 | Rank@1,mIoU@0.5 | Rank@5,mIoU@0.3 | Rank@5,mIoU@0.5 | mIoU |
+-----------------+-----------------+-----------------+-----------------+------+
|       0.00      |       0.00      |       0.00      |       0.00      | 0.00 |
+-----------------+-----------------+-----------------+-----------------+------+

2026-04-23 06:49:00,967 
iter: 43000 train loss 0.2043 val loss 0.2952 test loss 0.0733
+performance on training set--------+-----------------+-----------------+-------+
| Rank@1,mIoU@0.3 | Rank@1,mIoU@0.5 | Rank@5,mIoU@0.3 | Rank@5,mIoU@0.5 | mIoU  |
+-----------------+-----------------+-----------------+-----------------+-------+
|      70.15      |      44.17      |      81.19      |      66.33      | 43.41 |
+-----------------+-----------------+-----------------+-----------------+-------+
+performance on validation set------+-----------------+-----------------+-------+
| Rank@1,mIoU@0.3 | Rank@1,mIoU@0.5 | Rank@5,mIoU@0.3 | Rank@5,mIoU@0.5 | mIoU  |
+-----------------+-----------------+-----------------+-----------------+-------+
|      21.61      |      10.65      |      49.68      |      27.74      | 15.85 |
+-----------------+-----------------+-----------------+-----------------+-------+
+performance on testing set---------+-----------------+-----------------+------+
| Rank@1,mIoU@0.3 | Rank@1,mIoU@0.5 | Rank@5,mIoU@0.3 | Rank@5,mIoU@0.5 | mIoU |
+-----------------+-----------------+-----------------+-----------------+------+
|       0.00      |       0.00      |       0.00      |       0.00      | 0.00 |
+-----------------+-----------------+-----------------+-----------------+------+

2026-04-23 06:52:51,749 
iter: 43250 train loss 0.2025 val loss 0.2957 test loss 0.0717
+performance on training set--------+-----------------+-----------------+-------+
| Rank@1,mIoU@0.3 | Rank@1,mIoU@0.5 | Rank@5,mIoU@0.3 | Rank@5,mIoU@0.5 | mIoU  |
+-----------------+-----------------+-----------------+-----------------+-------+
|      70.00      |      44.23      |      81.20      |      66.31      | 43.49 |
+-----------------+-----------------+-----------------+-----------------+-------+
+performance on validation set------+-----------------+-----------------+-------+
| Rank@1,mIoU@0.3 | Rank@1,mIoU@0.5 | Rank@5,mIoU@0.3 | Rank@5,mIoU@0.5 | mIoU  |
+-----------------+-----------------+-----------------+-----------------+-------+
|      20.65      |      10.32      |      48.39      |      27.74      | 15.56 |
+-----------------+-----------------+-----------------+-----------------+-------+
+performance on testing set---------+-----------------+-----------------+------+
| Rank@1,mIoU@0.3 | Rank@1,mIoU@0.5 | Rank@5,mIoU@0.3 | Rank@5,mIoU@0.5 | mIoU |
+-----------------+-----------------+-----------------+-----------------+------+
|       0.00      |       0.00      |       0.00      |       0.00      | 0.00 |
+-----------------+-----------------+-----------------+-----------------+------+

2026-04-23 06:56:44,959 
iter: 43500 train loss 0.2011 val loss 0.2971 test loss 0.0764
+performance on training set--------+-----------------+-----------------+-------+
| Rank@1,mIoU@0.3 | Rank@1,mIoU@0.5 | Rank@5,mIoU@0.3 | Rank@5,mIoU@0.5 | mIoU  |
+-----------------+-----------------+-----------------+-----------------+-------+
|      70.09      |      43.89      |      81.20      |      66.42      | 43.36 |
+-----------------+-----------------+-----------------+-----------------+-------+
+performance on validation set------+-----------------+-----------------+-------+
| Rank@1,mIoU@0.3 | Rank@1,mIoU@0.5 | Rank@5,mIoU@0.3 | Rank@5,mIoU@0.5 | mIoU  |
+-----------------+-----------------+-----------------+-----------------+-------+
|      21.61      |      10.65      |      50.32      |      28.39      | 15.88 |
+-----------------+-----------------+-----------------+-----------------+-------+
+performance on testing set---------+-----------------+-----------------+------+
| Rank@1,mIoU@0.3 | Rank@1,mIoU@0.5 | Rank@5,mIoU@0.3 | Rank@5,mIoU@0.5 | mIoU |
+-----------------+-----------------+-----------------+-----------------+------+
|       0.00      |       0.00      |       0.00      |       0.00      | 0.00 |
+-----------------+-----------------+-----------------+-----------------+------+

2026-04-23 07:00:38,550 
iter: 43750 train loss 0.2025 val loss 0.2964 test loss 0.0741
+performance on training set--------+-----------------+-----------------+-------+
| Rank@1,mIoU@0.3 | Rank@1,mIoU@0.5 | Rank@5,mIoU@0.3 | Rank@5,mIoU@0.5 | mIoU  |
+-----------------+-----------------+-----------------+-----------------+-------+
|      70.38      |      44.25      |      81.20      |      66.42      | 43.51 |
+-----------------+-----------------+-----------------+-----------------+-------+
+performance on validation set------+-----------------+-----------------+-------+
| Rank@1,mIoU@0.3 | Rank@1,mIoU@0.5 | Rank@5,mIoU@0.3 | Rank@5,mIoU@0.5 | mIoU  |
+-----------------+-----------------+-----------------+-----------------+-------+
|      20.65      |      10.65      |      50.65      |      28.06      | 15.81 |
+-----------------+-----------------+-----------------+-----------------+-------+
+performance on testing set---------+-----------------+-----------------+------+
| Rank@1,mIoU@0.3 | Rank@1,mIoU@0.5 | Rank@5,mIoU@0.3 | Rank@5,mIoU@0.5 | mIoU |
+-----------------+-----------------+-----------------+-----------------+------+
|       0.00      |       0.00      |       0.00      |       0.00      | 0.00 |
+-----------------+-----------------+-----------------+-----------------+------+

2026-04-23 07:04:32,539 
iter: 44000 train loss 0.2020 val loss 0.2959 test loss 0.0721
+performance on training set--------+-----------------+-----------------+-------+
| Rank@1,mIoU@0.3 | Rank@1,mIoU@0.5 | Rank@5,mIoU@0.3 | Rank@5,mIoU@0.5 | mIoU  |
+-----------------+-----------------+-----------------+-----------------+-------+
|      70.34      |      44.24      |      81.22      |      66.28      | 43.50 |
+-----------------+-----------------+-----------------+-----------------+-------+
+performance on validation set------+-----------------+-----------------+-------+
| Rank@1,mIoU@0.3 | Rank@1,mIoU@0.5 | Rank@5,mIoU@0.3 | Rank@5,mIoU@0.5 | mIoU  |
+-----------------+-----------------+-----------------+-----------------+-------+
|      21.61      |      10.32      |      49.35      |      28.06      | 15.83 |
+-----------------+-----------------+-----------------+-----------------+-------+
+performance on testing set---------+-----------------+-----------------+------+
| Rank@1,mIoU@0.3 | Rank@1,mIoU@0.5 | Rank@5,mIoU@0.3 | Rank@5,mIoU@0.5 | mIoU |
+-----------------+-----------------+-----------------+-----------------+------+
|       0.00      |       0.00      |       0.00      |       0.00      | 0.00 |
+-----------------+-----------------+-----------------+-----------------+------+

2026-04-23 07:08:26,316 
iter: 44250 train loss 0.2031 val loss 0.2959 test loss 0.0728
+performance on training set--------+-----------------+-----------------+-------+
| Rank@1,mIoU@0.3 | Rank@1,mIoU@0.5 | Rank@5,mIoU@0.3 | Rank@5,mIoU@0.5 | mIoU  |
+-----------------+-----------------+-----------------+-----------------+-------+
|      70.32      |      44.25      |      81.15      |      66.38      | 43.59 |
+-----------------+-----------------+-----------------+-----------------+-------+
+performance on validation set------+-----------------+-----------------+-------+
| Rank@1,mIoU@0.3 | Rank@1,mIoU@0.5 | Rank@5,mIoU@0.3 | Rank@5,mIoU@0.5 | mIoU  |
+-----------------+-----------------+-----------------+-----------------+-------+
|      21.29      |      10.65      |      50.00      |      28.71      | 15.56 |
+-----------------+-----------------+-----------------+-----------------+-------+
+performance on testing set---------+-----------------+-----------------+------+
| Rank@1,mIoU@0.3 | Rank@1,mIoU@0.5 | Rank@5,mIoU@0.3 | Rank@5,mIoU@0.5 | mIoU |
+-----------------+-----------------+-----------------+-----------------+------+
|       0.00      |       0.00      |       0.00      |       0.00      | 0.00 |
+-----------------+-----------------+-----------------+-----------------+------+

2026-04-23 07:12:23,289 
iter: 44500 train loss 0.2019 val loss 0.2967 test loss 0.0744
+performance on training set--------+-----------------+-----------------+-------+
| Rank@1,mIoU@0.3 | Rank@1,mIoU@0.5 | Rank@5,mIoU@0.3 | Rank@5,mIoU@0.5 | mIoU  |
+-----------------+-----------------+-----------------+-----------------+-------+
|      70.22      |      44.10      |      81.20      |      66.32      | 43.47 |
+-----------------+-----------------+-----------------+-----------------+-------+
+performance on validation set------+-----------------+-----------------+-------+
| Rank@1,mIoU@0.3 | Rank@1,mIoU@0.5 | Rank@5,mIoU@0.3 | Rank@5,mIoU@0.5 | mIoU  |
+-----------------+-----------------+-----------------+-----------------+-------+
|      21.29      |      10.97      |      50.32      |      28.39      | 15.99 |
+-----------------+-----------------+-----------------+-----------------+-------+
+performance on testing set---------+-----------------+-----------------+------+
| Rank@1,mIoU@0.3 | Rank@1,mIoU@0.5 | Rank@5,mIoU@0.3 | Rank@5,mIoU@0.5 | mIoU |
+-----------------+-----------------+-----------------+-----------------+------+
|       0.00      |       0.00      |       0.00      |       0.00      | 0.00 |
+-----------------+-----------------+-----------------+-----------------+------+

2026-04-23 07:16:17,391 
iter: 44750 train loss 0.2014 val loss 0.2960 test loss 0.0733
+performance on training set--------+-----------------+-----------------+-------+
| Rank@1,mIoU@0.3 | Rank@1,mIoU@0.5 | Rank@5,mIoU@0.3 | Rank@5,mIoU@0.5 | mIoU  |
+-----------------+-----------------+-----------------+-----------------+-------+
|      70.27      |      44.25      |      81.27      |      66.41      | 43.48 |
+-----------------+-----------------+-----------------+-----------------+-------+
+performance on validation set------+-----------------+-----------------+-------+
| Rank@1,mIoU@0.3 | Rank@1,mIoU@0.5 | Rank@5,mIoU@0.3 | Rank@5,mIoU@0.5 | mIoU  |
+-----------------+-----------------+-----------------+-----------------+-------+
|      20.97      |      10.65      |      50.97      |      28.06      | 15.63 |
+-----------------+-----------------+-----------------+-----------------+-------+
+performance on testing set---------+-----------------+-----------------+------+
| Rank@1,mIoU@0.3 | Rank@1,mIoU@0.5 | Rank@5,mIoU@0.3 | Rank@5,mIoU@0.5 | mIoU |
+-----------------+-----------------+-----------------+-----------------+------+
|       0.00      |       0.00      |       0.00      |       0.00      | 0.00 |
+-----------------+-----------------+-----------------+-----------------+------+

2026-04-23 07:20:10,646 
iter: 45000 train loss 0.2017 val loss 0.2965 test loss 0.0747
+performance on training set--------+-----------------+-----------------+-------+
| Rank@1,mIoU@0.3 | Rank@1,mIoU@0.5 | Rank@5,mIoU@0.3 | Rank@5,mIoU@0.5 | mIoU  |
+-----------------+-----------------+-----------------+-----------------+-------+
|      70.33      |      44.07      |      81.14      |      66.41      | 43.51 |
+-----------------+-----------------+-----------------+-----------------+-------+
+performance on validation set------+-----------------+-----------------+-------+
| Rank@1,mIoU@0.3 | Rank@1,mIoU@0.5 | Rank@5,mIoU@0.3 | Rank@5,mIoU@0.5 | mIoU  |
+-----------------+-----------------+-----------------+-----------------+-------+
|      21.94      |      10.65      |      50.32      |      28.39      | 15.98 |
+-----------------+-----------------+-----------------+-----------------+-------+
+performance on testing set---------+-----------------+-----------------+------+
| Rank@1,mIoU@0.3 | Rank@1,mIoU@0.5 | Rank@5,mIoU@0.3 | Rank@5,mIoU@0.5 | mIoU |
+-----------------+-----------------+-----------------+-----------------+------+
|       0.00      |       0.00      |       0.00      |       0.00      | 0.00 |
+-----------------+-----------------+-----------------+-----------------+------+

2026-04-23 07:24:07,000 
iter: 45250 train loss 0.2027 val loss 0.2958 test loss 0.0726
+performance on training set--------+-----------------+-----------------+-------+
| Rank@1,mIoU@0.3 | Rank@1,mIoU@0.5 | Rank@5,mIoU@0.3 | Rank@5,mIoU@0.5 | mIoU  |
+-----------------+-----------------+-----------------+-----------------+-------+
|      70.35      |      44.35      |      81.15      |      66.43      | 43.52 |
+-----------------+-----------------+-----------------+-----------------+-------+
+performance on validation set------+-----------------+-----------------+-------+
| Rank@1,mIoU@0.3 | Rank@1,mIoU@0.5 | Rank@5,mIoU@0.3 | Rank@5,mIoU@0.5 | mIoU  |
+-----------------+-----------------+-----------------+-----------------+-------+
|      21.94      |      10.32      |      51.29      |      28.71      | 15.45 |
+-----------------+-----------------+-----------------+-----------------+-------+
+performance on testing set---------+-----------------+-----------------+------+
| Rank@1,mIoU@0.3 | Rank@1,mIoU@0.5 | Rank@5,mIoU@0.3 | Rank@5,mIoU@0.5 | mIoU |
+-----------------+-----------------+-----------------+-----------------+------+
|       0.00      |       0.00      |       0.00      |       0.00      | 0.00 |
+-----------------+-----------------+-----------------+-----------------+------+

2026-04-23 07:28:02,676 
iter: 45500 train loss 0.2023 val loss 0.2957 test loss 0.0716
+performance on training set--------+-----------------+-----------------+-------+
| Rank@1,mIoU@0.3 | Rank@1,mIoU@0.5 | Rank@5,mIoU@0.3 | Rank@5,mIoU@0.5 | mIoU  |
+-----------------+-----------------+-----------------+-----------------+-------+
|      70.27      |      44.28      |      81.22      |      66.41      | 43.49 |
+-----------------+-----------------+-----------------+-----------------+-------+
+performance on validation set------+-----------------+-----------------+-------+
| Rank@1,mIoU@0.3 | Rank@1,mIoU@0.5 | Rank@5,mIoU@0.3 | Rank@5,mIoU@0.5 | mIoU  |
+-----------------+-----------------+-----------------+-----------------+-------+
|      21.29      |      10.65      |      50.00      |      27.42      | 15.60 |
+-----------------+-----------------+-----------------+-----------------+-------+
+performance on testing set---------+-----------------+-----------------+------+
| Rank@1,mIoU@0.3 | Rank@1,mIoU@0.5 | Rank@5,mIoU@0.3 | Rank@5,mIoU@0.5 | mIoU |
+-----------------+-----------------+-----------------+-----------------+------+
|       0.00      |       0.00      |       0.00      |       0.00      | 0.00 |
+-----------------+-----------------+-----------------+-----------------+------+

2026-04-23 07:31:56,796 
iter: 45750 train loss 0.2017 val loss 0.2961 test loss 0.0735
+performance on training set--------+-----------------+-----------------+-------+
| Rank@1,mIoU@0.3 | Rank@1,mIoU@0.5 | Rank@5,mIoU@0.3 | Rank@5,mIoU@0.5 | mIoU  |
+-----------------+-----------------+-----------------+-----------------+-------+
|      70.20      |      44.23      |      81.15      |      66.28      | 43.49 |
+-----------------+-----------------+-----------------+-----------------+-------+
+performance on validation set------+-----------------+-----------------+-------+
| Rank@1,mIoU@0.3 | Rank@1,mIoU@0.5 | Rank@5,mIoU@0.3 | Rank@5,mIoU@0.5 | mIoU  |
+-----------------+-----------------+-----------------+-----------------+-------+
|      21.61      |      10.65      |      50.97      |      27.74      | 15.61 |
+-----------------+-----------------+-----------------+-----------------+-------+
+performance on testing set---------+-----------------+-----------------+------+
| Rank@1,mIoU@0.3 | Rank@1,mIoU@0.5 | Rank@5,mIoU@0.3 | Rank@5,mIoU@0.5 | mIoU |
+-----------------+-----------------+-----------------+-----------------+------+
|       0.00      |       0.00      |       0.00      |       0.00      | 0.00 |
+-----------------+-----------------+-----------------+-----------------+------+

2026-04-23 07:35:50,801 
iter: 46000 train loss 0.2029 val loss 0.2957 test loss 0.0732
+performance on training set--------+-----------------+-----------------+-------+
| Rank@1,mIoU@0.3 | Rank@1,mIoU@0.5 | Rank@5,mIoU@0.3 | Rank@5,mIoU@0.5 | mIoU  |
+-----------------+-----------------+-----------------+-----------------+-------+
|      70.22      |      44.18      |      81.14      |      66.38      | 43.51 |
+-----------------+-----------------+-----------------+-----------------+-------+
+performance on validation set------+-----------------+-----------------+-------+
| Rank@1,mIoU@0.3 | Rank@1,mIoU@0.5 | Rank@5,mIoU@0.3 | Rank@5,mIoU@0.5 | mIoU  |
+-----------------+-----------------+-----------------+-----------------+-------+
|      20.97      |       9.68      |      50.65      |      27.10      | 15.39 |
+-----------------+-----------------+-----------------+-----------------+-------+
+performance on testing set---------+-----------------+-----------------+------+
| Rank@1,mIoU@0.3 | Rank@1,mIoU@0.5 | Rank@5,mIoU@0.3 | Rank@5,mIoU@0.5 | mIoU |
+-----------------+-----------------+-----------------+-----------------+------+
|       0.00      |       0.00      |       0.00      |       0.00      | 0.00 |
+-----------------+-----------------+-----------------+-----------------+------+

2026-04-23 07:39:44,250 
iter: 46250 train loss 0.2009 val loss 0.2956 test loss 0.0724
+performance on training set--------+-----------------+-----------------+-------+
| Rank@1,mIoU@0.3 | Rank@1,mIoU@0.5 | Rank@5,mIoU@0.3 | Rank@5,mIoU@0.5 | mIoU  |
+-----------------+-----------------+-----------------+-----------------+-------+
|      70.22      |      44.33      |      81.24      |      66.31      | 43.53 |
+-----------------+-----------------+-----------------+-----------------+-------+
+performance on validation set------+-----------------+-----------------+-------+
| Rank@1,mIoU@0.3 | Rank@1,mIoU@0.5 | Rank@5,mIoU@0.3 | Rank@5,mIoU@0.5 | mIoU  |
+-----------------+-----------------+-----------------+-----------------+-------+
|      21.29      |      10.00      |      50.00      |      27.74      | 15.65 |
+-----------------+-----------------+-----------------+-----------------+-------+
+performance on testing set---------+-----------------+-----------------+------+
| Rank@1,mIoU@0.3 | Rank@1,mIoU@0.5 | Rank@5,mIoU@0.3 | Rank@5,mIoU@0.5 | mIoU |
+-----------------+-----------------+-----------------+-----------------+------+
|       0.00      |       0.00      |       0.00      |       0.00      | 0.00 |
+-----------------+-----------------+-----------------+-----------------+------+

2026-04-23 07:43:37,050 
iter: 46500 train loss 0.2023 val loss 0.2960 test loss 0.0738
+performance on training set--------+-----------------+-----------------+-------+
| Rank@1,mIoU@0.3 | Rank@1,mIoU@0.5 | Rank@5,mIoU@0.3 | Rank@5,mIoU@0.5 | mIoU  |
+-----------------+-----------------+-----------------+-----------------+-------+
|      70.35      |      44.37      |      81.17      |      66.43      | 43.57 |
+-----------------+-----------------+-----------------+-----------------+-------+
+performance on validation set------+-----------------+-----------------+-------+
| Rank@1,mIoU@0.3 | Rank@1,mIoU@0.5 | Rank@5,mIoU@0.3 | Rank@5,mIoU@0.5 | mIoU  |
+-----------------+-----------------+-----------------+-----------------+-------+
|      21.29      |      10.65      |      50.00      |      27.42      | 15.44 |
+-----------------+-----------------+-----------------+-----------------+-------+
+performance on testing set---------+-----------------+-----------------+------+
| Rank@1,mIoU@0.3 | Rank@1,mIoU@0.5 | Rank@5,mIoU@0.3 | Rank@5,mIoU@0.5 | mIoU |
+-----------------+-----------------+-----------------+-----------------+------+
|       0.00      |       0.00      |       0.00      |       0.00      | 0.00 |
+-----------------+-----------------+-----------------+-----------------+------+

2026-04-23 07:47:31,796 
iter: 46750 train loss 0.2028 val loss 0.2960 test loss 0.0727
+performance on training set--------+-----------------+-----------------+-------+
| Rank@1,mIoU@0.3 | Rank@1,mIoU@0.5 | Rank@5,mIoU@0.3 | Rank@5,mIoU@0.5 | mIoU  |
+-----------------+-----------------+-----------------+-----------------+-------+
|      70.19      |      44.25      |      81.24      |      66.34      | 43.51 |
+-----------------+-----------------+-----------------+-----------------+-------+
+performance on validation set------+-----------------+-----------------+-------+
| Rank@1,mIoU@0.3 | Rank@1,mIoU@0.5 | Rank@5,mIoU@0.3 | Rank@5,mIoU@0.5 | mIoU  |
+-----------------+-----------------+-----------------+-----------------+-------+
|      21.29      |      10.32      |      50.65      |      28.06      | 15.81 |
+-----------------+-----------------+-----------------+-----------------+-------+
+performance on testing set---------+-----------------+-----------------+------+
| Rank@1,mIoU@0.3 | Rank@1,mIoU@0.5 | Rank@5,mIoU@0.3 | Rank@5,mIoU@0.5 | mIoU |
+-----------------+-----------------+-----------------+-----------------+------+
|       0.00      |       0.00      |       0.00      |       0.00      | 0.00 |
+-----------------+-----------------+-----------------+-----------------+------+

2026-04-23 07:51:24,583 
iter: 47000 train loss 0.2018 val loss 0.2963 test loss 0.0737
+performance on training set--------+-----------------+-----------------+-------+
| Rank@1,mIoU@0.3 | Rank@1,mIoU@0.5 | Rank@5,mIoU@0.3 | Rank@5,mIoU@0.5 | mIoU  |
+-----------------+-----------------+-----------------+-----------------+-------+
|      70.23      |      44.27      |      81.30      |      66.49      | 43.48 |
+-----------------+-----------------+-----------------+-----------------+-------+
+performance on validation set------+-----------------+-----------------+-------+
| Rank@1,mIoU@0.3 | Rank@1,mIoU@0.5 | Rank@5,mIoU@0.3 | Rank@5,mIoU@0.5 | mIoU  |
+-----------------+-----------------+-----------------+-----------------+-------+
|      21.61      |      10.65      |      50.32      |      27.42      | 15.89 |
+-----------------+-----------------+-----------------+-----------------+-------+
+performance on testing set---------+-----------------+-----------------+------+
| Rank@1,mIoU@0.3 | Rank@1,mIoU@0.5 | Rank@5,mIoU@0.3 | Rank@5,mIoU@0.5 | mIoU |
+-----------------+-----------------+-----------------+-----------------+------+
|       0.00      |       0.00      |       0.00      |       0.00      | 0.00 |
+-----------------+-----------------+-----------------+-----------------+------+

2026-04-23 07:55:18,730 
iter: 47250 train loss 0.2020 val loss 0.2961 test loss 0.0730
+performance on training set--------+-----------------+-----------------+-------+
| Rank@1,mIoU@0.3 | Rank@1,mIoU@0.5 | Rank@5,mIoU@0.3 | Rank@5,mIoU@0.5 | mIoU  |
+-----------------+-----------------+-----------------+-----------------+-------+
|      70.36      |      44.37      |      81.26      |      66.39      | 43.57 |
+-----------------+-----------------+-----------------+-----------------+-------+
+performance on validation set------+-----------------+-----------------+-------+
| Rank@1,mIoU@0.3 | Rank@1,mIoU@0.5 | Rank@5,mIoU@0.3 | Rank@5,mIoU@0.5 | mIoU  |
+-----------------+-----------------+-----------------+-----------------+-------+
|      21.29      |      10.32      |      50.32      |      27.10      | 15.74 |
+-----------------+-----------------+-----------------+-----------------+-------+
+performance on testing set---------+-----------------+-----------------+------+
| Rank@1,mIoU@0.3 | Rank@1,mIoU@0.5 | Rank@5,mIoU@0.3 | Rank@5,mIoU@0.5 | mIoU |
+-----------------+-----------------+-----------------+-----------------+------+
|       0.00      |       0.00      |       0.00      |       0.00      | 0.00 |
+-----------------+-----------------+-----------------+-----------------+------+

2026-04-23 07:59:13,040 
iter: 47500 train loss 0.2009 val loss 0.2960 test loss 0.0717
+performance on training set--------+-----------------+-----------------+-------+
| Rank@1,mIoU@0.3 | Rank@1,mIoU@0.5 | Rank@5,mIoU@0.3 | Rank@5,mIoU@0.5 | mIoU  |
+-----------------+-----------------+-----------------+-----------------+-------+
|      70.32      |      44.40      |      81.25      |      66.45      | 43.56 |
+-----------------+-----------------+-----------------+-----------------+-------+
+performance on validation set------+-----------------+-----------------+-------+
| Rank@1,mIoU@0.3 | Rank@1,mIoU@0.5 | Rank@5,mIoU@0.3 | Rank@5,mIoU@0.5 | mIoU  |
+-----------------+-----------------+-----------------+-----------------+-------+
|      22.90      |      10.00      |      50.00      |      28.71      | 15.65 |
+-----------------+-----------------+-----------------+-----------------+-------+
+performance on testing set---------+-----------------+-----------------+------+
| Rank@1,mIoU@0.3 | Rank@1,mIoU@0.5 | Rank@5,mIoU@0.3 | Rank@5,mIoU@0.5 | mIoU |
+-----------------+-----------------+-----------------+-----------------+------+
|       0.00      |       0.00      |       0.00      |       0.00      | 0.00 |
+-----------------+-----------------+-----------------+-----------------+------+

2026-04-23 08:03:06,470 
iter: 47750 train loss 0.2028 val loss 0.2969 test loss 0.0740
+performance on training set--------+-----------------+-----------------+-------+
| Rank@1,mIoU@0.3 | Rank@1,mIoU@0.5 | Rank@5,mIoU@0.3 | Rank@5,mIoU@0.5 | mIoU  |
+-----------------+-----------------+-----------------+-----------------+-------+
|      70.30      |      44.25      |      81.21      |      66.37      | 43.51 |
+-----------------+-----------------+-----------------+-----------------+-------+
+performance on validation set------+-----------------+-----------------+-------+
| Rank@1,mIoU@0.3 | Rank@1,mIoU@0.5 | Rank@5,mIoU@0.3 | Rank@5,mIoU@0.5 | mIoU  |
+-----------------+-----------------+-----------------+-----------------+-------+
|      21.29      |      10.32      |      50.65      |      26.45      | 15.52 |
+-----------------+-----------------+-----------------+-----------------+-------+
+performance on testing set---------+-----------------+-----------------+------+
| Rank@1,mIoU@0.3 | Rank@1,mIoU@0.5 | Rank@5,mIoU@0.3 | Rank@5,mIoU@0.5 | mIoU |
+-----------------+-----------------+-----------------+-----------------+------+
|       0.00      |       0.00      |       0.00      |       0.00      | 0.00 |
+-----------------+-----------------+-----------------+-----------------+------+

2026-04-23 08:07:02,005 
iter: 48000 train loss 0.2025 val loss 0.2964 test loss 0.0736
+performance on training set--------+-----------------+-----------------+-------+
| Rank@1,mIoU@0.3 | Rank@1,mIoU@0.5 | Rank@5,mIoU@0.3 | Rank@5,mIoU@0.5 | mIoU  |
+-----------------+-----------------+-----------------+-----------------+-------+
|      70.25      |      44.30      |      81.24      |      66.55      | 43.52 |
+-----------------+-----------------+-----------------+-----------------+-------+
+performance on validation set------+-----------------+-----------------+-------+
| Rank@1,mIoU@0.3 | Rank@1,mIoU@0.5 | Rank@5,mIoU@0.3 | Rank@5,mIoU@0.5 | mIoU  |
+-----------------+-----------------+-----------------+-----------------+-------+
|      20.32      |      10.65      |      50.32      |      27.74      | 15.59 |
+-----------------+-----------------+-----------------+-----------------+-------+
+performance on testing set---------+-----------------+-----------------+------+
| Rank@1,mIoU@0.3 | Rank@1,mIoU@0.5 | Rank@5,mIoU@0.3 | Rank@5,mIoU@0.5 | mIoU |
+-----------------+-----------------+-----------------+-----------------+------+
|       0.00      |       0.00      |       0.00      |       0.00      | 0.00 |
+-----------------+-----------------+-----------------+-----------------+------+

2026-04-23 08:10:53,906 
iter: 48250 train loss 0.2011 val loss 0.2960 test loss 0.0715
+performance on training set--------+-----------------+-----------------+-------+
| Rank@1,mIoU@0.3 | Rank@1,mIoU@0.5 | Rank@5,mIoU@0.3 | Rank@5,mIoU@0.5 | mIoU  |
+-----------------+-----------------+-----------------+-----------------+-------+
|      70.38      |      44.52      |      81.33      |      66.48      | 43.60 |
+-----------------+-----------------+-----------------+-----------------+-------+
+performance on validation set------+-----------------+-----------------+-------+
| Rank@1,mIoU@0.3 | Rank@1,mIoU@0.5 | Rank@5,mIoU@0.3 | Rank@5,mIoU@0.5 | mIoU  |
+-----------------+-----------------+-----------------+-----------------+-------+
|      21.61      |      10.00      |      50.00      |      28.71      | 15.44 |
+-----------------+-----------------+-----------------+-----------------+-------+
+performance on testing set---------+-----------------+-----------------+------+
| Rank@1,mIoU@0.3 | Rank@1,mIoU@0.5 | Rank@5,mIoU@0.3 | Rank@5,mIoU@0.5 | mIoU |
+-----------------+-----------------+-----------------+-----------------+------+
|       0.00      |       0.00      |       0.00      |       0.00      | 0.00 |
+-----------------+-----------------+-----------------+-----------------+------+

2026-04-23 08:14:45,758 
iter: 48500 train loss 0.2028 val loss 0.2961 test loss 0.0735
+performance on training set--------+-----------------+-----------------+-------+
| Rank@1,mIoU@0.3 | Rank@1,mIoU@0.5 | Rank@5,mIoU@0.3 | Rank@5,mIoU@0.5 | mIoU  |
+-----------------+-----------------+-----------------+-----------------+-------+
|      70.27      |      44.28      |      81.29      |      66.50      | 43.54 |
+-----------------+-----------------+-----------------+-----------------+-------+
+performance on validation set------+-----------------+-----------------+-------+
| Rank@1,mIoU@0.3 | Rank@1,mIoU@0.5 | Rank@5,mIoU@0.3 | Rank@5,mIoU@0.5 | mIoU  |
+-----------------+-----------------+-----------------+-----------------+-------+
|      20.32      |      10.00      |      50.00      |      28.06      | 15.50 |
+-----------------+-----------------+-----------------+-----------------+-------+
+performance on testing set---------+-----------------+-----------------+------+
| Rank@1,mIoU@0.3 | Rank@1,mIoU@0.5 | Rank@5,mIoU@0.3 | Rank@5,mIoU@0.5 | mIoU |
+-----------------+-----------------+-----------------+-----------------+------+
|       0.00      |       0.00      |       0.00      |       0.00      | 0.00 |
+-----------------+-----------------+-----------------+-----------------+------+

2026-04-23 08:18:38,469 
iter: 48750 train loss 0.2015 val loss 0.2963 test loss 0.0717
+performance on training set--------+-----------------+-----------------+-------+
| Rank@1,mIoU@0.3 | Rank@1,mIoU@0.5 | Rank@5,mIoU@0.3 | Rank@5,mIoU@0.5 | mIoU  |
+-----------------+-----------------+-----------------+-----------------+-------+
|      70.38      |      44.48      |      81.35      |      66.38      | 43.56 |
+-----------------+-----------------+-----------------+-----------------+-------+
+performance on validation set------+-----------------+-----------------+-------+
| Rank@1,mIoU@0.3 | Rank@1,mIoU@0.5 | Rank@5,mIoU@0.3 | Rank@5,mIoU@0.5 | mIoU  |
+-----------------+-----------------+-----------------+-----------------+-------+
|      20.97      |       9.68      |      50.32      |      28.06      | 15.33 |
+-----------------+-----------------+-----------------+-----------------+-------+
+performance on testing set---------+-----------------+-----------------+------+
| Rank@1,mIoU@0.3 | Rank@1,mIoU@0.5 | Rank@5,mIoU@0.3 | Rank@5,mIoU@0.5 | mIoU |
+-----------------+-----------------+-----------------+-----------------+------+
|       0.00      |       0.00      |       0.00      |       0.00      | 0.00 |
+-----------------+-----------------+-----------------+-----------------+------+

2026-04-23 08:22:33,542 
iter: 49000 train loss 0.2010 val loss 0.2962 test loss 0.0714
+performance on training set--------+-----------------+-----------------+-------+
| Rank@1,mIoU@0.3 | Rank@1,mIoU@0.5 | Rank@5,mIoU@0.3 | Rank@5,mIoU@0.5 | mIoU  |
+-----------------+-----------------+-----------------+-----------------+-------+
|      70.36      |      44.23      |      81.29      |      66.48      | 43.58 |
+-----------------+-----------------+-----------------+-----------------+-------+
+performance on validation set------+-----------------+-----------------+-------+
| Rank@1,mIoU@0.3 | Rank@1,mIoU@0.5 | Rank@5,mIoU@0.3 | Rank@5,mIoU@0.5 | mIoU  |
+-----------------+-----------------+-----------------+-----------------+-------+
|      20.65      |      10.00      |      51.29      |      27.74      | 15.22 |
+-----------------+-----------------+-----------------+-----------------+-------+
+performance on testing set---------+-----------------+-----------------+------+
| Rank@1,mIoU@0.3 | Rank@1,mIoU@0.5 | Rank@5,mIoU@0.3 | Rank@5,mIoU@0.5 | mIoU |
+-----------------+-----------------+-----------------+-----------------+------+
|       0.00      |       0.00      |       0.00      |       0.00      | 0.00 |
+-----------------+-----------------+-----------------+-----------------+------+

2026-04-23 08:26:26,657 
iter: 49250 train loss 0.2022 val loss 0.2963 test loss 0.0724
+performance on training set--------+-----------------+-----------------+-------+
| Rank@1,mIoU@0.3 | Rank@1,mIoU@0.5 | Rank@5,mIoU@0.3 | Rank@5,mIoU@0.5 | mIoU  |
+-----------------+-----------------+-----------------+-----------------+-------+
|      70.29      |      44.24      |      81.27      |      66.42      | 43.54 |
+-----------------+-----------------+-----------------+-----------------+-------+
+performance on validation set------+-----------------+-----------------+-------+
| Rank@1,mIoU@0.3 | Rank@1,mIoU@0.5 | Rank@5,mIoU@0.3 | Rank@5,mIoU@0.5 | mIoU  |
+-----------------+-----------------+-----------------+-----------------+-------+
|      21.29      |      10.65      |      50.32      |      28.39      | 15.67 |
+-----------------+-----------------+-----------------+-----------------+-------+
+performance on testing set---------+-----------------+-----------------+------+
| Rank@1,mIoU@0.3 | Rank@1,mIoU@0.5 | Rank@5,mIoU@0.3 | Rank@5,mIoU@0.5 | mIoU |
+-----------------+-----------------+-----------------+-----------------+------+
|       0.00      |       0.00      |       0.00      |       0.00      | 0.00 |
+-----------------+-----------------+-----------------+-----------------+------+

2026-04-23 08:30:23,333 
iter: 49500 train loss 0.2021 val loss 0.2961 test loss 0.0712
+performance on training set--------+-----------------+-----------------+-------+
| Rank@1,mIoU@0.3 | Rank@1,mIoU@0.5 | Rank@5,mIoU@0.3 | Rank@5,mIoU@0.5 | mIoU  |
+-----------------+-----------------+-----------------+-----------------+-------+
|      70.40      |      44.48      |      81.29      |      66.63      | 43.60 |
+-----------------+-----------------+-----------------+-----------------+-------+
+performance on validation set------+-----------------+-----------------+-------+
| Rank@1,mIoU@0.3 | Rank@1,mIoU@0.5 | Rank@5,mIoU@0.3 | Rank@5,mIoU@0.5 | mIoU  |
+-----------------+-----------------+-----------------+-----------------+-------+
|      21.94      |      10.65      |      50.65      |      28.39      | 15.75 |
+-----------------+-----------------+-----------------+-----------------+-------+
+performance on testing set---------+-----------------+-----------------+------+
| Rank@1,mIoU@0.3 | Rank@1,mIoU@0.5 | Rank@5,mIoU@0.3 | Rank@5,mIoU@0.5 | mIoU |
+-----------------+-----------------+-----------------+-----------------+------+
|       0.00      |       0.00      |       0.00      |       0.00      | 0.00 |
+-----------------+-----------------+-----------------+-----------------+------+

2026-04-23 08:34:13,955 
iter: 49750 train loss 0.2013 val loss 0.2969 test loss 0.0735
+performance on training set--------+-----------------+-----------------+-------+
| Rank@1,mIoU@0.3 | Rank@1,mIoU@0.5 | Rank@5,mIoU@0.3 | Rank@5,mIoU@0.5 | mIoU  |
+-----------------+-----------------+-----------------+-----------------+-------+
|      70.35      |      43.99      |      81.21      |      66.49      | 43.51 |
+-----------------+-----------------+-----------------+-----------------+-------+
+performance on validation set------+-----------------+-----------------+-------+
| Rank@1,mIoU@0.3 | Rank@1,mIoU@0.5 | Rank@5,mIoU@0.3 | Rank@5,mIoU@0.5 | mIoU  |
+-----------------+-----------------+-----------------+-----------------+-------+
|      20.32      |      10.00      |      50.32      |      27.74      | 15.31 |
+-----------------+-----------------+-----------------+-----------------+-------+
+performance on testing set---------+-----------------+-----------------+------+
| Rank@1,mIoU@0.3 | Rank@1,mIoU@0.5 | Rank@5,mIoU@0.3 | Rank@5,mIoU@0.5 | mIoU |
+-----------------+-----------------+-----------------+-----------------+------+
|       0.00      |       0.00      |       0.00      |       0.00      | 0.00 |
+-----------------+-----------------+-----------------+-----------------+------+

2026-04-23 08:38:13,778 
iter: 50000 train loss 0.2024 val loss 0.2961 test loss 0.0728
+performance on training set--------+-----------------+-----------------+-------+
| Rank@1,mIoU@0.3 | Rank@1,mIoU@0.5 | Rank@5,mIoU@0.3 | Rank@5,mIoU@0.5 | mIoU  |
+-----------------+-----------------+-----------------+-----------------+-------+
|      70.32      |      44.44      |      81.27      |      66.44      | 43.57 |
+-----------------+-----------------+-----------------+-----------------+-------+
+performance on validation set------+-----------------+-----------------+-------+
| Rank@1,mIoU@0.3 | Rank@1,mIoU@0.5 | Rank@5,mIoU@0.3 | Rank@5,mIoU@0.5 | mIoU  |
+-----------------+-----------------+-----------------+-----------------+-------+
|      21.29      |      10.65      |      49.35      |      27.42      | 15.49 |
+-----------------+-----------------+-----------------+-----------------+-------+
+performance on testing set---------+-----------------+-----------------+------+
| Rank@1,mIoU@0.3 | Rank@1,mIoU@0.5 | Rank@5,mIoU@0.3 | Rank@5,mIoU@0.5 | mIoU |
+-----------------+-----------------+-----------------+-----------------+------+
|       0.00      |       0.00      |       0.00      |       0.00      | 0.00 |
+-----------------+-----------------+-----------------+-----------------+------+

2026-04-23 08:42:09,437 
iter: 50250 train loss 0.2016 val loss 0.2964 test loss 0.0725
+performance on training set--------+-----------------+-----------------+-------+
| Rank@1,mIoU@0.3 | Rank@1,mIoU@0.5 | Rank@5,mIoU@0.3 | Rank@5,mIoU@0.5 | mIoU  |
+-----------------+-----------------+-----------------+-----------------+-------+
|      70.45      |      44.25      |      81.21      |      66.45      | 43.56 |
+-----------------+-----------------+-----------------+-----------------+-------+
+performance on validation set------+-----------------+-----------------+-------+
| Rank@1,mIoU@0.3 | Rank@1,mIoU@0.5 | Rank@5,mIoU@0.3 | Rank@5,mIoU@0.5 | mIoU  |
+-----------------+-----------------+-----------------+-----------------+-------+
|      21.29      |      10.32      |      50.00      |      28.06      | 15.73 |
+-----------------+-----------------+-----------------+-----------------+-------+
+performance on testing set---------+-----------------+-----------------+------+
| Rank@1,mIoU@0.3 | Rank@1,mIoU@0.5 | Rank@5,mIoU@0.3 | Rank@5,mIoU@0.5 | mIoU |
+-----------------+-----------------+-----------------+-----------------+------+
|       0.00      |       0.00      |       0.00      |       0.00      | 0.00 |
+-----------------+-----------------+-----------------+-----------------+------+

2026-04-23 08:46:01,465 
iter: 50500 train loss 0.2010 val loss 0.2963 test loss 0.0725
+performance on training set--------+-----------------+-----------------+-------+
| Rank@1,mIoU@0.3 | Rank@1,mIoU@0.5 | Rank@5,mIoU@0.3 | Rank@5,mIoU@0.5 | mIoU  |
+-----------------+-----------------+-----------------+-----------------+-------+
|      70.41      |      44.32      |      81.29      |      66.38      | 43.59 |
+-----------------+-----------------+-----------------+-----------------+-------+
+performance on validation set------+-----------------+-----------------+-------+
| Rank@1,mIoU@0.3 | Rank@1,mIoU@0.5 | Rank@5,mIoU@0.3 | Rank@5,mIoU@0.5 | mIoU  |
+-----------------+-----------------+-----------------+-----------------+-------+
|      20.97      |      10.65      |      50.32      |      27.42      | 15.53 |
+-----------------+-----------------+-----------------+-----------------+-------+
+performance on testing set---------+-----------------+-----------------+------+
| Rank@1,mIoU@0.3 | Rank@1,mIoU@0.5 | Rank@5,mIoU@0.3 | Rank@5,mIoU@0.5 | mIoU |
+-----------------+-----------------+-----------------+-----------------+------+
|       0.00      |       0.00      |       0.00      |       0.00      | 0.00 |
+-----------------+-----------------+-----------------+-----------------+------+

2026-04-23 08:49:55,588 
iter: 50750 train loss 0.2024 val loss 0.2963 test loss 0.0729
+performance on training set--------+-----------------+-----------------+-------+
| Rank@1,mIoU@0.3 | Rank@1,mIoU@0.5 | Rank@5,mIoU@0.3 | Rank@5,mIoU@0.5 | mIoU  |
+-----------------+-----------------+-----------------+-----------------+-------+
|      70.45      |      44.39      |      81.26      |      66.36      | 43.60 |
+-----------------+-----------------+-----------------+-----------------+-------+
+performance on validation set------+-----------------+-----------------+-------+
| Rank@1,mIoU@0.3 | Rank@1,mIoU@0.5 | Rank@5,mIoU@0.3 | Rank@5,mIoU@0.5 | mIoU  |
+-----------------+-----------------+-----------------+-----------------+-------+
|      20.65      |      10.32      |      50.32      |      28.06      | 15.40 |
+-----------------+-----------------+-----------------+-----------------+-------+
+performance on testing set---------+-----------------+-----------------+------+
| Rank@1,mIoU@0.3 | Rank@1,mIoU@0.5 | Rank@5,mIoU@0.3 | Rank@5,mIoU@0.5 | mIoU |
+-----------------+-----------------+-----------------+-----------------+------+
|       0.00      |       0.00      |       0.00      |       0.00      | 0.00 |
+-----------------+-----------------+-----------------+-----------------+------+

2026-04-23 08:53:50,193 
iter: 51000 train loss 0.2019 val loss 0.2968 test loss 0.0734
+performance on training set--------+-----------------+-----------------+-------+
| Rank@1,mIoU@0.3 | Rank@1,mIoU@0.5 | Rank@5,mIoU@0.3 | Rank@5,mIoU@0.5 | mIoU  |
+-----------------+-----------------+-----------------+-----------------+-------+
|      70.40      |      44.37      |      81.22      |      66.42      | 43.58 |
+-----------------+-----------------+-----------------+-----------------+-------+
+performance on validation set------+-----------------+-----------------+-------+
| Rank@1,mIoU@0.3 | Rank@1,mIoU@0.5 | Rank@5,mIoU@0.3 | Rank@5,mIoU@0.5 | mIoU  |
+-----------------+-----------------+-----------------+-----------------+-------+
|      20.65      |      10.00      |      49.03      |      26.77      | 15.32 |
+-----------------+-----------------+-----------------+-----------------+-------+
+performance on testing set---------+-----------------+-----------------+------+
| Rank@1,mIoU@0.3 | Rank@1,mIoU@0.5 | Rank@5,mIoU@0.3 | Rank@5,mIoU@0.5 | mIoU |
+-----------------+-----------------+-----------------+-----------------+------+
|       0.00      |       0.00      |       0.00      |       0.00      | 0.00 |
+-----------------+-----------------+-----------------+-----------------+------+

2026-04-23 08:57:41,393 
iter: 51250 train loss 0.2017 val loss 0.2969 test loss 0.0737
+performance on training set--------+-----------------+-----------------+-------+
| Rank@1,mIoU@0.3 | Rank@1,mIoU@0.5 | Rank@5,mIoU@0.3 | Rank@5,mIoU@0.5 | mIoU  |
+-----------------+-----------------+-----------------+-----------------+-------+
|      70.34      |      44.25      |      81.25      |      66.39      | 43.58 |
+-----------------+-----------------+-----------------+-----------------+-------+
+performance on validation set------+-----------------+-----------------+-------+
| Rank@1,mIoU@0.3 | Rank@1,mIoU@0.5 | Rank@5,mIoU@0.3 | Rank@5,mIoU@0.5 | mIoU  |
+-----------------+-----------------+-----------------+-----------------+-------+
|      20.32      |      10.00      |      49.35      |      27.10      | 15.57 |
+-----------------+-----------------+-----------------+-----------------+-------+
+performance on testing set---------+-----------------+-----------------+------+
| Rank@1,mIoU@0.3 | Rank@1,mIoU@0.5 | Rank@5,mIoU@0.3 | Rank@5,mIoU@0.5 | mIoU |
+-----------------+-----------------+-----------------+-----------------+------+
|       0.00      |       0.00      |       0.00      |       0.00      | 0.00 |
+-----------------+-----------------+-----------------+-----------------+------+

2026-04-23 09:01:36,534 
iter: 51500 train loss 0.2019 val loss 0.2965 test loss 0.0728
+performance on training set--------+-----------------+-----------------+-------+
| Rank@1,mIoU@0.3 | Rank@1,mIoU@0.5 | Rank@5,mIoU@0.3 | Rank@5,mIoU@0.5 | mIoU  |
+-----------------+-----------------+-----------------+-----------------+-------+
|      70.48      |      44.24      |      81.30      |      66.49      | 43.58 |
+-----------------+-----------------+-----------------+-----------------+-------+
+performance on validation set------+-----------------+-----------------+-------+
| Rank@1,mIoU@0.3 | Rank@1,mIoU@0.5 | Rank@5,mIoU@0.3 | Rank@5,mIoU@0.5 | mIoU  |
+-----------------+-----------------+-----------------+-----------------+-------+
|      20.65      |      10.65      |      50.97      |      28.39      | 15.40 |
+-----------------+-----------------+-----------------+-----------------+-------+
+performance on testing set---------+-----------------+-----------------+------+
| Rank@1,mIoU@0.3 | Rank@1,mIoU@0.5 | Rank@5,mIoU@0.3 | Rank@5,mIoU@0.5 | mIoU |
+-----------------+-----------------+-----------------+-----------------+------+
|       0.00      |       0.00      |       0.00      |       0.00      | 0.00 |
+-----------------+-----------------+-----------------+-----------------+------+

2026-04-23 09:05:30,192 
iter: 51750 train loss 0.2006 val loss 0.2965 test loss 0.0722
+performance on training set--------+-----------------+-----------------+-------+
| Rank@1,mIoU@0.3 | Rank@1,mIoU@0.5 | Rank@5,mIoU@0.3 | Rank@5,mIoU@0.5 | mIoU  |
+-----------------+-----------------+-----------------+-----------------+-------+
|      70.55      |      44.42      |      81.30      |      66.49      | 43.63 |
+-----------------+-----------------+-----------------+-----------------+-------+
+performance on validation set------+-----------------+-----------------+-------+
| Rank@1,mIoU@0.3 | Rank@1,mIoU@0.5 | Rank@5,mIoU@0.3 | Rank@5,mIoU@0.5 | mIoU  |
+-----------------+-----------------+-----------------+-----------------+-------+
|      20.32      |      10.32      |      50.97      |      28.71      | 15.36 |
+-----------------+-----------------+-----------------+-----------------+-------+
+performance on testing set---------+-----------------+-----------------+------+
| Rank@1,mIoU@0.3 | Rank@1,mIoU@0.5 | Rank@5,mIoU@0.3 | Rank@5,mIoU@0.5 | mIoU |
+-----------------+-----------------+-----------------+-----------------+------+
|       0.00      |       0.00      |       0.00      |       0.00      | 0.00 |
+-----------------+-----------------+-----------------+-----------------+------+

2026-04-23 09:09:22,627 
iter: 52000 train loss 0.2029 val loss 0.2961 test loss 0.0716
+performance on training set--------+-----------------+-----------------+-------+
| Rank@1,mIoU@0.3 | Rank@1,mIoU@0.5 | Rank@5,mIoU@0.3 | Rank@5,mIoU@0.5 | mIoU  |
+-----------------+-----------------+-----------------+-----------------+-------+
|      70.45      |      44.58      |      81.26      |      66.45      | 43.65 |
+-----------------+-----------------+-----------------+-----------------+-------+
+performance on validation set------+-----------------+-----------------+-------+
| Rank@1,mIoU@0.3 | Rank@1,mIoU@0.5 | Rank@5,mIoU@0.3 | Rank@5,mIoU@0.5 | mIoU  |
+-----------------+-----------------+-----------------+-----------------+-------+
|      20.97      |      10.65      |      50.97      |      29.03      | 15.48 |
+-----------------+-----------------+-----------------+-----------------+-------+
+performance on testing set---------+-----------------+-----------------+------+
| Rank@1,mIoU@0.3 | Rank@1,mIoU@0.5 | Rank@5,mIoU@0.3 | Rank@5,mIoU@0.5 | mIoU |
+-----------------+-----------------+-----------------+-----------------+------+
|       0.00      |       0.00      |       0.00      |       0.00      | 0.00 |
+-----------------+-----------------+-----------------+-----------------+------+

2026-04-23 09:13:21,154 
iter: 52250 train loss 0.2009 val loss 0.2968 test loss 0.0730
+performance on training set--------+-----------------+-----------------+-------+
| Rank@1,mIoU@0.3 | Rank@1,mIoU@0.5 | Rank@5,mIoU@0.3 | Rank@5,mIoU@0.5 | mIoU  |
+-----------------+-----------------+-----------------+-----------------+-------+
|      70.48      |      44.44      |      81.30      |      66.45      | 43.62 |
+-----------------+-----------------+-----------------+-----------------+-------+
+performance on validation set------+-----------------+-----------------+-------+
| Rank@1,mIoU@0.3 | Rank@1,mIoU@0.5 | Rank@5,mIoU@0.3 | Rank@5,mIoU@0.5 | mIoU  |
+-----------------+-----------------+-----------------+-----------------+-------+
|      20.65      |      10.32      |      50.65      |      28.39      | 15.44 |
+-----------------+-----------------+-----------------+-----------------+-------+
+performance on testing set---------+-----------------+-----------------+------+
| Rank@1,mIoU@0.3 | Rank@1,mIoU@0.5 | Rank@5,mIoU@0.3 | Rank@5,mIoU@0.5 | mIoU |
+-----------------+-----------------+-----------------+-----------------+------+
|       0.00      |       0.00      |       0.00      |       0.00      | 0.00 |
+-----------------+-----------------+-----------------+-----------------+------+

2026-04-23 09:17:17,450 
iter: 52500 train loss 0.2018 val loss 0.2968 test loss 0.0734
+performance on training set--------+-----------------+-----------------+-------+
| Rank@1,mIoU@0.3 | Rank@1,mIoU@0.5 | Rank@5,mIoU@0.3 | Rank@5,mIoU@0.5 | mIoU  |
+-----------------+-----------------+-----------------+-----------------+-------+
|      70.45      |      44.42      |      81.25      |      66.44      | 43.58 |
+-----------------+-----------------+-----------------+-----------------+-------+
+performance on validation set------+-----------------+-----------------+-------+
| Rank@1,mIoU@0.3 | Rank@1,mIoU@0.5 | Rank@5,mIoU@0.3 | Rank@5,mIoU@0.5 | mIoU  |
+-----------------+-----------------+-----------------+-----------------+-------+
|      20.00      |      10.32      |      49.68      |      27.74      | 15.26 |
+-----------------+-----------------+-----------------+-----------------+-------+
+performance on testing set---------+-----------------+-----------------+------+
| Rank@1,mIoU@0.3 | Rank@1,mIoU@0.5 | Rank@5,mIoU@0.3 | Rank@5,mIoU@0.5 | mIoU |
+-----------------+-----------------+-----------------+-----------------+------+
|       0.00      |       0.00      |       0.00      |       0.00      | 0.00 |
+-----------------+-----------------+-----------------+-----------------+------+

2026-04-23 09:21:08,663 
iter: 52750 train loss 0.2011 val loss 0.2968 test loss 0.0733
+performance on training set--------+-----------------+-----------------+-------+
| Rank@1,mIoU@0.3 | Rank@1,mIoU@0.5 | Rank@5,mIoU@0.3 | Rank@5,mIoU@0.5 | mIoU  |
+-----------------+-----------------+-----------------+-----------------+-------+
|      70.38      |      44.39      |      81.32      |      66.38      | 43.58 |
+-----------------+-----------------+-----------------+-----------------+-------+
+performance on validation set------+-----------------+-----------------+-------+
| Rank@1,mIoU@0.3 | Rank@1,mIoU@0.5 | Rank@5,mIoU@0.3 | Rank@5,mIoU@0.5 | mIoU  |
+-----------------+-----------------+-----------------+-----------------+-------+
|      20.00      |      10.00      |      50.32      |      27.74      | 15.43 |
+-----------------+-----------------+-----------------+-----------------+-------+
+performance on testing set---------+-----------------+-----------------+------+
| Rank@1,mIoU@0.3 | Rank@1,mIoU@0.5 | Rank@5,mIoU@0.3 | Rank@5,mIoU@0.5 | mIoU |
+-----------------+-----------------+-----------------+-----------------+------+
|       0.00      |       0.00      |       0.00      |       0.00      | 0.00 |
+-----------------+-----------------+-----------------+-----------------+------+

2026-04-23 09:25:02,554 
iter: 53000 train loss 0.2026 val loss 0.2966 test loss 0.0723
+performance on training set--------+-----------------+-----------------+-------+
| Rank@1,mIoU@0.3 | Rank@1,mIoU@0.5 | Rank@5,mIoU@0.3 | Rank@5,mIoU@0.5 | mIoU  |
+-----------------+-----------------+-----------------+-----------------+-------+
|      70.46      |      44.49      |      81.27      |      66.34      | 43.65 |
+-----------------+-----------------+-----------------+-----------------+-------+
+performance on validation set------+-----------------+-----------------+-------+
| Rank@1,mIoU@0.3 | Rank@1,mIoU@0.5 | Rank@5,mIoU@0.3 | Rank@5,mIoU@0.5 | mIoU  |
+-----------------+-----------------+-----------------+-----------------+-------+
|      20.97      |      10.32      |      50.00      |      28.71      | 15.44 |
+-----------------+-----------------+-----------------+-----------------+-------+
+performance on testing set---------+-----------------+-----------------+------+
| Rank@1,mIoU@0.3 | Rank@1,mIoU@0.5 | Rank@5,mIoU@0.3 | Rank@5,mIoU@0.5 | mIoU |
+-----------------+-----------------+-----------------+-----------------+------+
|       0.00      |       0.00      |       0.00      |       0.00      | 0.00 |
+-----------------+-----------------+-----------------+-----------------+------+

2026-04-23 09:28:56,560 
iter: 53250 train loss 0.2010 val loss 0.2969 test loss 0.0729
+performance on training set--------+-----------------+-----------------+-------+
| Rank@1,mIoU@0.3 | Rank@1,mIoU@0.5 | Rank@5,mIoU@0.3 | Rank@5,mIoU@0.5 | mIoU  |
+-----------------+-----------------+-----------------+-----------------+-------+
|      70.46      |      44.19      |      81.26      |      66.36      | 43.56 |
+-----------------+-----------------+-----------------+-----------------+-------+
+performance on validation set------+-----------------+-----------------+-------+
| Rank@1,mIoU@0.3 | Rank@1,mIoU@0.5 | Rank@5,mIoU@0.3 | Rank@5,mIoU@0.5 | mIoU  |
+-----------------+-----------------+-----------------+-----------------+-------+
|      20.32      |      10.32      |      50.32      |      27.42      | 15.17 |
+-----------------+-----------------+-----------------+-----------------+-------+
+performance on testing set---------+-----------------+-----------------+------+
| Rank@1,mIoU@0.3 | Rank@1,mIoU@0.5 | Rank@5,mIoU@0.3 | Rank@5,mIoU@0.5 | mIoU |
+-----------------+-----------------+-----------------+-----------------+------+
|       0.00      |       0.00      |       0.00      |       0.00      | 0.00 |
+-----------------+-----------------+-----------------+-----------------+------+

2026-04-23 09:32:48,537 
iter: 53500 train loss 0.2025 val loss 0.2968 test loss 0.0733
+performance on training set--------+-----------------+-----------------+-------+
| Rank@1,mIoU@0.3 | Rank@1,mIoU@0.5 | Rank@5,mIoU@0.3 | Rank@5,mIoU@0.5 | mIoU  |
+-----------------+-----------------+-----------------+-----------------+-------+
|      70.39      |      44.38      |      81.32      |      66.43      | 43.58 |
+-----------------+-----------------+-----------------+-----------------+-------+
+performance on validation set------+-----------------+-----------------+-------+
| Rank@1,mIoU@0.3 | Rank@1,mIoU@0.5 | Rank@5,mIoU@0.3 | Rank@5,mIoU@0.5 | mIoU  |
+-----------------+-----------------+-----------------+-----------------+-------+
|      20.65      |      10.00      |      50.32      |      27.42      | 15.42 |
+-----------------+-----------------+-----------------+-----------------+-------+
+performance on testing set---------+-----------------+-----------------+------+
| Rank@1,mIoU@0.3 | Rank@1,mIoU@0.5 | Rank@5,mIoU@0.3 | Rank@5,mIoU@0.5 | mIoU |
+-----------------+-----------------+-----------------+-----------------+------+
|       0.00      |       0.00      |       0.00      |       0.00      | 0.00 |
+-----------------+-----------------+-----------------+-----------------+------+

2026-04-23 09:36:41,962 
iter: 53750 train loss 0.2008 val loss 0.2967 test loss 0.0728
+performance on training set--------+-----------------+-----------------+-------+
| Rank@1,mIoU@0.3 | Rank@1,mIoU@0.5 | Rank@5,mIoU@0.3 | Rank@5,mIoU@0.5 | mIoU  |
+-----------------+-----------------+-----------------+-----------------+-------+
|      70.44      |      44.37      |      81.30      |      66.39      | 43.59 |
+-----------------+-----------------+-----------------+-----------------+-------+
+performance on validation set------+-----------------+-----------------+-------+
| Rank@1,mIoU@0.3 | Rank@1,mIoU@0.5 | Rank@5,mIoU@0.3 | Rank@5,mIoU@0.5 | mIoU  |
+-----------------+-----------------+-----------------+-----------------+-------+
|      20.65      |      10.32      |      50.97      |      27.74      | 15.33 |
+-----------------+-----------------+-----------------+-----------------+-------+
+performance on testing set---------+-----------------+-----------------+------+
| Rank@1,mIoU@0.3 | Rank@1,mIoU@0.5 | Rank@5,mIoU@0.3 | Rank@5,mIoU@0.5 | mIoU |
+-----------------+-----------------+-----------------+-----------------+------+
|       0.00      |       0.00      |       0.00      |       0.00      | 0.00 |
+-----------------+-----------------+-----------------+-----------------+------+

2026-04-23 09:40:36,364 
iter: 54000 train loss 0.2023 val loss 0.2969 test loss 0.0739
+performance on training set--------+-----------------+-----------------+-------+
| Rank@1,mIoU@0.3 | Rank@1,mIoU@0.5 | Rank@5,mIoU@0.3 | Rank@5,mIoU@0.5 | mIoU  |
+-----------------+-----------------+-----------------+-----------------+-------+
|      70.41      |      44.33      |      81.25      |      66.38      | 43.60 |
+-----------------+-----------------+-----------------+-----------------+-------+
+performance on validation set------+-----------------+-----------------+-------+
| Rank@1,mIoU@0.3 | Rank@1,mIoU@0.5 | Rank@5,mIoU@0.3 | Rank@5,mIoU@0.5 | mIoU  |
+-----------------+-----------------+-----------------+-----------------+-------+
|      20.65      |      10.00      |      49.35      |      26.77      | 15.66 |
+-----------------+-----------------+-----------------+-----------------+-------+
+performance on testing set---------+-----------------+-----------------+------+
| Rank@1,mIoU@0.3 | Rank@1,mIoU@0.5 | Rank@5,mIoU@0.3 | Rank@5,mIoU@0.5 | mIoU |
+-----------------+-----------------+-----------------+-----------------+------+
|       0.00      |       0.00      |       0.00      |       0.00      | 0.00 |
+-----------------+-----------------+-----------------+-----------------+------+

2026-04-23 09:44:28,972 
iter: 54250 train loss 0.2013 val loss 0.2967 test loss 0.0729
+performance on training set--------+-----------------+-----------------+-------+
| Rank@1,mIoU@0.3 | Rank@1,mIoU@0.5 | Rank@5,mIoU@0.3 | Rank@5,mIoU@0.5 | mIoU  |
+-----------------+-----------------+-----------------+-----------------+-------+
|      70.34      |      44.25      |      81.29      |      66.33      | 43.59 |
+-----------------+-----------------+-----------------+-----------------+-------+
+performance on validation set------+-----------------+-----------------+-------+
| Rank@1,mIoU@0.3 | Rank@1,mIoU@0.5 | Rank@5,mIoU@0.3 | Rank@5,mIoU@0.5 | mIoU  |
+-----------------+-----------------+-----------------+-----------------+-------+
|      20.32      |      10.32      |      50.97      |      28.06      | 15.19 |
+-----------------+-----------------+-----------------+-----------------+-------+
+performance on testing set---------+-----------------+-----------------+------+
| Rank@1,mIoU@0.3 | Rank@1,mIoU@0.5 | Rank@5,mIoU@0.3 | Rank@5,mIoU@0.5 | mIoU |
+-----------------+-----------------+-----------------+-----------------+------+
|       0.00      |       0.00      |       0.00      |       0.00      | 0.00 |
+-----------------+-----------------+-----------------+-----------------+------+

2026-04-23 09:48:21,765 
iter: 54500 train loss 0.2019 val loss 0.2966 test loss 0.0728
+performance on training set--------+-----------------+-----------------+-------+
| Rank@1,mIoU@0.3 | Rank@1,mIoU@0.5 | Rank@5,mIoU@0.3 | Rank@5,mIoU@0.5 | mIoU  |
+-----------------+-----------------+-----------------+-----------------+-------+
|      70.38      |      44.30      |      81.26      |      66.42      | 43.58 |
+-----------------+-----------------+-----------------+-----------------+-------+
+performance on validation set------+-----------------+-----------------+-------+
| Rank@1,mIoU@0.3 | Rank@1,mIoU@0.5 | Rank@5,mIoU@0.3 | Rank@5,mIoU@0.5 | mIoU  |
+-----------------+-----------------+-----------------+-----------------+-------+
|      20.32      |      10.32      |      50.65      |      28.39      | 15.41 |
+-----------------+-----------------+-----------------+-----------------+-------+
+performance on testing set---------+-----------------+-----------------+------+
| Rank@1,mIoU@0.3 | Rank@1,mIoU@0.5 | Rank@5,mIoU@0.3 | Rank@5,mIoU@0.5 | mIoU |
+-----------------+-----------------+-----------------+-----------------+------+
|       0.00      |       0.00      |       0.00      |       0.00      | 0.00 |
+-----------------+-----------------+-----------------+-----------------+------+

2026-04-23 09:52:15,218 
iter: 54750 train loss 0.2018 val loss 0.2967 test loss 0.0724
+performance on training set--------+-----------------+-----------------+-------+
| Rank@1,mIoU@0.3 | Rank@1,mIoU@0.5 | Rank@5,mIoU@0.3 | Rank@5,mIoU@0.5 | mIoU  |
+-----------------+-----------------+-----------------+-----------------+-------+
|      70.40      |      44.15      |      81.30      |      66.42      | 43.53 |
+-----------------+-----------------+-----------------+-----------------+-------+
+performance on validation set------+-----------------+-----------------+-------+
| Rank@1,mIoU@0.3 | Rank@1,mIoU@0.5 | Rank@5,mIoU@0.3 | Rank@5,mIoU@0.5 | mIoU  |
+-----------------+-----------------+-----------------+-----------------+-------+
|      20.32      |      10.32      |      50.32      |      27.74      | 15.22 |
+-----------------+-----------------+-----------------+-----------------+-------+
+performance on testing set---------+-----------------+-----------------+------+
| Rank@1,mIoU@0.3 | Rank@1,mIoU@0.5 | Rank@5,mIoU@0.3 | Rank@5,mIoU@0.5 | mIoU |
+-----------------+-----------------+-----------------+-----------------+------+
|       0.00      |       0.00      |       0.00      |       0.00      | 0.00 |
+-----------------+-----------------+-----------------+-----------------+------+

2026-04-23 09:56:07,292 
iter: 55000 train loss 0.2015 val loss 0.2968 test loss 0.0727
+performance on training set--------+-----------------+-----------------+-------+
| Rank@1,mIoU@0.3 | Rank@1,mIoU@0.5 | Rank@5,mIoU@0.3 | Rank@5,mIoU@0.5 | mIoU  |
+-----------------+-----------------+-----------------+-----------------+-------+
|      70.46      |      44.33      |      81.30      |      66.45      | 43.61 |
+-----------------+-----------------+-----------------+-----------------+-------+
+performance on validation set------+-----------------+-----------------+-------+
| Rank@1,mIoU@0.3 | Rank@1,mIoU@0.5 | Rank@5,mIoU@0.3 | Rank@5,mIoU@0.5 | mIoU  |
+-----------------+-----------------+-----------------+-----------------+-------+
|      19.68      |      10.32      |      49.68      |      28.71      | 15.24 |
+-----------------+-----------------+-----------------+-----------------+-------+
+performance on testing set---------+-----------------+-----------------+------+
| Rank@1,mIoU@0.3 | Rank@1,mIoU@0.5 | Rank@5,mIoU@0.3 | Rank@5,mIoU@0.5 | mIoU |
+-----------------+-----------------+-----------------+-----------------+------+
|       0.00      |       0.00      |       0.00      |       0.00      | 0.00 |
+-----------------+-----------------+-----------------+-----------------+------+

2026-04-23 10:00:01,331 
iter: 55250 train loss 0.2014 val loss 0.2966 test loss 0.0720
+performance on training set--------+-----------------+-----------------+-------+
| Rank@1,mIoU@0.3 | Rank@1,mIoU@0.5 | Rank@5,mIoU@0.3 | Rank@5,mIoU@0.5 | mIoU  |
+-----------------+-----------------+-----------------+-----------------+-------+
|      70.48      |      44.55      |      81.31      |      66.50      | 43.66 |
+-----------------+-----------------+-----------------+-----------------+-------+
+performance on validation set------+-----------------+-----------------+-------+
| Rank@1,mIoU@0.3 | Rank@1,mIoU@0.5 | Rank@5,mIoU@0.3 | Rank@5,mIoU@0.5 | mIoU  |
+-----------------+-----------------+-----------------+-----------------+-------+
|      20.65      |      10.65      |      51.29      |      28.71      | 15.59 |
+-----------------+-----------------+-----------------+-----------------+-------+
+performance on testing set---------+-----------------+-----------------+------+
| Rank@1,mIoU@0.3 | Rank@1,mIoU@0.5 | Rank@5,mIoU@0.3 | Rank@5,mIoU@0.5 | mIoU |
+-----------------+-----------------+-----------------+-----------------+------+
|       0.00      |       0.00      |       0.00      |       0.00      | 0.00 |
+-----------------+-----------------+-----------------+-----------------+------+

2026-04-23 10:03:55,088 
iter: 55500 train loss 0.2013 val loss 0.2968 test loss 0.0723
+performance on training set--------+-----------------+-----------------+-------+
| Rank@1,mIoU@0.3 | Rank@1,mIoU@0.5 | Rank@5,mIoU@0.3 | Rank@5,mIoU@0.5 | mIoU  |
+-----------------+-----------------+-----------------+-----------------+-------+
|      70.44      |      44.55      |      81.32      |      66.47      | 43.63 |
+-----------------+-----------------+-----------------+-----------------+-------+
+performance on validation set------+-----------------+-----------------+-------+
| Rank@1,mIoU@0.3 | Rank@1,mIoU@0.5 | Rank@5,mIoU@0.3 | Rank@5,mIoU@0.5 | mIoU  |
+-----------------+-----------------+-----------------+-----------------+-------+
|      20.65      |      10.32      |      50.65      |      29.03      | 15.50 |
+-----------------+-----------------+-----------------+-----------------+-------+
+performance on testing set---------+-----------------+-----------------+------+
| Rank@1,mIoU@0.3 | Rank@1,mIoU@0.5 | Rank@5,mIoU@0.3 | Rank@5,mIoU@0.5 | mIoU |
+-----------------+-----------------+-----------------+-----------------+------+
|       0.00      |       0.00      |       0.00      |       0.00      | 0.00 |
+-----------------+-----------------+-----------------+-----------------+------+

2026-04-23 10:07:50,613 
iter: 55750 train loss 0.2018 val loss 0.2970 test loss 0.0732
+performance on training set--------+-----------------+-----------------+-------+
| Rank@1,mIoU@0.3 | Rank@1,mIoU@0.5 | Rank@5,mIoU@0.3 | Rank@5,mIoU@0.5 | mIoU  |
+-----------------+-----------------+-----------------+-----------------+-------+
|      70.45      |      44.34      |      81.35      |      66.42      | 43.59 |
+-----------------+-----------------+-----------------+-----------------+-------+
+performance on validation set------+-----------------+-----------------+-------+
| Rank@1,mIoU@0.3 | Rank@1,mIoU@0.5 | Rank@5,mIoU@0.3 | Rank@5,mIoU@0.5 | mIoU  |
+-----------------+-----------------+-----------------+-----------------+-------+
|      20.65      |      10.00      |      50.65      |      28.71      | 15.43 |
+-----------------+-----------------+-----------------+-----------------+-------+
+performance on testing set---------+-----------------+-----------------+------+
| Rank@1,mIoU@0.3 | Rank@1,mIoU@0.5 | Rank@5,mIoU@0.3 | Rank@5,mIoU@0.5 | mIoU |
+-----------------+-----------------+-----------------+-----------------+------+
|       0.00      |       0.00      |       0.00      |       0.00      | 0.00 |
+-----------------+-----------------+-----------------+-----------------+------+

2026-04-23 10:11:45,962 
iter: 56000 train loss 0.2013 val loss 0.2969 test loss 0.0735
+performance on training set--------+-----------------+-----------------+-------+
| Rank@1,mIoU@0.3 | Rank@1,mIoU@0.5 | Rank@5,mIoU@0.3 | Rank@5,mIoU@0.5 | mIoU  |
+-----------------+-----------------+-----------------+-----------------+-------+
|      70.41      |      44.32      |      81.25      |      66.44      | 43.62 |
+-----------------+-----------------+-----------------+-----------------+-------+
+performance on validation set------+-----------------+-----------------+-------+
| Rank@1,mIoU@0.3 | Rank@1,mIoU@0.5 | Rank@5,mIoU@0.3 | Rank@5,mIoU@0.5 | mIoU  |
+-----------------+-----------------+-----------------+-----------------+-------+
|      20.97      |      10.32      |      50.32      |      28.06      | 15.57 |
+-----------------+-----------------+-----------------+-----------------+-------+
+performance on testing set---------+-----------------+-----------------+------+
| Rank@1,mIoU@0.3 | Rank@1,mIoU@0.5 | Rank@5,mIoU@0.3 | Rank@5,mIoU@0.5 | mIoU |
+-----------------+-----------------+-----------------+-----------------+------+
|       0.00      |       0.00      |       0.00      |       0.00      | 0.00 |
+-----------------+-----------------+-----------------+-----------------+------+

2026-04-23 10:15:44,105 
iter: 56250 train loss 0.2017 val loss 0.2968 test loss 0.0727
+performance on training set--------+-----------------+-----------------+-------+
| Rank@1,mIoU@0.3 | Rank@1,mIoU@0.5 | Rank@5,mIoU@0.3 | Rank@5,mIoU@0.5 | mIoU  |
+-----------------+-----------------+-----------------+-----------------+-------+
|      70.39      |      44.42      |      81.30      |      66.42      | 43.63 |
+-----------------+-----------------+-----------------+-----------------+-------+
+performance on validation set------+-----------------+-----------------+-------+
| Rank@1,mIoU@0.3 | Rank@1,mIoU@0.5 | Rank@5,mIoU@0.3 | Rank@5,mIoU@0.5 | mIoU  |
+-----------------+-----------------+-----------------+-----------------+-------+
|      20.65      |      10.32      |      50.00      |      28.39      | 15.33 |
+-----------------+-----------------+-----------------+-----------------+-------+
+performance on testing set---------+-----------------+-----------------+------+
| Rank@1,mIoU@0.3 | Rank@1,mIoU@0.5 | Rank@5,mIoU@0.3 | Rank@5,mIoU@0.5 | mIoU |
+-----------------+-----------------+-----------------+-----------------+------+
|       0.00      |       0.00      |       0.00      |       0.00      | 0.00 |
+-----------------+-----------------+-----------------+-----------------+------+

2026-04-23 10:19:36,802 
iter: 56500 train loss 0.2013 val loss 0.2967 test loss 0.0725
+performance on training set--------+-----------------+-----------------+-------+
| Rank@1,mIoU@0.3 | Rank@1,mIoU@0.5 | Rank@5,mIoU@0.3 | Rank@5,mIoU@0.5 | mIoU  |
+-----------------+-----------------+-----------------+-----------------+-------+
|      70.44      |      44.37      |      81.32      |      66.44      | 43.61 |
+-----------------+-----------------+-----------------+-----------------+-------+
+performance on validation set------+-----------------+-----------------+-------+
| Rank@1,mIoU@0.3 | Rank@1,mIoU@0.5 | Rank@5,mIoU@0.3 | Rank@5,mIoU@0.5 | mIoU  |
+-----------------+-----------------+-----------------+-----------------+-------+
|      20.00      |      10.32      |      50.32      |      28.71      | 15.42 |
+-----------------+-----------------+-----------------+-----------------+-------+
+performance on testing set---------+-----------------+-----------------+------+
| Rank@1,mIoU@0.3 | Rank@1,mIoU@0.5 | Rank@5,mIoU@0.3 | Rank@5,mIoU@0.5 | mIoU |
+-----------------+-----------------+-----------------+-----------------+------+
|       0.00      |       0.00      |       0.00      |       0.00      | 0.00 |
+-----------------+-----------------+-----------------+-----------------+------+

2026-04-23 10:23:30,910 
iter: 56750 train loss 0.2020 val loss 0.2970 test loss 0.0736
+performance on training set--------+-----------------+-----------------+-------+
| Rank@1,mIoU@0.3 | Rank@1,mIoU@0.5 | Rank@5,mIoU@0.3 | Rank@5,mIoU@0.5 | mIoU  |
+-----------------+-----------------+-----------------+-----------------+-------+
|      70.39      |      44.34      |      81.30      |      66.42      | 43.60 |
+-----------------+-----------------+-----------------+-----------------+-------+
+performance on validation set------+-----------------+-----------------+-------+
| Rank@1,mIoU@0.3 | Rank@1,mIoU@0.5 | Rank@5,mIoU@0.3 | Rank@5,mIoU@0.5 | mIoU  |
+-----------------+-----------------+-----------------+-----------------+-------+
|      21.29      |      10.00      |      49.35      |      26.45      | 15.46 |
+-----------------+-----------------+-----------------+-----------------+-------+
+performance on testing set---------+-----------------+-----------------+------+
| Rank@1,mIoU@0.3 | Rank@1,mIoU@0.5 | Rank@5,mIoU@0.3 | Rank@5,mIoU@0.5 | mIoU |
+-----------------+-----------------+-----------------+-----------------+------+
|       0.00      |       0.00      |       0.00      |       0.00      | 0.00 |
+-----------------+-----------------+-----------------+-----------------+------+

2026-04-23 10:27:25,466 
iter: 57000 train loss 0.2019 val loss 0.2968 test loss 0.0727
+performance on training set--------+-----------------+-----------------+-------+
| Rank@1,mIoU@0.3 | Rank@1,mIoU@0.5 | Rank@5,mIoU@0.3 | Rank@5,mIoU@0.5 | mIoU  |
+-----------------+-----------------+-----------------+-----------------+-------+
|      70.41      |      44.40      |      81.26      |      66.53      | 43.60 |
+-----------------+-----------------+-----------------+-----------------+-------+
+performance on validation set------+-----------------+-----------------+-------+
| Rank@1,mIoU@0.3 | Rank@1,mIoU@0.5 | Rank@5,mIoU@0.3 | Rank@5,mIoU@0.5 | mIoU  |
+-----------------+-----------------+-----------------+-----------------+-------+
|      20.00      |      10.65      |      50.32      |      28.06      | 15.18 |
+-----------------+-----------------+-----------------+-----------------+-------+
+performance on testing set---------+-----------------+-----------------+------+
| Rank@1,mIoU@0.3 | Rank@1,mIoU@0.5 | Rank@5,mIoU@0.3 | Rank@5,mIoU@0.5 | mIoU |
+-----------------+-----------------+-----------------+-----------------+------+
|       0.00      |       0.00      |       0.00      |       0.00      | 0.00 |
+-----------------+-----------------+-----------------+-----------------+------+

2026-04-23 10:31:18,354 
iter: 57250 train loss 0.2008 val loss 0.2969 test loss 0.0726
+performance on training set--------+-----------------+-----------------+-------+
| Rank@1,mIoU@0.3 | Rank@1,mIoU@0.5 | Rank@5,mIoU@0.3 | Rank@5,mIoU@0.5 | mIoU  |
+-----------------+-----------------+-----------------+-----------------+-------+
|      70.36      |      44.43      |      81.29      |      66.47      | 43.59 |
+-----------------+-----------------+-----------------+-----------------+-------+
+performance on validation set------+-----------------+-----------------+-------+
| Rank@1,mIoU@0.3 | Rank@1,mIoU@0.5 | Rank@5,mIoU@0.3 | Rank@5,mIoU@0.5 | mIoU  |
+-----------------+-----------------+-----------------+-----------------+-------+
|      20.65      |      10.00      |      50.32      |      27.74      | 15.25 |
+-----------------+-----------------+-----------------+-----------------+-------+
+performance on testing set---------+-----------------+-----------------+------+
| Rank@1,mIoU@0.3 | Rank@1,mIoU@0.5 | Rank@5,mIoU@0.3 | Rank@5,mIoU@0.5 | mIoU |
+-----------------+-----------------+-----------------+-----------------+------+
|       0.00      |       0.00      |       0.00      |       0.00      | 0.00 |
+-----------------+-----------------+-----------------+-----------------+------+

2026-04-23 10:35:17,598 
iter: 57500 train loss 0.2022 val loss 0.2969 test loss 0.0732
+performance on training set--------+-----------------+-----------------+-------+
| Rank@1,mIoU@0.3 | Rank@1,mIoU@0.5 | Rank@5,mIoU@0.3 | Rank@5,mIoU@0.5 | mIoU  |
+-----------------+-----------------+-----------------+-----------------+-------+
|      70.41      |      44.34      |      81.30      |      66.45      | 43.64 |
+-----------------+-----------------+-----------------+-----------------+-------+
+performance on validation set------+-----------------+-----------------+-------+
| Rank@1,mIoU@0.3 | Rank@1,mIoU@0.5 | Rank@5,mIoU@0.3 | Rank@5,mIoU@0.5 | mIoU  |
+-----------------+-----------------+-----------------+-----------------+-------+
|      21.29      |      10.32      |      50.97      |      27.74      | 15.56 |
+-----------------+-----------------+-----------------+-----------------+-------+
+performance on testing set---------+-----------------+-----------------+------+
| Rank@1,mIoU@0.3 | Rank@1,mIoU@0.5 | Rank@5,mIoU@0.3 | Rank@5,mIoU@0.5 | mIoU |
+-----------------+-----------------+-----------------+-----------------+------+
|       0.00      |       0.00      |       0.00      |       0.00      | 0.00 |
+-----------------+-----------------+-----------------+-----------------+------+

2026-04-23 10:39:11,650 
iter: 57750 train loss 0.2011 val loss 0.2969 test loss 0.0729
+performance on training set--------+-----------------+-----------------+-------+
| Rank@1,mIoU@0.3 | Rank@1,mIoU@0.5 | Rank@5,mIoU@0.3 | Rank@5,mIoU@0.5 | mIoU  |
+-----------------+-----------------+-----------------+-----------------+-------+
|      70.34      |      44.38      |      81.27      |      66.47      | 43.61 |
+-----------------+-----------------+-----------------+-----------------+-------+
+performance on validation set------+-----------------+-----------------+-------+
| Rank@1,mIoU@0.3 | Rank@1,mIoU@0.5 | Rank@5,mIoU@0.3 | Rank@5,mIoU@0.5 | mIoU  |
+-----------------+-----------------+-----------------+-----------------+-------+
|      20.32      |      10.32      |      50.65      |      28.39      | 15.34 |
+-----------------+-----------------+-----------------+-----------------+-------+
+performance on testing set---------+-----------------+-----------------+------+
| Rank@1,mIoU@0.3 | Rank@1,mIoU@0.5 | Rank@5,mIoU@0.3 | Rank@5,mIoU@0.5 | mIoU |
+-----------------+-----------------+-----------------+-----------------+------+
|       0.00      |       0.00      |       0.00      |       0.00      | 0.00 |
+-----------------+-----------------+-----------------+-----------------+------+

2026-04-23 10:43:07,006 
iter: 58000 train loss 0.2018 val loss 0.2967 test loss 0.0720
+performance on training set--------+-----------------+-----------------+-------+
| Rank@1,mIoU@0.3 | Rank@1,mIoU@0.5 | Rank@5,mIoU@0.3 | Rank@5,mIoU@0.5 | mIoU  |
+-----------------+-----------------+-----------------+-----------------+-------+
|      70.46      |      44.59      |      81.32      |      66.45      | 43.67 |
+-----------------+-----------------+-----------------+-----------------+-------+
+performance on validation set------+-----------------+-----------------+-------+
| Rank@1,mIoU@0.3 | Rank@1,mIoU@0.5 | Rank@5,mIoU@0.3 | Rank@5,mIoU@0.5 | mIoU  |
+-----------------+-----------------+-----------------+-----------------+-------+
|      20.97      |      10.00      |      50.32      |      28.71      | 15.33 |
+-----------------+-----------------+-----------------+-----------------+-------+
+performance on testing set---------+-----------------+-----------------+------+
| Rank@1,mIoU@0.3 | Rank@1,mIoU@0.5 | Rank@5,mIoU@0.3 | Rank@5,mIoU@0.5 | mIoU |
+-----------------+-----------------+-----------------+-----------------+------+
|       0.00      |       0.00      |       0.00      |       0.00      | 0.00 |
+-----------------+-----------------+-----------------+-----------------+------+

2026-04-23 10:46:59,790 
iter: 58250 train loss 0.2016 val loss 0.2970 test loss 0.0731
+performance on training set--------+-----------------+-----------------+-------+
| Rank@1,mIoU@0.3 | Rank@1,mIoU@0.5 | Rank@5,mIoU@0.3 | Rank@5,mIoU@0.5 | mIoU  |
+-----------------+-----------------+-----------------+-----------------+-------+
|      70.45      |      44.25      |      81.27      |      66.50      | 43.62 |
+-----------------+-----------------+-----------------+-----------------+-------+
+performance on validation set------+-----------------+-----------------+-------+
| Rank@1,mIoU@0.3 | Rank@1,mIoU@0.5 | Rank@5,mIoU@0.3 | Rank@5,mIoU@0.5 | mIoU  |
+-----------------+-----------------+-----------------+-----------------+-------+
|      20.65      |      10.32      |      50.32      |      27.74      | 15.58 |
+-----------------+-----------------+-----------------+-----------------+-------+
+performance on testing set---------+-----------------+-----------------+------+
| Rank@1,mIoU@0.3 | Rank@1,mIoU@0.5 | Rank@5,mIoU@0.3 | Rank@5,mIoU@0.5 | mIoU |
+-----------------+-----------------+-----------------+-----------------+------+
|       0.00      |       0.00      |       0.00      |       0.00      | 0.00 |
+-----------------+-----------------+-----------------+-----------------+------+

2026-04-23 10:50:50,486 
iter: 58500 train loss 0.2012 val loss 0.2970 test loss 0.0727
+performance on training set--------+-----------------+-----------------+-------+
| Rank@1,mIoU@0.3 | Rank@1,mIoU@0.5 | Rank@5,mIoU@0.3 | Rank@5,mIoU@0.5 | mIoU  |
+-----------------+-----------------+-----------------+-----------------+-------+
|      70.45      |      44.35      |      81.31      |      66.48      | 43.63 |
+-----------------+-----------------+-----------------+-----------------+-------+
+performance on validation set------+-----------------+-----------------+-------+
| Rank@1,mIoU@0.3 | Rank@1,mIoU@0.5 | Rank@5,mIoU@0.3 | Rank@5,mIoU@0.5 | mIoU  |
+-----------------+-----------------+-----------------+-----------------+-------+
|      20.65      |      10.32      |      51.29      |      28.71      | 15.26 |
+-----------------+-----------------+-----------------+-----------------+-------+
+performance on testing set---------+-----------------+-----------------+------+
| Rank@1,mIoU@0.3 | Rank@1,mIoU@0.5 | Rank@5,mIoU@0.3 | Rank@5,mIoU@0.5 | mIoU |
+-----------------+-----------------+-----------------+-----------------+------+
|       0.00      |       0.00      |       0.00      |       0.00      | 0.00 |
+-----------------+-----------------+-----------------+-----------------+------+

2026-04-23 10:54:44,069 
iter: 58750 train loss 0.2019 val loss 0.2971 test loss 0.0733
+performance on training set--------+-----------------+-----------------+-------+
| Rank@1,mIoU@0.3 | Rank@1,mIoU@0.5 | Rank@5,mIoU@0.3 | Rank@5,mIoU@0.5 | mIoU  |
+-----------------+-----------------+-----------------+-----------------+-------+
|      70.48      |      44.33      |      81.27      |      66.42      | 43.60 |
+-----------------+-----------------+-----------------+-----------------+-------+
+performance on validation set------+-----------------+-----------------+-------+
| Rank@1,mIoU@0.3 | Rank@1,mIoU@0.5 | Rank@5,mIoU@0.3 | Rank@5,mIoU@0.5 | mIoU  |
+-----------------+-----------------+-----------------+-----------------+-------+
|      21.29      |      10.32      |      50.32      |      27.74      | 15.55 |
+-----------------+-----------------+-----------------+-----------------+-------+
+performance on testing set---------+-----------------+-----------------+------+
| Rank@1,mIoU@0.3 | Rank@1,mIoU@0.5 | Rank@5,mIoU@0.3 | Rank@5,mIoU@0.5 | mIoU |
+-----------------+-----------------+-----------------+-----------------+------+
|       0.00      |       0.00      |       0.00      |       0.00      | 0.00 |
+-----------------+-----------------+-----------------+-----------------+------+

2026-04-23 10:58:39,738 
iter: 59000 train loss 0.2015 val loss 0.2970 test loss 0.0728
+performance on training set--------+-----------------+-----------------+-------+
| Rank@1,mIoU@0.3 | Rank@1,mIoU@0.5 | Rank@5,mIoU@0.3 | Rank@5,mIoU@0.5 | mIoU  |
+-----------------+-----------------+-----------------+-----------------+-------+
|      70.45      |      44.37      |      81.27      |      66.50      | 43.62 |
+-----------------+-----------------+-----------------+-----------------+-------+
+performance on validation set------+-----------------+-----------------+-------+
| Rank@1,mIoU@0.3 | Rank@1,mIoU@0.5 | Rank@5,mIoU@0.3 | Rank@5,mIoU@0.5 | mIoU  |
+-----------------+-----------------+-----------------+-----------------+-------+
|      20.65      |      10.32      |      50.65      |      28.71      | 15.50 |
+-----------------+-----------------+-----------------+-----------------+-------+
+performance on testing set---------+-----------------+-----------------+------+
| Rank@1,mIoU@0.3 | Rank@1,mIoU@0.5 | Rank@5,mIoU@0.3 | Rank@5,mIoU@0.5 | mIoU |
+-----------------+-----------------+-----------------+-----------------+------+
|       0.00      |       0.00      |       0.00      |       0.00      | 0.00 |
+-----------------+-----------------+-----------------+-----------------+------+

2026-04-23 11:02:31,940 
iter: 59250 train loss 0.2013 val loss 0.2970 test loss 0.0724
+performance on training set--------+-----------------+-----------------+-------+
| Rank@1,mIoU@0.3 | Rank@1,mIoU@0.5 | Rank@5,mIoU@0.3 | Rank@5,mIoU@0.5 | mIoU  |
+-----------------+-----------------+-----------------+-----------------+-------+
|      70.40      |      44.49      |      81.32      |      66.49      | 43.64 |
+-----------------+-----------------+-----------------+-----------------+-------+
+performance on validation set------+-----------------+-----------------+-------+
| Rank@1,mIoU@0.3 | Rank@1,mIoU@0.5 | Rank@5,mIoU@0.3 | Rank@5,mIoU@0.5 | mIoU  |
+-----------------+-----------------+-----------------+-----------------+-------+
|      20.65      |      10.32      |      50.32      |      28.39      | 15.29 |
+-----------------+-----------------+-----------------+-----------------+-------+
+performance on testing set---------+-----------------+-----------------+------+
| Rank@1,mIoU@0.3 | Rank@1,mIoU@0.5 | Rank@5,mIoU@0.3 | Rank@5,mIoU@0.5 | mIoU |
+-----------------+-----------------+-----------------+-----------------+------+
|       0.00      |       0.00      |       0.00      |       0.00      | 0.00 |
+-----------------+-----------------+-----------------+-----------------+------+

2026-04-23 11:06:24,279 
iter: 59500 train loss 0.2007 val loss 0.2969 test loss 0.0721
+performance on training set--------+-----------------+-----------------+-------+
| Rank@1,mIoU@0.3 | Rank@1,mIoU@0.5 | Rank@5,mIoU@0.3 | Rank@5,mIoU@0.5 | mIoU  |
+-----------------+-----------------+-----------------+-----------------+-------+
|      70.40      |      44.35      |      81.29      |      66.58      | 43.65 |
+-----------------+-----------------+-----------------+-----------------+-------+
+performance on validation set------+-----------------+-----------------+-------+
| Rank@1,mIoU@0.3 | Rank@1,mIoU@0.5 | Rank@5,mIoU@0.3 | Rank@5,mIoU@0.5 | mIoU  |
+-----------------+-----------------+-----------------+-----------------+-------+
|      20.97      |      10.32      |      51.29      |      28.39      | 15.50 |
+-----------------+-----------------+-----------------+-----------------+-------+
+performance on testing set---------+-----------------+-----------------+------+
| Rank@1,mIoU@0.3 | Rank@1,mIoU@0.5 | Rank@5,mIoU@0.3 | Rank@5,mIoU@0.5 | mIoU |
+-----------------+-----------------+-----------------+-----------------+------+
|       0.00      |       0.00      |       0.00      |       0.00      | 0.00 |
+-----------------+-----------------+-----------------+-----------------+------+

2026-04-23 11:10:14,913 
iter: 59750 train loss 0.2023 val loss 0.2970 test loss 0.0726
+performance on training set--------+-----------------+-----------------+-------+
| Rank@1,mIoU@0.3 | Rank@1,mIoU@0.5 | Rank@5,mIoU@0.3 | Rank@5,mIoU@0.5 | mIoU  |
+-----------------+-----------------+-----------------+-----------------+-------+
|      70.40      |      44.45      |      81.27      |      66.53      | 43.65 |
+-----------------+-----------------+-----------------+-----------------+-------+
+performance on validation set------+-----------------+-----------------+-------+
| Rank@1,mIoU@0.3 | Rank@1,mIoU@0.5 | Rank@5,mIoU@0.3 | Rank@5,mIoU@0.5 | mIoU  |
+-----------------+-----------------+-----------------+-----------------+-------+
|      20.32      |      10.65      |      50.97      |      28.71      | 15.41 |
+-----------------+-----------------+-----------------+-----------------+-------+
+performance on testing set---------+-----------------+-----------------+------+
| Rank@1,mIoU@0.3 | Rank@1,mIoU@0.5 | Rank@5,mIoU@0.3 | Rank@5,mIoU@0.5 | mIoU |
+-----------------+-----------------+-----------------+-----------------+------+
|       0.00      |       0.00      |       0.00      |       0.00      | 0.00 |
+-----------------+-----------------+-----------------+-----------------+------+

2026-04-23 11:14:08,173 
iter: 60000 train loss 0.2014 val loss 0.2969 test loss 0.0725
+performance on training set--------+-----------------+-----------------+-------+
| Rank@1,mIoU@0.3 | Rank@1,mIoU@0.5 | Rank@5,mIoU@0.3 | Rank@5,mIoU@0.5 | mIoU  |
+-----------------+-----------------+-----------------+-----------------+-------+
|      70.45      |      44.39      |      81.31      |      66.45      | 43.65 |
+-----------------+-----------------+-----------------+-----------------+-------+
+performance on validation set------+-----------------+-----------------+-------+
| Rank@1,mIoU@0.3 | Rank@1,mIoU@0.5 | Rank@5,mIoU@0.3 | Rank@5,mIoU@0.5 | mIoU  |
+-----------------+-----------------+-----------------+-----------------+-------+
|      20.32      |      10.00      |      51.29      |      28.06      | 15.29 |
+-----------------+-----------------+-----------------+-----------------+-------+
+performance on testing set---------+-----------------+-----------------+------+
| Rank@1,mIoU@0.3 | Rank@1,mIoU@0.5 | Rank@5,mIoU@0.3 | Rank@5,mIoU@0.5 | mIoU |
+-----------------+-----------------+-----------------+-----------------+------+
|       0.00      |       0.00      |       0.00      |       0.00      | 0.00 |
+-----------------+-----------------+-----------------+-----------------+------+

2026-04-23 11:18:00,488 
iter: 60250 train loss 0.2012 val loss 0.2970 test loss 0.0729
+performance on training set--------+-----------------+-----------------+-------+
| Rank@1,mIoU@0.3 | Rank@1,mIoU@0.5 | Rank@5,mIoU@0.3 | Rank@5,mIoU@0.5 | mIoU  |
+-----------------+-----------------+-----------------+-----------------+-------+
|      70.44      |      44.33      |      81.29      |      66.43      | 43.64 |
+-----------------+-----------------+-----------------+-----------------+-------+
+performance on validation set------+-----------------+-----------------+-------+
| Rank@1,mIoU@0.3 | Rank@1,mIoU@0.5 | Rank@5,mIoU@0.3 | Rank@5,mIoU@0.5 | mIoU  |
+-----------------+-----------------+-----------------+-----------------+-------+
|      20.32      |       9.68      |      50.32      |      27.74      | 15.32 |
+-----------------+-----------------+-----------------+-----------------+-------+
+performance on testing set---------+-----------------+-----------------+------+
| Rank@1,mIoU@0.3 | Rank@1,mIoU@0.5 | Rank@5,mIoU@0.3 | Rank@5,mIoU@0.5 | mIoU |
+-----------------+-----------------+-----------------+-----------------+------+
|       0.00      |       0.00      |       0.00      |       0.00      | 0.00 |
+-----------------+-----------------+-----------------+-----------------+------+

2026-04-23 11:21:54,257 
iter: 60500 train loss 0.2019 val loss 0.2970 test loss 0.0726
+performance on training set--------+-----------------+-----------------+-------+
| Rank@1,mIoU@0.3 | Rank@1,mIoU@0.5 | Rank@5,mIoU@0.3 | Rank@5,mIoU@0.5 | mIoU  |
+-----------------+-----------------+-----------------+-----------------+-------+
|      70.50      |      44.29      |      81.29      |      66.52      | 43.66 |
+-----------------+-----------------+-----------------+-----------------+-------+
+performance on validation set------+-----------------+-----------------+-------+
| Rank@1,mIoU@0.3 | Rank@1,mIoU@0.5 | Rank@5,mIoU@0.3 | Rank@5,mIoU@0.5 | mIoU  |
+-----------------+-----------------+-----------------+-----------------+-------+
|      20.65      |      10.32      |      50.97      |      28.71      | 15.24 |
+-----------------+-----------------+-----------------+-----------------+-------+
+performance on testing set---------+-----------------+-----------------+------+
| Rank@1,mIoU@0.3 | Rank@1,mIoU@0.5 | Rank@5,mIoU@0.3 | Rank@5,mIoU@0.5 | mIoU |
+-----------------+-----------------+-----------------+-----------------+------+
|       0.00      |       0.00      |       0.00      |       0.00      | 0.00 |
+-----------------+-----------------+-----------------+-----------------+------+

2026-04-23 11:25:47,550 
iter: 60750 train loss 0.2012 val loss 0.2971 test loss 0.0727
+performance on training set--------+-----------------+-----------------+-------+
| Rank@1,mIoU@0.3 | Rank@1,mIoU@0.5 | Rank@5,mIoU@0.3 | Rank@5,mIoU@0.5 | mIoU  |
+-----------------+-----------------+-----------------+-----------------+-------+
|      70.51      |      44.37      |      81.31      |      66.53      | 43.67 |
+-----------------+-----------------+-----------------+-----------------+-------+
+performance on validation set------+-----------------+-----------------+-------+
| Rank@1,mIoU@0.3 | Rank@1,mIoU@0.5 | Rank@5,mIoU@0.3 | Rank@5,mIoU@0.5 | mIoU  |
+-----------------+-----------------+-----------------+-----------------+-------+
|      20.32      |      10.32      |      50.97      |      28.06      | 15.26 |
+-----------------+-----------------+-----------------+-----------------+-------+
+performance on testing set---------+-----------------+-----------------+------+
| Rank@1,mIoU@0.3 | Rank@1,mIoU@0.5 | Rank@5,mIoU@0.3 | Rank@5,mIoU@0.5 | mIoU |
+-----------------+-----------------+-----------------+-----------------+------+
|       0.00      |       0.00      |       0.00      |       0.00      | 0.00 |
+-----------------+-----------------+-----------------+-----------------+------+

2026-04-23 11:29:42,012 
iter: 61000 train loss 0.2011 val loss 0.2970 test loss 0.0727
+performance on training set--------+-----------------+-----------------+-------+
| Rank@1,mIoU@0.3 | Rank@1,mIoU@0.5 | Rank@5,mIoU@0.3 | Rank@5,mIoU@0.5 | mIoU  |
+-----------------+-----------------+-----------------+-----------------+-------+
|      70.46      |      44.44      |      81.26      |      66.53      | 43.66 |
+-----------------+-----------------+-----------------+-----------------+-------+
+performance on validation set------+-----------------+-----------------+-------+
| Rank@1,mIoU@0.3 | Rank@1,mIoU@0.5 | Rank@5,mIoU@0.3 | Rank@5,mIoU@0.5 | mIoU  |
+-----------------+-----------------+-----------------+-----------------+-------+
|      20.32      |      10.00      |      50.32      |      27.74      | 15.20 |
+-----------------+-----------------+-----------------+-----------------+-------+
+performance on testing set---------+-----------------+-----------------+------+
| Rank@1,mIoU@0.3 | Rank@1,mIoU@0.5 | Rank@5,mIoU@0.3 | Rank@5,mIoU@0.5 | mIoU |
+-----------------+-----------------+-----------------+-----------------+------+
|       0.00      |       0.00      |       0.00      |       0.00      | 0.00 |
+-----------------+-----------------+-----------------+-----------------+------+

2026-04-23 11:33:35,206 
iter: 61250 train loss 0.2021 val loss 0.2971 test loss 0.0727
+performance on training set--------+-----------------+-----------------+-------+
| Rank@1,mIoU@0.3 | Rank@1,mIoU@0.5 | Rank@5,mIoU@0.3 | Rank@5,mIoU@0.5 | mIoU  |
+-----------------+-----------------+-----------------+-----------------+-------+
|      70.48      |      44.24      |      81.27      |      66.45      | 43.61 |
+-----------------+-----------------+-----------------+-----------------+-------+
+performance on validation set------+-----------------+-----------------+-------+
| Rank@1,mIoU@0.3 | Rank@1,mIoU@0.5 | Rank@5,mIoU@0.3 | Rank@5,mIoU@0.5 | mIoU  |
+-----------------+-----------------+-----------------+-----------------+-------+
|      21.29      |      10.65      |      50.97      |      28.39      | 15.48 |
+-----------------+-----------------+-----------------+-----------------+-------+
+performance on testing set---------+-----------------+-----------------+------+
| Rank@1,mIoU@0.3 | Rank@1,mIoU@0.5 | Rank@5,mIoU@0.3 | Rank@5,mIoU@0.5 | mIoU |
+-----------------+-----------------+-----------------+-----------------+------+
|       0.00      |       0.00      |       0.00      |       0.00      | 0.00 |
+-----------------+-----------------+-----------------+-----------------+------+

2026-04-23 11:37:29,402 
iter: 61500 train loss 0.2014 val loss 0.2971 test loss 0.0728
+performance on training set--------+-----------------+-----------------+-------+
| Rank@1,mIoU@0.3 | Rank@1,mIoU@0.5 | Rank@5,mIoU@0.3 | Rank@5,mIoU@0.5 | mIoU  |
+-----------------+-----------------+-----------------+-----------------+-------+
|      70.53      |      44.40      |      81.27      |      66.45      | 43.65 |
+-----------------+-----------------+-----------------+-----------------+-------+
+performance on validation set------+-----------------+-----------------+-------+
| Rank@1,mIoU@0.3 | Rank@1,mIoU@0.5 | Rank@5,mIoU@0.3 | Rank@5,mIoU@0.5 | mIoU  |
+-----------------+-----------------+-----------------+-----------------+-------+
|      21.29      |      10.00      |      50.65      |      27.42      | 15.39 |
+-----------------+-----------------+-----------------+-----------------+-------+
+performance on testing set---------+-----------------+-----------------+------+
| Rank@1,mIoU@0.3 | Rank@1,mIoU@0.5 | Rank@5,mIoU@0.3 | Rank@5,mIoU@0.5 | mIoU |
+-----------------+-----------------+-----------------+-----------------+------+
|       0.00      |       0.00      |       0.00      |       0.00      | 0.00 |
+-----------------+-----------------+-----------------+-----------------+------+

2026-04-23 11:41:22,899 
iter: 61750 train loss 0.2016 val loss 0.2973 test loss 0.0734
+performance on training set--------+-----------------+-----------------+-------+
| Rank@1,mIoU@0.3 | Rank@1,mIoU@0.5 | Rank@5,mIoU@0.3 | Rank@5,mIoU@0.5 | mIoU  |
+-----------------+-----------------+-----------------+-----------------+-------+
|      70.48      |      44.39      |      81.29      |      66.44      | 43.61 |
+-----------------+-----------------+-----------------+-----------------+-------+
+performance on validation set------+-----------------+-----------------+-------+
| Rank@1,mIoU@0.3 | Rank@1,mIoU@0.5 | Rank@5,mIoU@0.3 | Rank@5,mIoU@0.5 | mIoU  |
+-----------------+-----------------+-----------------+-----------------+-------+
|      20.65      |      10.00      |      50.00      |      27.74      | 15.41 |
+-----------------+-----------------+-----------------+-----------------+-------+
+performance on testing set---------+-----------------+-----------------+------+
| Rank@1,mIoU@0.3 | Rank@1,mIoU@0.5 | Rank@5,mIoU@0.3 | Rank@5,mIoU@0.5 | mIoU |
+-----------------+-----------------+-----------------+-----------------+------+
|       0.00      |       0.00      |       0.00      |       0.00      | 0.00 |
+-----------------+-----------------+-----------------+-----------------+------+

2026-04-23 11:45:18,581 
iter: 62000 train loss 0.2014 val loss 0.2972 test loss 0.0731
+performance on training set--------+-----------------+-----------------+-------+
| Rank@1,mIoU@0.3 | Rank@1,mIoU@0.5 | Rank@5,mIoU@0.3 | Rank@5,mIoU@0.5 | mIoU  |
+-----------------+-----------------+-----------------+-----------------+-------+
|      70.46      |      44.38      |      81.27      |      66.43      | 43.65 |
+-----------------+-----------------+-----------------+-----------------+-------+
+performance on validation set------+-----------------+-----------------+-------+
| Rank@1,mIoU@0.3 | Rank@1,mIoU@0.5 | Rank@5,mIoU@0.3 | Rank@5,mIoU@0.5 | mIoU  |
+-----------------+-----------------+-----------------+-----------------+-------+
|      21.29      |      10.00      |      50.00      |      27.10      | 15.53 |
+-----------------+-----------------+-----------------+-----------------+-------+
+performance on testing set---------+-----------------+-----------------+------+
| Rank@1,mIoU@0.3 | Rank@1,mIoU@0.5 | Rank@5,mIoU@0.3 | Rank@5,mIoU@0.5 | mIoU |
+-----------------+-----------------+-----------------+-----------------+------+
|       0.00      |       0.00      |       0.00      |       0.00      | 0.00 |
+-----------------+-----------------+-----------------+-----------------+------+

2026-04-23 11:49:12,153 
iter: 62250 train loss 0.2012 val loss 0.2973 test loss 0.0732
+performance on training set--------+-----------------+-----------------+-------+
| Rank@1,mIoU@0.3 | Rank@1,mIoU@0.5 | Rank@5,mIoU@0.3 | Rank@5,mIoU@0.5 | mIoU  |
+-----------------+-----------------+-----------------+-----------------+-------+
|      70.45      |      44.40      |      81.29      |      66.54      | 43.68 |
+-----------------+-----------------+-----------------+-----------------+-------+
+performance on validation set------+-----------------+-----------------+-------+
| Rank@1,mIoU@0.3 | Rank@1,mIoU@0.5 | Rank@5,mIoU@0.3 | Rank@5,mIoU@0.5 | mIoU  |
+-----------------+-----------------+-----------------+-----------------+-------+
|      20.97      |      10.00      |      50.00      |      28.39      | 15.54 |
+-----------------+-----------------+-----------------+-----------------+-------+
+performance on testing set---------+-----------------+-----------------+------+
| Rank@1,mIoU@0.3 | Rank@1,mIoU@0.5 | Rank@5,mIoU@0.3 | Rank@5,mIoU@0.5 | mIoU |
+-----------------+-----------------+-----------------+-----------------+------+
|       0.00      |       0.00      |       0.00      |       0.00      | 0.00 |
+-----------------+-----------------+-----------------+-----------------+------+

2026-04-23 11:53:07,069 
iter: 62500 train loss 0.2015 val loss 0.2971 test loss 0.0727
+performance on training set--------+-----------------+-----------------+-------+
| Rank@1,mIoU@0.3 | Rank@1,mIoU@0.5 | Rank@5,mIoU@0.3 | Rank@5,mIoU@0.5 | mIoU  |
+-----------------+-----------------+-----------------+-----------------+-------+
|      70.46      |      44.45      |      81.31      |      66.48      | 43.67 |
+-----------------+-----------------+-----------------+-----------------+-------+
+performance on validation set------+-----------------+-----------------+-------+
| Rank@1,mIoU@0.3 | Rank@1,mIoU@0.5 | Rank@5,mIoU@0.3 | Rank@5,mIoU@0.5 | mIoU  |
+-----------------+-----------------+-----------------+-----------------+-------+
|      20.32      |      10.32      |      50.00      |      29.03      | 15.51 |
+-----------------+-----------------+-----------------+-----------------+-------+
+performance on testing set---------+-----------------+-----------------+------+
| Rank@1,mIoU@0.3 | Rank@1,mIoU@0.5 | Rank@5,mIoU@0.3 | Rank@5,mIoU@0.5 | mIoU |
+-----------------+-----------------+-----------------+-----------------+------+
|       0.00      |       0.00      |       0.00      |       0.00      | 0.00 |
+-----------------+-----------------+-----------------+-----------------+------+

2026-04-23 11:56:59,192 
iter: 62750 train loss 0.2015 val loss 0.2970 test loss 0.0725
+performance on training set--------+-----------------+-----------------+-------+
| Rank@1,mIoU@0.3 | Rank@1,mIoU@0.5 | Rank@5,mIoU@0.3 | Rank@5,mIoU@0.5 | mIoU  |
+-----------------+-----------------+-----------------+-----------------+-------+
|      70.48      |      44.25      |      81.29      |      66.62      | 43.64 |
+-----------------+-----------------+-----------------+-----------------+-------+
+performance on validation set------+-----------------+-----------------+-------+
| Rank@1,mIoU@0.3 | Rank@1,mIoU@0.5 | Rank@5,mIoU@0.3 | Rank@5,mIoU@0.5 | mIoU  |
+-----------------+-----------------+-----------------+-----------------+-------+
|      20.32      |      10.65      |      49.35      |      28.71      | 15.20 |
+-----------------+-----------------+-----------------+-----------------+-------+
+performance on testing set---------+-----------------+-----------------+------+
| Rank@1,mIoU@0.3 | Rank@1,mIoU@0.5 | Rank@5,mIoU@0.3 | Rank@5,mIoU@0.5 | mIoU |
+-----------------+-----------------+-----------------+-----------------+------+
|       0.00      |       0.00      |       0.00      |       0.00      | 0.00 |
+-----------------+-----------------+-----------------+-----------------+------+

2026-04-23 12:00:52,732 
iter: 63000 train loss 0.2014 val loss 0.2972 test loss 0.0730
+performance on training set--------+-----------------+-----------------+-------+
| Rank@1,mIoU@0.3 | Rank@1,mIoU@0.5 | Rank@5,mIoU@0.3 | Rank@5,mIoU@0.5 | mIoU  |
+-----------------+-----------------+-----------------+-----------------+-------+
|      70.51      |      44.48      |      81.31      |      66.44      | 43.65 |
+-----------------+-----------------+-----------------+-----------------+-------+
+performance on validation set------+-----------------+-----------------+-------+
| Rank@1,mIoU@0.3 | Rank@1,mIoU@0.5 | Rank@5,mIoU@0.3 | Rank@5,mIoU@0.5 | mIoU  |
+-----------------+-----------------+-----------------+-----------------+-------+
|      20.65      |      10.00      |      49.35      |      27.74      | 15.37 |
+-----------------+-----------------+-----------------+-----------------+-------+
+performance on testing set---------+-----------------+-----------------+------+
| Rank@1,mIoU@0.3 | Rank@1,mIoU@0.5 | Rank@5,mIoU@0.3 | Rank@5,mIoU@0.5 | mIoU |
+-----------------+-----------------+-----------------+-----------------+------+
|       0.00      |       0.00      |       0.00      |       0.00      | 0.00 |
+-----------------+-----------------+-----------------+-----------------+------+

2026-04-23 12:04:45,311 
iter: 63250 train loss 0.2017 val loss 0.2971 test loss 0.0728
+performance on training set--------+-----------------+-----------------+-------+
| Rank@1,mIoU@0.3 | Rank@1,mIoU@0.5 | Rank@5,mIoU@0.3 | Rank@5,mIoU@0.5 | mIoU  |
+-----------------+-----------------+-----------------+-----------------+-------+
|      70.50      |      44.45      |      81.31      |      66.44      | 43.70 |
+-----------------+-----------------+-----------------+-----------------+-------+
+performance on validation set------+-----------------+-----------------+-------+
| Rank@1,mIoU@0.3 | Rank@1,mIoU@0.5 | Rank@5,mIoU@0.3 | Rank@5,mIoU@0.5 | mIoU  |
+-----------------+-----------------+-----------------+-----------------+-------+
|      20.32      |      10.32      |      50.32      |      28.39      | 15.50 |
+-----------------+-----------------+-----------------+-----------------+-------+
+performance on testing set---------+-----------------+-----------------+------+
| Rank@1,mIoU@0.3 | Rank@1,mIoU@0.5 | Rank@5,mIoU@0.3 | Rank@5,mIoU@0.5 | mIoU |
+-----------------+-----------------+-----------------+-----------------+------+
|       0.00      |       0.00      |       0.00      |       0.00      | 0.00 |
+-----------------+-----------------+-----------------+-----------------+------+

2026-04-23 12:08:38,886 
iter: 63500 train loss 0.2013 val loss 0.2972 test loss 0.0729
+performance on training set--------+-----------------+-----------------+-------+
| Rank@1,mIoU@0.3 | Rank@1,mIoU@0.5 | Rank@5,mIoU@0.3 | Rank@5,mIoU@0.5 | mIoU  |
+-----------------+-----------------+-----------------+-----------------+-------+
|      70.45      |      44.43      |      81.29      |      66.48      | 43.69 |
+-----------------+-----------------+-----------------+-----------------+-------+
+performance on validation set------+-----------------+-----------------+-------+
| Rank@1,mIoU@0.3 | Rank@1,mIoU@0.5 | Rank@5,mIoU@0.3 | Rank@5,mIoU@0.5 | mIoU  |
+-----------------+-----------------+-----------------+-----------------+-------+
|      20.32      |      10.32      |      50.97      |      28.39      | 15.40 |
+-----------------+-----------------+-----------------+-----------------+-------+
+performance on testing set---------+-----------------+-----------------+------+
| Rank@1,mIoU@0.3 | Rank@1,mIoU@0.5 | Rank@5,mIoU@0.3 | Rank@5,mIoU@0.5 | mIoU |
+-----------------+-----------------+-----------------+-----------------+------+
|       0.00      |       0.00      |       0.00      |       0.00      | 0.00 |
+-----------------+-----------------+-----------------+-----------------+------+

2026-04-23 12:12:31,414 
iter: 63750 train loss 0.2013 val loss 0.2972 test loss 0.0732
+performance on training set--------+-----------------+-----------------+-------+
| Rank@1,mIoU@0.3 | Rank@1,mIoU@0.5 | Rank@5,mIoU@0.3 | Rank@5,mIoU@0.5 | mIoU  |
+-----------------+-----------------+-----------------+-----------------+-------+
|      70.54      |      44.34      |      81.31      |      66.49      | 43.62 |
+-----------------+-----------------+-----------------+-----------------+-------+
+performance on validation set------+-----------------+-----------------+-------+
| Rank@1,mIoU@0.3 | Rank@1,mIoU@0.5 | Rank@5,mIoU@0.3 | Rank@5,mIoU@0.5 | mIoU  |
+-----------------+-----------------+-----------------+-----------------+-------+
|      21.61      |      10.00      |      49.68      |      27.42      | 15.64 |
+-----------------+-----------------+-----------------+-----------------+-------+
+performance on testing set---------+-----------------+-----------------+------+
| Rank@1,mIoU@0.3 | Rank@1,mIoU@0.5 | Rank@5,mIoU@0.3 | Rank@5,mIoU@0.5 | mIoU |
+-----------------+-----------------+-----------------+-----------------+------+
|       0.00      |       0.00      |       0.00      |       0.00      | 0.00 |
+-----------------+-----------------+-----------------+-----------------+------+

2026-04-23 12:16:26,009 
iter: 64000 train loss 0.2013 val loss 0.2971 test loss 0.0727
+performance on training set--------+-----------------+-----------------+-------+
| Rank@1,mIoU@0.3 | Rank@1,mIoU@0.5 | Rank@5,mIoU@0.3 | Rank@5,mIoU@0.5 | mIoU  |
+-----------------+-----------------+-----------------+-----------------+-------+
|      70.49      |      44.34      |      81.31      |      66.55      | 43.65 |
+-----------------+-----------------+-----------------+-----------------+-------+
+performance on validation set------+-----------------+-----------------+-------+
| Rank@1,mIoU@0.3 | Rank@1,mIoU@0.5 | Rank@5,mIoU@0.3 | Rank@5,mIoU@0.5 | mIoU  |
+-----------------+-----------------+-----------------+-----------------+-------+
|      20.32      |      10.32      |      50.32      |      28.39      | 15.30 |
+-----------------+-----------------+-----------------+-----------------+-------+
+performance on testing set---------+-----------------+-----------------+------+
| Rank@1,mIoU@0.3 | Rank@1,mIoU@0.5 | Rank@5,mIoU@0.3 | Rank@5,mIoU@0.5 | mIoU |
+-----------------+-----------------+-----------------+-----------------+------+
|       0.00      |       0.00      |       0.00      |       0.00      | 0.00 |
+-----------------+-----------------+-----------------+-----------------+------+

2026-04-23 12:20:19,904 
iter: 64250 train loss 0.2015 val loss 0.2971 test loss 0.0728
+performance on training set--------+-----------------+-----------------+-------+
| Rank@1,mIoU@0.3 | Rank@1,mIoU@0.5 | Rank@5,mIoU@0.3 | Rank@5,mIoU@0.5 | mIoU  |
+-----------------+-----------------+-----------------+-----------------+-------+
|      70.48      |      44.40      |      81.29      |      66.50      | 43.67 |
+-----------------+-----------------+-----------------+-----------------+-------+
+performance on validation set------+-----------------+-----------------+-------+
| Rank@1,mIoU@0.3 | Rank@1,mIoU@0.5 | Rank@5,mIoU@0.3 | Rank@5,mIoU@0.5 | mIoU  |
+-----------------+-----------------+-----------------+-----------------+-------+
|      20.00      |      10.32      |      50.65      |      28.71      | 15.39 |
+-----------------+-----------------+-----------------+-----------------+-------+
+performance on testing set---------+-----------------+-----------------+------+
| Rank@1,mIoU@0.3 | Rank@1,mIoU@0.5 | Rank@5,mIoU@0.3 | Rank@5,mIoU@0.5 | mIoU |
+-----------------+-----------------+-----------------+-----------------+------+
|       0.00      |       0.00      |       0.00      |       0.00      | 0.00 |
+-----------------+-----------------+-----------------+-----------------+------+

2026-04-23 12:24:13,884 
iter: 64500 train loss 0.2016 val loss 0.2972 test loss 0.0732
+performance on training set--------+-----------------+-----------------+-------+
| Rank@1,mIoU@0.3 | Rank@1,mIoU@0.5 | Rank@5,mIoU@0.3 | Rank@5,mIoU@0.5 | mIoU  |
+-----------------+-----------------+-----------------+-----------------+-------+
|      70.49      |      44.37      |      81.33      |      66.47      | 43.62 |
+-----------------+-----------------+-----------------+-----------------+-------+
+performance on validation set------+-----------------+-----------------+-------+
| Rank@1,mIoU@0.3 | Rank@1,mIoU@0.5 | Rank@5,mIoU@0.3 | Rank@5,mIoU@0.5 | mIoU  |
+-----------------+-----------------+-----------------+-----------------+-------+
|      21.29      |      10.00      |      49.68      |      27.42      | 15.48 |
+-----------------+-----------------+-----------------+-----------------+-------+
+performance on testing set---------+-----------------+-----------------+------+
| Rank@1,mIoU@0.3 | Rank@1,mIoU@0.5 | Rank@5,mIoU@0.3 | Rank@5,mIoU@0.5 | mIoU |
+-----------------+-----------------+-----------------+-----------------+------+
|       0.00      |       0.00      |       0.00      |       0.00      | 0.00 |
+-----------------+-----------------+-----------------+-----------------+------+

2026-04-23 12:28:05,468 
iter: 64750 train loss 0.2014 val loss 0.2971 test loss 0.0731
+performance on training set--------+-----------------+-----------------+-------+
| Rank@1,mIoU@0.3 | Rank@1,mIoU@0.5 | Rank@5,mIoU@0.3 | Rank@5,mIoU@0.5 | mIoU  |
+-----------------+-----------------+-----------------+-----------------+-------+
|      70.49      |      44.40      |      81.33      |      66.50      | 43.65 |
+-----------------+-----------------+-----------------+-----------------+-------+
+performance on validation set------+-----------------+-----------------+-------+
| Rank@1,mIoU@0.3 | Rank@1,mIoU@0.5 | Rank@5,mIoU@0.3 | Rank@5,mIoU@0.5 | mIoU  |
+-----------------+-----------------+-----------------+-----------------+-------+
|      20.65      |      10.00      |      50.00      |      28.06      | 15.51 |
+-----------------+-----------------+-----------------+-----------------+-------+
+performance on testing set---------+-----------------+-----------------+------+
| Rank@1,mIoU@0.3 | Rank@1,mIoU@0.5 | Rank@5,mIoU@0.3 | Rank@5,mIoU@0.5 | mIoU |
+-----------------+-----------------+-----------------+-----------------+------+
|       0.00      |       0.00      |       0.00      |       0.00      | 0.00 |
+-----------------+-----------------+-----------------+-----------------+------+

2026-04-23 12:31:59,771 
iter: 65000 train loss 0.2008 val loss 0.2970 test loss 0.0727
+performance on training set--------+-----------------+-----------------+-------+
| Rank@1,mIoU@0.3 | Rank@1,mIoU@0.5 | Rank@5,mIoU@0.3 | Rank@5,mIoU@0.5 | mIoU  |
+-----------------+-----------------+-----------------+-----------------+-------+
|      70.41      |      44.38      |      81.30      |      66.49      | 43.64 |
+-----------------+-----------------+-----------------+-----------------+-------+
+performance on validation set------+-----------------+-----------------+-------+
| Rank@1,mIoU@0.3 | Rank@1,mIoU@0.5 | Rank@5,mIoU@0.3 | Rank@5,mIoU@0.5 | mIoU  |
+-----------------+-----------------+-----------------+-----------------+-------+
|      20.00      |      10.32      |      50.32      |      27.74      | 15.24 |
+-----------------+-----------------+-----------------+-----------------+-------+
+performance on testing set---------+-----------------+-----------------+------+
| Rank@1,mIoU@0.3 | Rank@1,mIoU@0.5 | Rank@5,mIoU@0.3 | Rank@5,mIoU@0.5 | mIoU |
+-----------------+-----------------+-----------------+-----------------+------+
|       0.00      |       0.00      |       0.00      |       0.00      | 0.00 |
+-----------------+-----------------+-----------------+-----------------+------+

2026-04-23 12:35:53,002 
iter: 65250 train loss 0.2018 val loss 0.2971 test loss 0.0730
+performance on training set--------+-----------------+-----------------+-------+
| Rank@1,mIoU@0.3 | Rank@1,mIoU@0.5 | Rank@5,mIoU@0.3 | Rank@5,mIoU@0.5 | mIoU  |
+-----------------+-----------------+-----------------+-----------------+-------+
|      70.44      |      44.38      |      81.30      |      66.52      | 43.67 |
+-----------------+-----------------+-----------------+-----------------+-------+
+performance on validation set------+-----------------+-----------------+-------+
| Rank@1,mIoU@0.3 | Rank@1,mIoU@0.5 | Rank@5,mIoU@0.3 | Rank@5,mIoU@0.5 | mIoU  |
+-----------------+-----------------+-----------------+-----------------+-------+
|      20.00      |      10.32      |      49.03      |      28.06      | 15.24 |
+-----------------+-----------------+-----------------+-----------------+-------+
+performance on testing set---------+-----------------+-----------------+------+
| Rank@1,mIoU@0.3 | Rank@1,mIoU@0.5 | Rank@5,mIoU@0.3 | Rank@5,mIoU@0.5 | mIoU |
+-----------------+-----------------+-----------------+-----------------+------+
|       0.00      |       0.00      |       0.00      |       0.00      | 0.00 |
+-----------------+-----------------+-----------------+-----------------+------+

2026-04-23 12:39:48,645 
iter: 65500 train loss 0.2009 val loss 0.2971 test loss 0.0726
+performance on training set--------+-----------------+-----------------+-------+
| Rank@1,mIoU@0.3 | Rank@1,mIoU@0.5 | Rank@5,mIoU@0.3 | Rank@5,mIoU@0.5 | mIoU  |
+-----------------+-----------------+-----------------+-----------------+-------+
|      70.43      |      44.35      |      81.35      |      66.50      | 43.66 |
+-----------------+-----------------+-----------------+-----------------+-------+
+performance on validation set------+-----------------+-----------------+-------+
| Rank@1,mIoU@0.3 | Rank@1,mIoU@0.5 | Rank@5,mIoU@0.3 | Rank@5,mIoU@0.5 | mIoU  |
+-----------------+-----------------+-----------------+-----------------+-------+
|      20.65      |      10.00      |      50.00      |      28.71      | 15.19 |
+-----------------+-----------------+-----------------+-----------------+-------+
+performance on testing set---------+-----------------+-----------------+------+
| Rank@1,mIoU@0.3 | Rank@1,mIoU@0.5 | Rank@5,mIoU@0.3 | Rank@5,mIoU@0.5 | mIoU |
+-----------------+-----------------+-----------------+-----------------+------+
|       0.00      |       0.00      |       0.00      |       0.00      | 0.00 |
+-----------------+-----------------+-----------------+-----------------+------+

2026-04-23 12:43:43,552 
iter: 65750 train loss 0.2019 val loss 0.2971 test loss 0.0730
+performance on training set--------+-----------------+-----------------+-------+
| Rank@1,mIoU@0.3 | Rank@1,mIoU@0.5 | Rank@5,mIoU@0.3 | Rank@5,mIoU@0.5 | mIoU  |
+-----------------+-----------------+-----------------+-----------------+-------+
|      70.49      |      44.39      |      81.33      |      66.49      | 43.62 |
+-----------------+-----------------+-----------------+-----------------+-------+
+performance on validation set------+-----------------+-----------------+-------+
| Rank@1,mIoU@0.3 | Rank@1,mIoU@0.5 | Rank@5,mIoU@0.3 | Rank@5,mIoU@0.5 | mIoU  |
+-----------------+-----------------+-----------------+-----------------+-------+
|      20.00      |      10.00      |      49.68      |      27.74      | 15.30 |
+-----------------+-----------------+-----------------+-----------------+-------+
+performance on testing set---------+-----------------+-----------------+------+
| Rank@1,mIoU@0.3 | Rank@1,mIoU@0.5 | Rank@5,mIoU@0.3 | Rank@5,mIoU@0.5 | mIoU |
+-----------------+-----------------+-----------------+-----------------+------+
|       0.00      |       0.00      |       0.00      |       0.00      | 0.00 |
+-----------------+-----------------+-----------------+-----------------+------+

2026-04-23 12:47:36,291 
iter: 66000 train loss 0.2017 val loss 0.2970 test loss 0.0726
+performance on training set--------+-----------------+-----------------+-------+
| Rank@1,mIoU@0.3 | Rank@1,mIoU@0.5 | Rank@5,mIoU@0.3 | Rank@5,mIoU@0.5 | mIoU  |
+-----------------+-----------------+-----------------+-----------------+-------+
|      70.50      |      44.49      |      81.30      |      66.54      | 43.68 |
+-----------------+-----------------+-----------------+-----------------+-------+
+performance on validation set------+-----------------+-----------------+-------+
| Rank@1,mIoU@0.3 | Rank@1,mIoU@0.5 | Rank@5,mIoU@0.3 | Rank@5,mIoU@0.5 | mIoU  |
+-----------------+-----------------+-----------------+-----------------+-------+
|      20.32      |      10.00      |      50.00      |      28.71      | 15.21 |
+-----------------+-----------------+-----------------+-----------------+-------+
+performance on testing set---------+-----------------+-----------------+------+
| Rank@1,mIoU@0.3 | Rank@1,mIoU@0.5 | Rank@5,mIoU@0.3 | Rank@5,mIoU@0.5 | mIoU |
+-----------------+-----------------+-----------------+-----------------+------+
|       0.00      |       0.00      |       0.00      |       0.00      | 0.00 |
+-----------------+-----------------+-----------------+-----------------+------+

2026-04-23 12:51:28,618 
iter: 66250 train loss 0.2014 val loss 0.2970 test loss 0.0728
+performance on training set--------+-----------------+-----------------+-------+
| Rank@1,mIoU@0.3 | Rank@1,mIoU@0.5 | Rank@5,mIoU@0.3 | Rank@5,mIoU@0.5 | mIoU  |
+-----------------+-----------------+-----------------+-----------------+-------+
|      70.49      |      44.56      |      81.30      |      66.54      | 43.67 |
+-----------------+-----------------+-----------------+-----------------+-------+
+performance on validation set------+-----------------+-----------------+-------+
| Rank@1,mIoU@0.3 | Rank@1,mIoU@0.5 | Rank@5,mIoU@0.3 | Rank@5,mIoU@0.5 | mIoU  |
+-----------------+-----------------+-----------------+-----------------+-------+
|      20.32      |      10.00      |      49.35      |      28.06      | 15.36 |
+-----------------+-----------------+-----------------+-----------------+-------+
+performance on testing set---------+-----------------+-----------------+------+
| Rank@1,mIoU@0.3 | Rank@1,mIoU@0.5 | Rank@5,mIoU@0.3 | Rank@5,mIoU@0.5 | mIoU |
+-----------------+-----------------+-----------------+-----------------+------+
|       0.00      |       0.00      |       0.00      |       0.00      | 0.00 |
+-----------------+-----------------+-----------------+-----------------+------+

2026-04-23 12:55:21,530 
iter: 66500 train loss 0.2012 val loss 0.2972 test loss 0.0734
+performance on training set--------+-----------------+-----------------+-------+
| Rank@1,mIoU@0.3 | Rank@1,mIoU@0.5 | Rank@5,mIoU@0.3 | Rank@5,mIoU@0.5 | mIoU  |
+-----------------+-----------------+-----------------+-----------------+-------+
|      70.46      |      44.52      |      81.30      |      66.45      | 43.63 |
+-----------------+-----------------+-----------------+-----------------+-------+
+performance on validation set------+-----------------+-----------------+-------+
| Rank@1,mIoU@0.3 | Rank@1,mIoU@0.5 | Rank@5,mIoU@0.3 | Rank@5,mIoU@0.5 | mIoU  |
+-----------------+-----------------+-----------------+-----------------+-------+
|      20.00      |      10.00      |      49.03      |      27.74      | 15.38 |
+-----------------+-----------------+-----------------+-----------------+-------+
+performance on testing set---------+-----------------+-----------------+------+
| Rank@1,mIoU@0.3 | Rank@1,mIoU@0.5 | Rank@5,mIoU@0.3 | Rank@5,mIoU@0.5 | mIoU |
+-----------------+-----------------+-----------------+-----------------+------+
|       0.00      |       0.00      |       0.00      |       0.00      | 0.00 |
+-----------------+-----------------+-----------------+-----------------+------+

2026-04-23 12:59:15,428 
iter: 66750 train loss 0.2011 val loss 0.2972 test loss 0.0732
+performance on training set--------+-----------------+-----------------+-------+
| Rank@1,mIoU@0.3 | Rank@1,mIoU@0.5 | Rank@5,mIoU@0.3 | Rank@5,mIoU@0.5 | mIoU  |
+-----------------+-----------------+-----------------+-----------------+-------+
|      70.51      |      44.38      |      81.29      |      66.55      | 43.67 |
+-----------------+-----------------+-----------------+-----------------+-------+
+performance on validation set------+-----------------+-----------------+-------+
| Rank@1,mIoU@0.3 | Rank@1,mIoU@0.5 | Rank@5,mIoU@0.3 | Rank@5,mIoU@0.5 | mIoU  |
+-----------------+-----------------+-----------------+-----------------+-------+
|      20.00      |      10.00      |      49.35      |      28.71      | 15.33 |
+-----------------+-----------------+-----------------+-----------------+-------+
+performance on testing set---------+-----------------+-----------------+------+
| Rank@1,mIoU@0.3 | Rank@1,mIoU@0.5 | Rank@5,mIoU@0.3 | Rank@5,mIoU@0.5 | mIoU |
+-----------------+-----------------+-----------------+-----------------+------+
|       0.00      |       0.00      |       0.00      |       0.00      | 0.00 |
+-----------------+-----------------+-----------------+-----------------+------+

2026-04-23 13:03:09,585 
iter: 67000 train loss 0.2020 val loss 0.2971 test loss 0.0730
+performance on training set--------+-----------------+-----------------+-------+
| Rank@1,mIoU@0.3 | Rank@1,mIoU@0.5 | Rank@5,mIoU@0.3 | Rank@5,mIoU@0.5 | mIoU  |
+-----------------+-----------------+-----------------+-----------------+-------+
|      70.45      |      44.39      |      81.33      |      66.57      | 43.68 |
+-----------------+-----------------+-----------------+-----------------+-------+
+performance on validation set------+-----------------+-----------------+-------+
| Rank@1,mIoU@0.3 | Rank@1,mIoU@0.5 | Rank@5,mIoU@0.3 | Rank@5,mIoU@0.5 | mIoU  |
+-----------------+-----------------+-----------------+-----------------+-------+
|      20.00      |       9.68      |      50.00      |      28.39      | 15.21 |
+-----------------+-----------------+-----------------+-----------------+-------+
+performance on testing set---------+-----------------+-----------------+------+
| Rank@1,mIoU@0.3 | Rank@1,mIoU@0.5 | Rank@5,mIoU@0.3 | Rank@5,mIoU@0.5 | mIoU |
+-----------------+-----------------+-----------------+-----------------+------+
|       0.00      |       0.00      |       0.00      |       0.00      | 0.00 |
+-----------------+-----------------+-----------------+-----------------+------+

2026-04-23 13:07:03,471 
iter: 67250 train loss 0.2011 val loss 0.2970 test loss 0.0726
+performance on training set--------+-----------------+-----------------+-------+
| Rank@1,mIoU@0.3 | Rank@1,mIoU@0.5 | Rank@5,mIoU@0.3 | Rank@5,mIoU@0.5 | mIoU  |
+-----------------+-----------------+-----------------+-----------------+-------+
|      70.44      |      44.49      |      81.31      |      66.55      | 43.68 |
+-----------------+-----------------+-----------------+-----------------+-------+
+performance on validation set------+-----------------+-----------------+-------+
| Rank@1,mIoU@0.3 | Rank@1,mIoU@0.5 | Rank@5,mIoU@0.3 | Rank@5,mIoU@0.5 | mIoU  |
+-----------------+-----------------+-----------------+-----------------+-------+
|      20.00      |       9.68      |      50.65      |      28.39      | 15.18 |
+-----------------+-----------------+-----------------+-----------------+-------+
+performance on testing set---------+-----------------+-----------------+------+
| Rank@1,mIoU@0.3 | Rank@1,mIoU@0.5 | Rank@5,mIoU@0.3 | Rank@5,mIoU@0.5 | mIoU |
+-----------------+-----------------+-----------------+-----------------+------+
|       0.00      |       0.00      |       0.00      |       0.00      | 0.00 |
+-----------------+-----------------+-----------------+-----------------+------+

2026-04-23 13:10:55,443 
iter: 67500 train loss 0.2014 val loss 0.2971 test loss 0.0726
+performance on training set--------+-----------------+-----------------+-------+
| Rank@1,mIoU@0.3 | Rank@1,mIoU@0.5 | Rank@5,mIoU@0.3 | Rank@5,mIoU@0.5 | mIoU  |
+-----------------+-----------------+-----------------+-----------------+-------+
|      70.46      |      44.48      |      81.31      |      66.59      | 43.69 |
+-----------------+-----------------+-----------------+-----------------+-------+
+performance on validation set------+-----------------+-----------------+-------+
| Rank@1,mIoU@0.3 | Rank@1,mIoU@0.5 | Rank@5,mIoU@0.3 | Rank@5,mIoU@0.5 | mIoU  |
+-----------------+-----------------+-----------------+-----------------+-------+
|      20.65      |       9.35      |      50.32      |      28.06      | 15.05 |
+-----------------+-----------------+-----------------+-----------------+-------+
+performance on testing set---------+-----------------+-----------------+------+
| Rank@1,mIoU@0.3 | Rank@1,mIoU@0.5 | Rank@5,mIoU@0.3 | Rank@5,mIoU@0.5 | mIoU |
+-----------------+-----------------+-----------------+-----------------+------+
|       0.00      |       0.00      |       0.00      |       0.00      | 0.00 |
+-----------------+-----------------+-----------------+-----------------+------+

2026-04-23 13:14:47,852 
iter: 67750 train loss 0.2019 val loss 0.2972 test loss 0.0730
+performance on training set--------+-----------------+-----------------+-------+
| Rank@1,mIoU@0.3 | Rank@1,mIoU@0.5 | Rank@5,mIoU@0.3 | Rank@5,mIoU@0.5 | mIoU  |
+-----------------+-----------------+-----------------+-----------------+-------+
|      70.51      |      44.48      |      81.29      |      66.53      | 43.68 |
+-----------------+-----------------+-----------------+-----------------+-------+
+performance on validation set------+-----------------+-----------------+-------+
| Rank@1,mIoU@0.3 | Rank@1,mIoU@0.5 | Rank@5,mIoU@0.3 | Rank@5,mIoU@0.5 | mIoU  |
+-----------------+-----------------+-----------------+-----------------+-------+
|      20.32      |      10.00      |      49.03      |      27.74      | 15.30 |
+-----------------+-----------------+-----------------+-----------------+-------+
+performance on testing set---------+-----------------+-----------------+------+
| Rank@1,mIoU@0.3 | Rank@1,mIoU@0.5 | Rank@5,mIoU@0.3 | Rank@5,mIoU@0.5 | mIoU |
+-----------------+-----------------+-----------------+-----------------+------+
|       0.00      |       0.00      |       0.00      |       0.00      | 0.00 |
+-----------------+-----------------+-----------------+-----------------+------+

2026-04-23 13:18:48,493 
iter: 68000 train loss 0.2012 val loss 0.2972 test loss 0.0732
+performance on training set--------+-----------------+-----------------+-------+
| Rank@1,mIoU@0.3 | Rank@1,mIoU@0.5 | Rank@5,mIoU@0.3 | Rank@5,mIoU@0.5 | mIoU  |
+-----------------+-----------------+-----------------+-----------------+-------+
|      70.50      |      44.39      |      81.30      |      66.48      | 43.65 |
+-----------------+-----------------+-----------------+-----------------+-------+
+performance on validation set------+-----------------+-----------------+-------+
| Rank@1,mIoU@0.3 | Rank@1,mIoU@0.5 | Rank@5,mIoU@0.3 | Rank@5,mIoU@0.5 | mIoU  |
+-----------------+-----------------+-----------------+-----------------+-------+
|      20.00      |      10.00      |      48.71      |      28.39      | 15.27 |
+-----------------+-----------------+-----------------+-----------------+-------+
+performance on testing set---------+-----------------+-----------------+------+
| Rank@1,mIoU@0.3 | Rank@1,mIoU@0.5 | Rank@5,mIoU@0.3 | Rank@5,mIoU@0.5 | mIoU |
+-----------------+-----------------+-----------------+-----------------+------+
|       0.00      |       0.00      |       0.00      |       0.00      | 0.00 |
+-----------------+-----------------+-----------------+-----------------+------+

2026-04-23 13:22:51,868 
iter: 68250 train loss 0.2018 val loss 0.2972 test loss 0.0733
+performance on training set--------+-----------------+-----------------+-------+
| Rank@1,mIoU@0.3 | Rank@1,mIoU@0.5 | Rank@5,mIoU@0.3 | Rank@5,mIoU@0.5 | mIoU  |
+-----------------+-----------------+-----------------+-----------------+-------+
|      70.55      |      44.39      |      81.31      |      66.55      | 43.60 |
+-----------------+-----------------+-----------------+-----------------+-------+
+performance on validation set------+-----------------+-----------------+-------+
| Rank@1,mIoU@0.3 | Rank@1,mIoU@0.5 | Rank@5,mIoU@0.3 | Rank@5,mIoU@0.5 | mIoU  |
+-----------------+-----------------+-----------------+-----------------+-------+
|      20.32      |      10.00      |      48.71      |      28.06      | 15.27 |
+-----------------+-----------------+-----------------+-----------------+-------+
+performance on testing set---------+-----------------+-----------------+------+
| Rank@1,mIoU@0.3 | Rank@1,mIoU@0.5 | Rank@5,mIoU@0.3 | Rank@5,mIoU@0.5 | mIoU |
+-----------------+-----------------+-----------------+-----------------+------+
|       0.00      |       0.00      |       0.00      |       0.00      | 0.00 |
+-----------------+-----------------+-----------------+-----------------+------+

2026-04-23 13:29:50,048 
iter: 68500 train loss 0.2003 val loss 0.2972 test loss 0.0730
+performance on training set--------+-----------------+-----------------+-------+
| Rank@1,mIoU@0.3 | Rank@1,mIoU@0.5 | Rank@5,mIoU@0.3 | Rank@5,mIoU@0.5 | mIoU  |
+-----------------+-----------------+-----------------+-----------------+-------+
|      70.55      |      44.45      |      81.29      |      66.52      | 43.70 |
+-----------------+-----------------+-----------------+-----------------+-------+
+performance on validation set------+-----------------+-----------------+-------+
| Rank@1,mIoU@0.3 | Rank@1,mIoU@0.5 | Rank@5,mIoU@0.3 | Rank@5,mIoU@0.5 | mIoU  |
+-----------------+-----------------+-----------------+-----------------+-------+
|      20.00      |      10.00      |      49.03      |      28.06      | 15.25 |
+-----------------+-----------------+-----------------+-----------------+-------+
+performance on testing set---------+-----------------+-----------------+------+
| Rank@1,mIoU@0.3 | Rank@1,mIoU@0.5 | Rank@5,mIoU@0.3 | Rank@5,mIoU@0.5 | mIoU |
+-----------------+-----------------+-----------------+-----------------+------+
|       0.00      |       0.00      |       0.00      |       0.00      | 0.00 |
+-----------------+-----------------+-----------------+-----------------+------+

2026-04-23 13:33:46,689 
iter: 68750 train loss 0.2015 val loss 0.2972 test loss 0.0731
+performance on training set--------+-----------------+-----------------+-------+
| Rank@1,mIoU@0.3 | Rank@1,mIoU@0.5 | Rank@5,mIoU@0.3 | Rank@5,mIoU@0.5 | mIoU  |
+-----------------+-----------------+-----------------+-----------------+-------+
|      70.50      |      44.48      |      81.30      |      66.52      | 43.69 |
+-----------------+-----------------+-----------------+-----------------+-------+
+performance on validation set------+-----------------+-----------------+-------+
| Rank@1,mIoU@0.3 | Rank@1,mIoU@0.5 | Rank@5,mIoU@0.3 | Rank@5,mIoU@0.5 | mIoU  |
+-----------------+-----------------+-----------------+-----------------+-------+
|      20.32      |       9.68      |      49.35      |      27.74      | 15.13 |
+-----------------+-----------------+-----------------+-----------------+-------+
+performance on testing set---------+-----------------+-----------------+------+
| Rank@1,mIoU@0.3 | Rank@1,mIoU@0.5 | Rank@5,mIoU@0.3 | Rank@5,mIoU@0.5 | mIoU |
+-----------------+-----------------+-----------------+-----------------+------+
|       0.00      |       0.00      |       0.00      |       0.00      | 0.00 |
+-----------------+-----------------+-----------------+-----------------+------+

2026-04-23 13:37:39,159 
iter: 69000 train loss 0.2010 val loss 0.2971 test loss 0.0730
+performance on training set--------+-----------------+-----------------+-------+
| Rank@1,mIoU@0.3 | Rank@1,mIoU@0.5 | Rank@5,mIoU@0.3 | Rank@5,mIoU@0.5 | mIoU  |
+-----------------+-----------------+-----------------+-----------------+-------+
|      70.49      |      44.53      |      81.30      |      66.52      | 43.68 |
+-----------------+-----------------+-----------------+-----------------+-------+
+performance on validation set------+-----------------+-----------------+-------+
| Rank@1,mIoU@0.3 | Rank@1,mIoU@0.5 | Rank@5,mIoU@0.3 | Rank@5,mIoU@0.5 | mIoU  |
+-----------------+-----------------+-----------------+-----------------+-------+
|      19.68      |       9.68      |      49.03      |      28.71      | 15.14 |
+-----------------+-----------------+-----------------+-----------------+-------+
+performance on testing set---------+-----------------+-----------------+------+
| Rank@1,mIoU@0.3 | Rank@1,mIoU@0.5 | Rank@5,mIoU@0.3 | Rank@5,mIoU@0.5 | mIoU |
+-----------------+-----------------+-----------------+-----------------+------+
|       0.00      |       0.00      |       0.00      |       0.00      | 0.00 |
+-----------------+-----------------+-----------------+-----------------+------+

2026-04-23 13:41:33,935 
iter: 69250 train loss 0.2023 val loss 0.2971 test loss 0.0729
+performance on training set--------+-----------------+-----------------+-------+
| Rank@1,mIoU@0.3 | Rank@1,mIoU@0.5 | Rank@5,mIoU@0.3 | Rank@5,mIoU@0.5 | mIoU  |
+-----------------+-----------------+-----------------+-----------------+-------+
|      70.55      |      44.38      |      81.32      |      66.53      | 43.67 |
+-----------------+-----------------+-----------------+-----------------+-------+
+performance on validation set------+-----------------+-----------------+-------+
| Rank@1,mIoU@0.3 | Rank@1,mIoU@0.5 | Rank@5,mIoU@0.3 | Rank@5,mIoU@0.5 | mIoU  |
+-----------------+-----------------+-----------------+-----------------+-------+
|      19.68      |      10.00      |      49.68      |      28.39      | 15.22 |
+-----------------+-----------------+-----------------+-----------------+-------+
+performance on testing set---------+-----------------+-----------------+------+
| Rank@1,mIoU@0.3 | Rank@1,mIoU@0.5 | Rank@5,mIoU@0.3 | Rank@5,mIoU@0.5 | mIoU |
+-----------------+-----------------+-----------------+-----------------+------+
|       0.00      |       0.00      |       0.00      |       0.00      | 0.00 |
+-----------------+-----------------+-----------------+-----------------+------+

2026-04-23 13:45:26,835 
iter: 69500 train loss 0.2006 val loss 0.2971 test loss 0.0730
+performance on training set--------+-----------------+-----------------+-------+
| Rank@1,mIoU@0.3 | Rank@1,mIoU@0.5 | Rank@5,mIoU@0.3 | Rank@5,mIoU@0.5 | mIoU  |
+-----------------+-----------------+-----------------+-----------------+-------+
|      70.54      |      44.50      |      81.30      |      66.57      | 43.67 |
+-----------------+-----------------+-----------------+-----------------+-------+
+performance on validation set------+-----------------+-----------------+-------+
| Rank@1,mIoU@0.3 | Rank@1,mIoU@0.5 | Rank@5,mIoU@0.3 | Rank@5,mIoU@0.5 | mIoU  |
+-----------------+-----------------+-----------------+-----------------+-------+
|      19.68      |      10.00      |      49.35      |      28.06      | 15.24 |
+-----------------+-----------------+-----------------+-----------------+-------+
+performance on testing set---------+-----------------+-----------------+------+
| Rank@1,mIoU@0.3 | Rank@1,mIoU@0.5 | Rank@5,mIoU@0.3 | Rank@5,mIoU@0.5 | mIoU |
+-----------------+-----------------+-----------------+-----------------+------+
|       0.00      |       0.00      |       0.00      |       0.00      | 0.00 |
+-----------------+-----------------+-----------------+-----------------+------+

2026-04-23 13:49:21,975 
iter: 69750 train loss 0.2031 val loss 0.2971 test loss 0.0731
+performance on training set--------+-----------------+-----------------+-------+
| Rank@1,mIoU@0.3 | Rank@1,mIoU@0.5 | Rank@5,mIoU@0.3 | Rank@5,mIoU@0.5 | mIoU  |
+-----------------+-----------------+-----------------+-----------------+-------+
|      70.60      |      44.52      |      81.27      |      66.53      | 43.68 |
+-----------------+-----------------+-----------------+-----------------+-------+
+performance on validation set------+-----------------+-----------------+-------+
| Rank@1,mIoU@0.3 | Rank@1,mIoU@0.5 | Rank@5,mIoU@0.3 | Rank@5,mIoU@0.5 | mIoU  |
+-----------------+-----------------+-----------------+-----------------+-------+
|      19.35      |      10.00      |      49.68      |      27.74      | 15.43 |
+-----------------+-----------------+-----------------+-----------------+-------+
+performance on testing set---------+-----------------+-----------------+------+
| Rank@1,mIoU@0.3 | Rank@1,mIoU@0.5 | Rank@5,mIoU@0.3 | Rank@5,mIoU@0.5 | mIoU |
+-----------------+-----------------+-----------------+-----------------+------+
|       0.00      |       0.00      |       0.00      |       0.00      | 0.00 |
+-----------------+-----------------+-----------------+-----------------+------+

2026-04-23 13:53:13,911 
iter: 70000 train loss 0.1995 val loss 0.2972 test loss 0.0730
+performance on training set--------+-----------------+-----------------+-------+
| Rank@1,mIoU@0.3 | Rank@1,mIoU@0.5 | Rank@5,mIoU@0.3 | Rank@5,mIoU@0.5 | mIoU  |
+-----------------+-----------------+-----------------+-----------------+-------+
|      70.64      |      44.53      |      81.31      |      66.55      | 43.68 |
+-----------------+-----------------+-----------------+-----------------+-------+
+performance on validation set------+-----------------+-----------------+-------+
| Rank@1,mIoU@0.3 | Rank@1,mIoU@0.5 | Rank@5,mIoU@0.3 | Rank@5,mIoU@0.5 | mIoU  |
+-----------------+-----------------+-----------------+-----------------+-------+
|      20.00      |      10.00      |      50.00      |      28.06      | 15.18 |
+-----------------+-----------------+-----------------+-----------------+-------+
+performance on testing set---------+-----------------+-----------------+------+
| Rank@1,mIoU@0.3 | Rank@1,mIoU@0.5 | Rank@5,mIoU@0.3 | Rank@5,mIoU@0.5 | mIoU |
+-----------------+-----------------+-----------------+-----------------+------+
|       0.00      |       0.00      |       0.00      |       0.00      | 0.00 |
+-----------------+-----------------+-----------------+-----------------+------+

2026-04-23 13:57:08,365 
iter: 70250 train loss 0.2018 val loss 0.2971 test loss 0.0727
+performance on training set--------+-----------------+-----------------+-------+
| Rank@1,mIoU@0.3 | Rank@1,mIoU@0.5 | Rank@5,mIoU@0.3 | Rank@5,mIoU@0.5 | mIoU  |
+-----------------+-----------------+-----------------+-----------------+-------+
|      70.53      |      44.54      |      81.32      |      66.55      | 43.71 |
+-----------------+-----------------+-----------------+-----------------+-------+
+performance on validation set------+-----------------+-----------------+-------+
| Rank@1,mIoU@0.3 | Rank@1,mIoU@0.5 | Rank@5,mIoU@0.3 | Rank@5,mIoU@0.5 | mIoU  |
+-----------------+-----------------+-----------------+-----------------+-------+
|      19.68      |      10.00      |      50.00      |      28.06      | 15.24 |
+-----------------+-----------------+-----------------+-----------------+-------+
+performance on testing set---------+-----------------+-----------------+------+
| Rank@1,mIoU@0.3 | Rank@1,mIoU@0.5 | Rank@5,mIoU@0.3 | Rank@5,mIoU@0.5 | mIoU |
+-----------------+-----------------+-----------------+-----------------+------+
|       0.00      |       0.00      |       0.00      |       0.00      | 0.00 |
+-----------------+-----------------+-----------------+-----------------+------+

2026-04-23 14:01:02,309 
iter: 70500 train loss 0.2017 val loss 0.2972 test loss 0.0731
+performance on training set--------+-----------------+-----------------+-------+
| Rank@1,mIoU@0.3 | Rank@1,mIoU@0.5 | Rank@5,mIoU@0.3 | Rank@5,mIoU@0.5 | mIoU  |
+-----------------+-----------------+-----------------+-----------------+-------+
|      70.58      |      44.47      |      81.27      |      66.50      | 43.67 |
+-----------------+-----------------+-----------------+-----------------+-------+
+performance on validation set------+-----------------+-----------------+-------+
| Rank@1,mIoU@0.3 | Rank@1,mIoU@0.5 | Rank@5,mIoU@0.3 | Rank@5,mIoU@0.5 | mIoU  |
+-----------------+-----------------+-----------------+-----------------+-------+
|      19.68      |      10.00      |      49.35      |      28.06      | 15.24 |
+-----------------+-----------------+-----------------+-----------------+-------+
+performance on testing set---------+-----------------+-----------------+------+
| Rank@1,mIoU@0.3 | Rank@1,mIoU@0.5 | Rank@5,mIoU@0.3 | Rank@5,mIoU@0.5 | mIoU |
+-----------------+-----------------+-----------------+-----------------+------+
|       0.00      |       0.00      |       0.00      |       0.00      | 0.00 |
+-----------------+-----------------+-----------------+-----------------+------+

2026-04-23 14:04:56,122 
iter: 70750 train loss 0.2009 val loss 0.2972 test loss 0.0731
+performance on training set--------+-----------------+-----------------+-------+
| Rank@1,mIoU@0.3 | Rank@1,mIoU@0.5 | Rank@5,mIoU@0.3 | Rank@5,mIoU@0.5 | mIoU  |
+-----------------+-----------------+-----------------+-----------------+-------+
|      70.61      |      44.56      |      81.26      |      66.49      | 43.71 |
+-----------------+-----------------+-----------------+-----------------+-------+
+performance on validation set------+-----------------+-----------------+-------+
| Rank@1,mIoU@0.3 | Rank@1,mIoU@0.5 | Rank@5,mIoU@0.3 | Rank@5,mIoU@0.5 | mIoU  |
+-----------------+-----------------+-----------------+-----------------+-------+
|      20.00      |       9.68      |      49.68      |      28.06      | 15.17 |
+-----------------+-----------------+-----------------+-----------------+-------+
+performance on testing set---------+-----------------+-----------------+------+
| Rank@1,mIoU@0.3 | Rank@1,mIoU@0.5 | Rank@5,mIoU@0.3 | Rank@5,mIoU@0.5 | mIoU |
+-----------------+-----------------+-----------------+-----------------+------+
|       0.00      |       0.00      |       0.00      |       0.00      | 0.00 |
+-----------------+-----------------+-----------------+-----------------+------+

2026-04-23 14:08:48,751 
iter: 71000 train loss 0.2025 val loss 0.2972 test loss 0.0731
+performance on training set--------+-----------------+-----------------+-------+
| Rank@1,mIoU@0.3 | Rank@1,mIoU@0.5 | Rank@5,mIoU@0.3 | Rank@5,mIoU@0.5 | mIoU  |
+-----------------+-----------------+-----------------+-----------------+-------+
|      70.49      |      44.42      |      81.29      |      66.49      | 43.69 |
+-----------------+-----------------+-----------------+-----------------+-------+
+performance on validation set------+-----------------+-----------------+-------+
| Rank@1,mIoU@0.3 | Rank@1,mIoU@0.5 | Rank@5,mIoU@0.3 | Rank@5,mIoU@0.5 | mIoU  |
+-----------------+-----------------+-----------------+-----------------+-------+
|      20.65      |      10.00      |      49.03      |      27.74      | 15.52 |
+-----------------+-----------------+-----------------+-----------------+-------+
+performance on testing set---------+-----------------+-----------------+------+
| Rank@1,mIoU@0.3 | Rank@1,mIoU@0.5 | Rank@5,mIoU@0.3 | Rank@5,mIoU@0.5 | mIoU |
+-----------------+-----------------+-----------------+-----------------+------+
|       0.00      |       0.00      |       0.00      |       0.00      | 0.00 |
+-----------------+-----------------+-----------------+-----------------+------+

2026-04-23 14:12:43,432 
iter: 71250 train loss 0.2009 val loss 0.2972 test loss 0.0729
+performance on training set--------+-----------------+-----------------+-------+
| Rank@1,mIoU@0.3 | Rank@1,mIoU@0.5 | Rank@5,mIoU@0.3 | Rank@5,mIoU@0.5 | mIoU  |
+-----------------+-----------------+-----------------+-----------------+-------+
|      70.54      |      44.47      |      81.27      |      66.53      | 43.71 |
+-----------------+-----------------+-----------------+-----------------+-------+
+performance on validation set------+-----------------+-----------------+-------+
| Rank@1,mIoU@0.3 | Rank@1,mIoU@0.5 | Rank@5,mIoU@0.3 | Rank@5,mIoU@0.5 | mIoU  |
+-----------------+-----------------+-----------------+-----------------+-------+
|      19.68      |      10.00      |      48.71      |      28.39      | 15.12 |
+-----------------+-----------------+-----------------+-----------------+-------+
+performance on testing set---------+-----------------+-----------------+------+
| Rank@1,mIoU@0.3 | Rank@1,mIoU@0.5 | Rank@5,mIoU@0.3 | Rank@5,mIoU@0.5 | mIoU |
+-----------------+-----------------+-----------------+-----------------+------+
|       0.00      |       0.00      |       0.00      |       0.00      | 0.00 |
+-----------------+-----------------+-----------------+-----------------+------+

2026-04-23 14:16:37,805 
iter: 71500 train loss 0.2006 val loss 0.2972 test loss 0.0730
+performance on training set--------+-----------------+-----------------+-------+
| Rank@1,mIoU@0.3 | Rank@1,mIoU@0.5 | Rank@5,mIoU@0.3 | Rank@5,mIoU@0.5 | mIoU  |
+-----------------+-----------------+-----------------+-----------------+-------+
|      70.50      |      44.50      |      81.31      |      66.52      | 43.64 |
+-----------------+-----------------+-----------------+-----------------+-------+
+performance on validation set------+-----------------+-----------------+-------+
| Rank@1,mIoU@0.3 | Rank@1,mIoU@0.5 | Rank@5,mIoU@0.3 | Rank@5,mIoU@0.5 | mIoU  |
+-----------------+-----------------+-----------------+-----------------+-------+
|      19.35      |      10.00      |      49.35      |      27.74      | 15.17 |
+-----------------+-----------------+-----------------+-----------------+-------+
+performance on testing set---------+-----------------+-----------------+------+
| Rank@1,mIoU@0.3 | Rank@1,mIoU@0.5 | Rank@5,mIoU@0.3 | Rank@5,mIoU@0.5 | mIoU |
+-----------------+-----------------+-----------------+-----------------+------+
|       0.00      |       0.00      |       0.00      |       0.00      | 0.00 |
+-----------------+-----------------+-----------------+-----------------+------+

2026-04-23 14:20:32,214 
iter: 71750 train loss 0.2023 val loss 0.2972 test loss 0.0731
+performance on training set--------+-----------------+-----------------+-------+
| Rank@1,mIoU@0.3 | Rank@1,mIoU@0.5 | Rank@5,mIoU@0.3 | Rank@5,mIoU@0.5 | mIoU  |
+-----------------+-----------------+-----------------+-----------------+-------+
|      70.58      |      44.34      |      81.29      |      66.49      | 43.65 |
+-----------------+-----------------+-----------------+-----------------+-------+
+performance on validation set------+-----------------+-----------------+-------+
| Rank@1,mIoU@0.3 | Rank@1,mIoU@0.5 | Rank@5,mIoU@0.3 | Rank@5,mIoU@0.5 | mIoU  |
+-----------------+-----------------+-----------------+-----------------+-------+
|      20.32      |       9.68      |      49.03      |      27.74      | 15.28 |
+-----------------+-----------------+-----------------+-----------------+-------+
+performance on testing set---------+-----------------+-----------------+------+
| Rank@1,mIoU@0.3 | Rank@1,mIoU@0.5 | Rank@5,mIoU@0.3 | Rank@5,mIoU@0.5 | mIoU |
+-----------------+-----------------+-----------------+-----------------+------+
|       0.00      |       0.00      |       0.00      |       0.00      | 0.00 |
+-----------------+-----------------+-----------------+-----------------+------+

2026-04-23 14:24:24,334 
iter: 72000 train loss 0.2020 val loss 0.2971 test loss 0.0730
+performance on training set--------+-----------------+-----------------+-------+
| Rank@1,mIoU@0.3 | Rank@1,mIoU@0.5 | Rank@5,mIoU@0.3 | Rank@5,mIoU@0.5 | mIoU  |
+-----------------+-----------------+-----------------+-----------------+-------+
|      70.54      |      44.44      |      81.29      |      66.49      | 43.67 |
+-----------------+-----------------+-----------------+-----------------+-------+
+performance on validation set------+-----------------+-----------------+-------+
| Rank@1,mIoU@0.3 | Rank@1,mIoU@0.5 | Rank@5,mIoU@0.3 | Rank@5,mIoU@0.5 | mIoU  |
+-----------------+-----------------+-----------------+-----------------+-------+
|      20.00      |       9.68      |      49.35      |      28.39      | 15.27 |
+-----------------+-----------------+-----------------+-----------------+-------+
+performance on testing set---------+-----------------+-----------------+------+
| Rank@1,mIoU@0.3 | Rank@1,mIoU@0.5 | Rank@5,mIoU@0.3 | Rank@5,mIoU@0.5 | mIoU |
+-----------------+-----------------+-----------------+-----------------+------+
|       0.00      |       0.00      |       0.00      |       0.00      | 0.00 |
+-----------------+-----------------+-----------------+-----------------+------+

2026-04-23 14:28:18,438 
iter: 72250 train loss 0.2005 val loss 0.2971 test loss 0.0731
+performance on training set--------+-----------------+-----------------+-------+
| Rank@1,mIoU@0.3 | Rank@1,mIoU@0.5 | Rank@5,mIoU@0.3 | Rank@5,mIoU@0.5 | mIoU  |
+-----------------+-----------------+-----------------+-----------------+-------+
|      70.61      |      44.42      |      81.30      |      66.48      | 43.65 |
+-----------------+-----------------+-----------------+-----------------+-------+
+performance on validation set------+-----------------+-----------------+-------+
| Rank@1,mIoU@0.3 | Rank@1,mIoU@0.5 | Rank@5,mIoU@0.3 | Rank@5,mIoU@0.5 | mIoU  |
+-----------------+-----------------+-----------------+-----------------+-------+
|      20.00      |       9.68      |      48.71      |      27.74      | 15.31 |
+-----------------+-----------------+-----------------+-----------------+-------+
+performance on testing set---------+-----------------+-----------------+------+
| Rank@1,mIoU@0.3 | Rank@1,mIoU@0.5 | Rank@5,mIoU@0.3 | Rank@5,mIoU@0.5 | mIoU |
+-----------------+-----------------+-----------------+-----------------+------+
|       0.00      |       0.00      |       0.00      |       0.00      | 0.00 |
+-----------------+-----------------+-----------------+-----------------+------+

2026-04-23 14:32:10,456 
iter: 72500 train loss 0.2005 val loss 0.2972 test loss 0.0727
+performance on training set--------+-----------------+-----------------+-------+
| Rank@1,mIoU@0.3 | Rank@1,mIoU@0.5 | Rank@5,mIoU@0.3 | Rank@5,mIoU@0.5 | mIoU  |
+-----------------+-----------------+-----------------+-----------------+-------+
|      70.58      |      44.40      |      81.31      |      66.53      | 43.66 |
+-----------------+-----------------+-----------------+-----------------+-------+
+performance on validation set------+-----------------+-----------------+-------+
| Rank@1,mIoU@0.3 | Rank@1,mIoU@0.5 | Rank@5,mIoU@0.3 | Rank@5,mIoU@0.5 | mIoU  |
+-----------------+-----------------+-----------------+-----------------+-------+
|      20.00      |      10.00      |      50.00      |      28.71      | 15.11 |
+-----------------+-----------------+-----------------+-----------------+-------+
+performance on testing set---------+-----------------+-----------------+------+
| Rank@1,mIoU@0.3 | Rank@1,mIoU@0.5 | Rank@5,mIoU@0.3 | Rank@5,mIoU@0.5 | mIoU |
+-----------------+-----------------+-----------------+-----------------+------+
|       0.00      |       0.00      |       0.00      |       0.00      | 0.00 |
+-----------------+-----------------+-----------------+-----------------+------+

2026-04-23 14:36:08,647 
iter: 72750 train loss 0.2018 val loss 0.2971 test loss 0.0725
+performance on training set--------+-----------------+-----------------+-------+
| Rank@1,mIoU@0.3 | Rank@1,mIoU@0.5 | Rank@5,mIoU@0.3 | Rank@5,mIoU@0.5 | mIoU  |
+-----------------+-----------------+-----------------+-----------------+-------+
|      70.53      |      44.44      |      81.31      |      66.57      | 43.67 |
+-----------------+-----------------+-----------------+-----------------+-------+
+performance on validation set------+-----------------+-----------------+-------+
| Rank@1,mIoU@0.3 | Rank@1,mIoU@0.5 | Rank@5,mIoU@0.3 | Rank@5,mIoU@0.5 | mIoU  |
+-----------------+-----------------+-----------------+-----------------+-------+
|      19.68      |      10.32      |      50.00      |      28.71      | 15.16 |
+-----------------+-----------------+-----------------+-----------------+-------+
+performance on testing set---------+-----------------+-----------------+------+
| Rank@1,mIoU@0.3 | Rank@1,mIoU@0.5 | Rank@5,mIoU@0.3 | Rank@5,mIoU@0.5 | mIoU |
+-----------------+-----------------+-----------------+-----------------+------+
|       0.00      |       0.00      |       0.00      |       0.00      | 0.00 |
+-----------------+-----------------+-----------------+-----------------+------+

2026-04-23 14:40:05,351 
iter: 73000 train loss 0.2009 val loss 0.2973 test loss 0.0731
+performance on training set--------+-----------------+-----------------+-------+
| Rank@1,mIoU@0.3 | Rank@1,mIoU@0.5 | Rank@5,mIoU@0.3 | Rank@5,mIoU@0.5 | mIoU  |
+-----------------+-----------------+-----------------+-----------------+-------+
|      70.53      |      44.48      |      81.27      |      66.45      | 43.69 |
+-----------------+-----------------+-----------------+-----------------+-------+
+performance on validation set------+-----------------+-----------------+-------+
| Rank@1,mIoU@0.3 | Rank@1,mIoU@0.5 | Rank@5,mIoU@0.3 | Rank@5,mIoU@0.5 | mIoU  |
+-----------------+-----------------+-----------------+-----------------+-------+
|      20.32      |      10.00      |      48.71      |      28.06      | 15.37 |
+-----------------+-----------------+-----------------+-----------------+-------+
+performance on testing set---------+-----------------+-----------------+------+
| Rank@1,mIoU@0.3 | Rank@1,mIoU@0.5 | Rank@5,mIoU@0.3 | Rank@5,mIoU@0.5 | mIoU |
+-----------------+-----------------+-----------------+-----------------+------+
|       0.00      |       0.00      |       0.00      |       0.00      | 0.00 |
+-----------------+-----------------+-----------------+-----------------+------+

2026-04-23 14:43:57,249 
iter: 73250 train loss 0.2027 val loss 0.2971 test loss 0.0724
+performance on training set--------+-----------------+-----------------+-------+
| Rank@1,mIoU@0.3 | Rank@1,mIoU@0.5 | Rank@5,mIoU@0.3 | Rank@5,mIoU@0.5 | mIoU  |
+-----------------+-----------------+-----------------+-----------------+-------+
|      70.56      |      44.49      |      81.31      |      66.64      | 43.69 |
+-----------------+-----------------+-----------------+-----------------+-------+
+performance on validation set------+-----------------+-----------------+-------+
| Rank@1,mIoU@0.3 | Rank@1,mIoU@0.5 | Rank@5,mIoU@0.3 | Rank@5,mIoU@0.5 | mIoU  |
+-----------------+-----------------+-----------------+-----------------+-------+
|      20.32      |      10.00      |      50.65      |      28.06      | 15.12 |
+-----------------+-----------------+-----------------+-----------------+-------+
+performance on testing set---------+-----------------+-----------------+------+
| Rank@1,mIoU@0.3 | Rank@1,mIoU@0.5 | Rank@5,mIoU@0.3 | Rank@5,mIoU@0.5 | mIoU |
+-----------------+-----------------+-----------------+-----------------+------+
|       0.00      |       0.00      |       0.00      |       0.00      | 0.00 |
+-----------------+-----------------+-----------------+-----------------+------+

2026-04-23 14:47:48,853 
iter: 73500 train loss 0.2016 val loss 0.2973 test loss 0.0732
+performance on training set--------+-----------------+-----------------+-------+
| Rank@1,mIoU@0.3 | Rank@1,mIoU@0.5 | Rank@5,mIoU@0.3 | Rank@5,mIoU@0.5 | mIoU  |
+-----------------+-----------------+-----------------+-----------------+-------+
|      70.59      |      44.53      |      81.27      |      66.58      | 43.64 |
+-----------------+-----------------+-----------------+-----------------+-------+
+performance on validation set------+-----------------+-----------------+-------+
| Rank@1,mIoU@0.3 | Rank@1,mIoU@0.5 | Rank@5,mIoU@0.3 | Rank@5,mIoU@0.5 | mIoU  |
+-----------------+-----------------+-----------------+-----------------+-------+
|      20.32      |      10.00      |      47.74      |      28.06      | 15.27 |
+-----------------+-----------------+-----------------+-----------------+-------+
+performance on testing set---------+-----------------+-----------------+------+
| Rank@1,mIoU@0.3 | Rank@1,mIoU@0.5 | Rank@5,mIoU@0.3 | Rank@5,mIoU@0.5 | mIoU |
+-----------------+-----------------+-----------------+-----------------+------+
|       0.00      |       0.00      |       0.00      |       0.00      | 0.00 |
+-----------------+-----------------+-----------------+-----------------+------+

2026-04-23 14:51:42,683 
iter: 73750 train loss 0.2007 val loss 0.2974 test loss 0.0736
+performance on training set--------+-----------------+-----------------+-------+
| Rank@1,mIoU@0.3 | Rank@1,mIoU@0.5 | Rank@5,mIoU@0.3 | Rank@5,mIoU@0.5 | mIoU  |
+-----------------+-----------------+-----------------+-----------------+-------+
|      70.54      |      44.45      |      81.30      |      66.54      | 43.66 |
+-----------------+-----------------+-----------------+-----------------+-------+
+performance on validation set------+-----------------+-----------------+-------+
| Rank@1,mIoU@0.3 | Rank@1,mIoU@0.5 | Rank@5,mIoU@0.3 | Rank@5,mIoU@0.5 | mIoU  |
+-----------------+-----------------+-----------------+-----------------+-------+
|      20.97      |       9.68      |      49.35      |      27.42      | 15.51 |
+-----------------+-----------------+-----------------+-----------------+-------+
+performance on testing set---------+-----------------+-----------------+------+
| Rank@1,mIoU@0.3 | Rank@1,mIoU@0.5 | Rank@5,mIoU@0.3 | Rank@5,mIoU@0.5 | mIoU |
+-----------------+-----------------+-----------------+-----------------+------+
|       0.00      |       0.00      |       0.00      |       0.00      | 0.00 |
+-----------------+-----------------+-----------------+-----------------+------+

2026-04-23 14:55:35,053 
iter: 74000 train loss 0.2011 val loss 0.2973 test loss 0.0732
+performance on training set--------+-----------------+-----------------+-------+
| Rank@1,mIoU@0.3 | Rank@1,mIoU@0.5 | Rank@5,mIoU@0.3 | Rank@5,mIoU@0.5 | mIoU  |
+-----------------+-----------------+-----------------+-----------------+-------+
|      70.59      |      44.45      |      81.30      |      66.53      | 43.65 |
+-----------------+-----------------+-----------------+-----------------+-------+
+performance on validation set------+-----------------+-----------------+-------+
| Rank@1,mIoU@0.3 | Rank@1,mIoU@0.5 | Rank@5,mIoU@0.3 | Rank@5,mIoU@0.5 | mIoU  |
+-----------------+-----------------+-----------------+-----------------+-------+
|      20.65      |      10.00      |      49.35      |      27.74      | 15.51 |
+-----------------+-----------------+-----------------+-----------------+-------+
+performance on testing set---------+-----------------+-----------------+------+
| Rank@1,mIoU@0.3 | Rank@1,mIoU@0.5 | Rank@5,mIoU@0.3 | Rank@5,mIoU@0.5 | mIoU |
+-----------------+-----------------+-----------------+-----------------+------+
|       0.00      |       0.00      |       0.00      |       0.00      | 0.00 |
+-----------------+-----------------+-----------------+-----------------+------+

2026-04-23 14:59:28,804 
iter: 74250 train loss 0.2004 val loss 0.2971 test loss 0.0726
+performance on training set--------+-----------------+-----------------+-------+
| Rank@1,mIoU@0.3 | Rank@1,mIoU@0.5 | Rank@5,mIoU@0.3 | Rank@5,mIoU@0.5 | mIoU  |
+-----------------+-----------------+-----------------+-----------------+-------+
|      70.55      |      44.44      |      81.31      |      66.50      | 43.65 |
+-----------------+-----------------+-----------------+-----------------+-------+
+performance on validation set------+-----------------+-----------------+-------+
| Rank@1,mIoU@0.3 | Rank@1,mIoU@0.5 | Rank@5,mIoU@0.3 | Rank@5,mIoU@0.5 | mIoU  |
+-----------------+-----------------+-----------------+-----------------+-------+
|      20.32      |      10.00      |      50.32      |      28.71      | 15.22 |
+-----------------+-----------------+-----------------+-----------------+-------+
+performance on testing set---------+-----------------+-----------------+------+
| Rank@1,mIoU@0.3 | Rank@1,mIoU@0.5 | Rank@5,mIoU@0.3 | Rank@5,mIoU@0.5 | mIoU |
+-----------------+-----------------+-----------------+-----------------+------+
|       0.00      |       0.00      |       0.00      |       0.00      | 0.00 |
+-----------------+-----------------+-----------------+-----------------+------+

2026-04-23 15:03:21,891 
iter: 74500 train loss 0.2016 val loss 0.2971 test loss 0.0725
+performance on training set--------+-----------------+-----------------+-------+
| Rank@1,mIoU@0.3 | Rank@1,mIoU@0.5 | Rank@5,mIoU@0.3 | Rank@5,mIoU@0.5 | mIoU  |
+-----------------+-----------------+-----------------+-----------------+-------+
|      70.56      |      44.50      |      81.32      |      66.63      | 43.69 |
+-----------------+-----------------+-----------------+-----------------+-------+
+performance on validation set------+-----------------+-----------------+-------+
| Rank@1,mIoU@0.3 | Rank@1,mIoU@0.5 | Rank@5,mIoU@0.3 | Rank@5,mIoU@0.5 | mIoU  |
+-----------------+-----------------+-----------------+-----------------+-------+
|      20.00      |       9.68      |      49.68      |      28.39      | 15.13 |
+-----------------+-----------------+-----------------+-----------------+-------+
+performance on testing set---------+-----------------+-----------------+------+
| Rank@1,mIoU@0.3 | Rank@1,mIoU@0.5 | Rank@5,mIoU@0.3 | Rank@5,mIoU@0.5 | mIoU |
+-----------------+-----------------+-----------------+-----------------+------+
|       0.00      |       0.00      |       0.00      |       0.00      | 0.00 |
+-----------------+-----------------+-----------------+-----------------+------+

2026-04-23 15:07:17,920 
iter: 74750 train loss 0.2029 val loss 0.2973 test loss 0.0731
+performance on training set--------+-----------------+-----------------+-------+
| Rank@1,mIoU@0.3 | Rank@1,mIoU@0.5 | Rank@5,mIoU@0.3 | Rank@5,mIoU@0.5 | mIoU  |
+-----------------+-----------------+-----------------+-----------------+-------+
|      70.56      |      44.37      |      81.30      |      66.54      | 43.64 |
+-----------------+-----------------+-----------------+-----------------+-------+
+performance on validation set------+-----------------+-----------------+-------+
| Rank@1,mIoU@0.3 | Rank@1,mIoU@0.5 | Rank@5,mIoU@0.3 | Rank@5,mIoU@0.5 | mIoU  |
+-----------------+-----------------+-----------------+-----------------+-------+
|      20.32      |      10.00      |      50.32      |      28.06      | 15.31 |
+-----------------+-----------------+-----------------+-----------------+-------+
+performance on testing set---------+-----------------+-----------------+------+
| Rank@1,mIoU@0.3 | Rank@1,mIoU@0.5 | Rank@5,mIoU@0.3 | Rank@5,mIoU@0.5 | mIoU |
+-----------------+-----------------+-----------------+-----------------+------+
|       0.00      |       0.00      |       0.00      |       0.00      | 0.00 |
+-----------------+-----------------+-----------------+-----------------+------+

2026-04-23 15:11:11,444 
iter: 75000 train loss 0.2003 val loss 0.2971 test loss 0.0726
+performance on training set--------+-----------------+-----------------+-------+
| Rank@1,mIoU@0.3 | Rank@1,mIoU@0.5 | Rank@5,mIoU@0.3 | Rank@5,mIoU@0.5 | mIoU  |
+-----------------+-----------------+-----------------+-----------------+-------+
|      70.54      |      44.42      |      81.31      |      66.59      | 43.64 |
+-----------------+-----------------+-----------------+-----------------+-------+
+performance on validation set------+-----------------+-----------------+-------+
| Rank@1,mIoU@0.3 | Rank@1,mIoU@0.5 | Rank@5,mIoU@0.3 | Rank@5,mIoU@0.5 | mIoU  |
+-----------------+-----------------+-----------------+-----------------+-------+
|      20.00      |       9.68      |      49.68      |      28.06      | 15.13 |
+-----------------+-----------------+-----------------+-----------------+-------+
+performance on testing set---------+-----------------+-----------------+------+
| Rank@1,mIoU@0.3 | Rank@1,mIoU@0.5 | Rank@5,mIoU@0.3 | Rank@5,mIoU@0.5 | mIoU |
+-----------------+-----------------+-----------------+-----------------+------+
|       0.00      |       0.00      |       0.00      |       0.00      | 0.00 |
+-----------------+-----------------+-----------------+-----------------+------+

2026-04-23 15:15:07,524 
iter: 75250 train loss 0.2017 val loss 0.2973 test loss 0.0730
+performance on training set--------+-----------------+-----------------+-------+
| Rank@1,mIoU@0.3 | Rank@1,mIoU@0.5 | Rank@5,mIoU@0.3 | Rank@5,mIoU@0.5 | mIoU  |
+-----------------+-----------------+-----------------+-----------------+-------+
|      70.51      |      44.40      |      81.26      |      66.52      | 43.65 |
+-----------------+-----------------+-----------------+-----------------+-------+
+performance on validation set------+-----------------+-----------------+-------+
| Rank@1,mIoU@0.3 | Rank@1,mIoU@0.5 | Rank@5,mIoU@0.3 | Rank@5,mIoU@0.5 | mIoU  |
+-----------------+-----------------+-----------------+-----------------+-------+
|      20.32      |       9.68      |      49.68      |      28.06      | 15.39 |
+-----------------+-----------------+-----------------+-----------------+-------+
+performance on testing set---------+-----------------+-----------------+------+
| Rank@1,mIoU@0.3 | Rank@1,mIoU@0.5 | Rank@5,mIoU@0.3 | Rank@5,mIoU@0.5 | mIoU |
+-----------------+-----------------+-----------------+-----------------+------+
|       0.00      |       0.00      |       0.00      |       0.00      | 0.00 |
+-----------------+-----------------+-----------------+-----------------+------+

2026-04-23 15:19:01,410 
iter: 75500 train loss 0.2012 val loss 0.2973 test loss 0.0729
+performance on training set--------+-----------------+-----------------+-------+
| Rank@1,mIoU@0.3 | Rank@1,mIoU@0.5 | Rank@5,mIoU@0.3 | Rank@5,mIoU@0.5 | mIoU  |
+-----------------+-----------------+-----------------+-----------------+-------+
|      70.60      |      44.44      |      81.29      |      66.57      | 43.68 |
+-----------------+-----------------+-----------------+-----------------+-------+
+performance on validation set------+-----------------+-----------------+-------+
| Rank@1,mIoU@0.3 | Rank@1,mIoU@0.5 | Rank@5,mIoU@0.3 | Rank@5,mIoU@0.5 | mIoU  |
+-----------------+-----------------+-----------------+-----------------+-------+
|      19.68      |       9.68      |      50.00      |      28.71      | 15.25 |
+-----------------+-----------------+-----------------+-----------------+-------+
+performance on testing set---------+-----------------+-----------------+------+
| Rank@1,mIoU@0.3 | Rank@1,mIoU@0.5 | Rank@5,mIoU@0.3 | Rank@5,mIoU@0.5 | mIoU |
+-----------------+-----------------+-----------------+-----------------+------+
|       0.00      |       0.00      |       0.00      |       0.00      | 0.00 |
+-----------------+-----------------+-----------------+-----------------+------+

2026-04-23 15:22:56,861 
iter: 75750 train loss 0.2018 val loss 0.2972 test loss 0.0727
+performance on training set--------+-----------------+-----------------+-------+
| Rank@1,mIoU@0.3 | Rank@1,mIoU@0.5 | Rank@5,mIoU@0.3 | Rank@5,mIoU@0.5 | mIoU  |
+-----------------+-----------------+-----------------+-----------------+-------+
|      70.60      |      44.47      |      81.31      |      66.52      | 43.66 |
+-----------------+-----------------+-----------------+-----------------+-------+
+performance on validation set------+-----------------+-----------------+-------+
| Rank@1,mIoU@0.3 | Rank@1,mIoU@0.5 | Rank@5,mIoU@0.3 | Rank@5,mIoU@0.5 | mIoU  |
+-----------------+-----------------+-----------------+-----------------+-------+
|      19.68      |       9.68      |      49.68      |      28.06      | 15.21 |
+-----------------+-----------------+-----------------+-----------------+-------+
+performance on testing set---------+-----------------+-----------------+------+
| Rank@1,mIoU@0.3 | Rank@1,mIoU@0.5 | Rank@5,mIoU@0.3 | Rank@5,mIoU@0.5 | mIoU |
+-----------------+-----------------+-----------------+-----------------+------+
|       0.00      |       0.00      |       0.00      |       0.00      | 0.00 |
+-----------------+-----------------+-----------------+-----------------+------+

2026-04-23 15:26:49,999 
iter: 76000 train loss 0.2009 val loss 0.2972 test loss 0.0727
+performance on training set--------+-----------------+-----------------+-------+
| Rank@1,mIoU@0.3 | Rank@1,mIoU@0.5 | Rank@5,mIoU@0.3 | Rank@5,mIoU@0.5 | mIoU  |
+-----------------+-----------------+-----------------+-----------------+-------+
|      70.60      |      44.43      |      81.30      |      66.55      | 43.66 |
+-----------------+-----------------+-----------------+-----------------+-------+
+performance on validation set------+-----------------+-----------------+-------+
| Rank@1,mIoU@0.3 | Rank@1,mIoU@0.5 | Rank@5,mIoU@0.3 | Rank@5,mIoU@0.5 | mIoU  |
+-----------------+-----------------+-----------------+-----------------+-------+
|      20.00      |       9.68      |      49.68      |      28.06      | 15.22 |
+-----------------+-----------------+-----------------+-----------------+-------+
+performance on testing set---------+-----------------+-----------------+------+
| Rank@1,mIoU@0.3 | Rank@1,mIoU@0.5 | Rank@5,mIoU@0.3 | Rank@5,mIoU@0.5 | mIoU |
+-----------------+-----------------+-----------------+-----------------+------+
|       0.00      |       0.00      |       0.00      |       0.00      | 0.00 |
+-----------------+-----------------+-----------------+-----------------+------+

2026-04-23 15:30:43,774 
iter: 76250 train loss 0.2010 val loss 0.2975 test loss 0.0736
+performance on training set--------+-----------------+-----------------+-------+
| Rank@1,mIoU@0.3 | Rank@1,mIoU@0.5 | Rank@5,mIoU@0.3 | Rank@5,mIoU@0.5 | mIoU  |
+-----------------+-----------------+-----------------+-----------------+-------+
|      70.51      |      44.43      |      81.32      |      66.48      | 43.66 |
+-----------------+-----------------+-----------------+-----------------+-------+
+performance on validation set------+-----------------+-----------------+-------+
| Rank@1,mIoU@0.3 | Rank@1,mIoU@0.5 | Rank@5,mIoU@0.3 | Rank@5,mIoU@0.5 | mIoU  |
+-----------------+-----------------+-----------------+-----------------+-------+
|      20.97      |      10.32      |      49.68      |      28.06      | 15.67 |
+-----------------+-----------------+-----------------+-----------------+-------+
+performance on testing set---------+-----------------+-----------------+------+
| Rank@1,mIoU@0.3 | Rank@1,mIoU@0.5 | Rank@5,mIoU@0.3 | Rank@5,mIoU@0.5 | mIoU |
+-----------------+-----------------+-----------------+-----------------+------+
|       0.00      |       0.00      |       0.00      |       0.00      | 0.00 |
+-----------------+-----------------+-----------------+-----------------+------+

2026-04-23 15:34:36,866 
iter: 76500 train loss 0.2020 val loss 0.2973 test loss 0.0730
+performance on training set--------+-----------------+-----------------+-------+
| Rank@1,mIoU@0.3 | Rank@1,mIoU@0.5 | Rank@5,mIoU@0.3 | Rank@5,mIoU@0.5 | mIoU  |
+-----------------+-----------------+-----------------+-----------------+-------+
|      70.55      |      44.48      |      81.29      |      66.53      | 43.69 |
+-----------------+-----------------+-----------------+-----------------+-------+
+performance on validation set------+-----------------+-----------------+-------+
| Rank@1,mIoU@0.3 | Rank@1,mIoU@0.5 | Rank@5,mIoU@0.3 | Rank@5,mIoU@0.5 | mIoU  |
+-----------------+-----------------+-----------------+-----------------+-------+
|      20.65      |      10.00      |      49.68      |      28.06      | 15.42 |
+-----------------+-----------------+-----------------+-----------------+-------+
+performance on testing set---------+-----------------+-----------------+------+
| Rank@1,mIoU@0.3 | Rank@1,mIoU@0.5 | Rank@5,mIoU@0.3 | Rank@5,mIoU@0.5 | mIoU |
+-----------------+-----------------+-----------------+-----------------+------+
|       0.00      |       0.00      |       0.00      |       0.00      | 0.00 |
+-----------------+-----------------+-----------------+-----------------+------+

2026-04-23 15:38:32,025 
iter: 76750 train loss 0.2003 val loss 0.2974 test loss 0.0732
+performance on training set--------+-----------------+-----------------+-------+
| Rank@1,mIoU@0.3 | Rank@1,mIoU@0.5 | Rank@5,mIoU@0.3 | Rank@5,mIoU@0.5 | mIoU  |
+-----------------+-----------------+-----------------+-----------------+-------+
|      70.58      |      44.49      |      81.31      |      66.54      | 43.66 |
+-----------------+-----------------+-----------------+-----------------+-------+
+performance on validation set------+-----------------+-----------------+-------+
| Rank@1,mIoU@0.3 | Rank@1,mIoU@0.5 | Rank@5,mIoU@0.3 | Rank@5,mIoU@0.5 | mIoU  |
+-----------------+-----------------+-----------------+-----------------+-------+
|      20.97      |      10.00      |      49.68      |      27.74      | 15.35 |
+-----------------+-----------------+-----------------+-----------------+-------+
+performance on testing set---------+-----------------+-----------------+------+
| Rank@1,mIoU@0.3 | Rank@1,mIoU@0.5 | Rank@5,mIoU@0.3 | Rank@5,mIoU@0.5 | mIoU |
+-----------------+-----------------+-----------------+-----------------+------+
|       0.00      |       0.00      |       0.00      |       0.00      | 0.00 |
+-----------------+-----------------+-----------------+-----------------+------+

2026-04-23 15:42:30,782 
iter: 77000 train loss 0.2021 val loss 0.2972 test loss 0.0728
+performance on training set--------+-----------------+-----------------+-------+
| Rank@1,mIoU@0.3 | Rank@1,mIoU@0.5 | Rank@5,mIoU@0.3 | Rank@5,mIoU@0.5 | mIoU  |
+-----------------+-----------------+-----------------+-----------------+-------+
|      70.54      |      44.38      |      81.30      |      66.58      | 43.66 |
+-----------------+-----------------+-----------------+-----------------+-------+
+performance on validation set------+-----------------+-----------------+-------+
| Rank@1,mIoU@0.3 | Rank@1,mIoU@0.5 | Rank@5,mIoU@0.3 | Rank@5,mIoU@0.5 | mIoU  |
+-----------------+-----------------+-----------------+-----------------+-------+
|      20.00      |       9.68      |      49.35      |      28.71      | 15.11 |
+-----------------+-----------------+-----------------+-----------------+-------+
+performance on testing set---------+-----------------+-----------------+------+
| Rank@1,mIoU@0.3 | Rank@1,mIoU@0.5 | Rank@5,mIoU@0.3 | Rank@5,mIoU@0.5 | mIoU |
+-----------------+-----------------+-----------------+-----------------+------+
|       0.00      |       0.00      |       0.00      |       0.00      | 0.00 |
+-----------------+-----------------+-----------------+-----------------+------+

2026-04-23 15:46:26,100 
iter: 77250 train loss 0.2010 val loss 0.2973 test loss 0.0731
+performance on training set--------+-----------------+-----------------+-------+
| Rank@1,mIoU@0.3 | Rank@1,mIoU@0.5 | Rank@5,mIoU@0.3 | Rank@5,mIoU@0.5 | mIoU  |
+-----------------+-----------------+-----------------+-----------------+-------+
|      70.58      |      44.45      |      81.29      |      66.50      | 43.66 |
+-----------------+-----------------+-----------------+-----------------+-------+
+performance on validation set------+-----------------+-----------------+-------+
| Rank@1,mIoU@0.3 | Rank@1,mIoU@0.5 | Rank@5,mIoU@0.3 | Rank@5,mIoU@0.5 | mIoU  |
+-----------------+-----------------+-----------------+-----------------+-------+
|      20.65      |       9.68      |      49.03      |      27.74      | 15.28 |
+-----------------+-----------------+-----------------+-----------------+-------+
+performance on testing set---------+-----------------+-----------------+------+
| Rank@1,mIoU@0.3 | Rank@1,mIoU@0.5 | Rank@5,mIoU@0.3 | Rank@5,mIoU@0.5 | mIoU |
+-----------------+-----------------+-----------------+-----------------+------+
|       0.00      |       0.00      |       0.00      |       0.00      | 0.00 |
+-----------------+-----------------+-----------------+-----------------+------+

2026-04-23 15:50:21,852 
iter: 77500 train loss 0.2012 val loss 0.2972 test loss 0.0726
+performance on training set--------+-----------------+-----------------+-------+
| Rank@1,mIoU@0.3 | Rank@1,mIoU@0.5 | Rank@5,mIoU@0.3 | Rank@5,mIoU@0.5 | mIoU  |
+-----------------+-----------------+-----------------+-----------------+-------+
|      70.56      |      44.53      |      81.33      |      66.53      | 43.69 |
+-----------------+-----------------+-----------------+-----------------+-------+
+performance on validation set------+-----------------+-----------------+-------+
| Rank@1,mIoU@0.3 | Rank@1,mIoU@0.5 | Rank@5,mIoU@0.3 | Rank@5,mIoU@0.5 | mIoU  |
+-----------------+-----------------+-----------------+-----------------+-------+
|      19.35      |      10.00      |      49.35      |      29.35      | 15.11 |
+-----------------+-----------------+-----------------+-----------------+-------+
+performance on testing set---------+-----------------+-----------------+------+
| Rank@1,mIoU@0.3 | Rank@1,mIoU@0.5 | Rank@5,mIoU@0.3 | Rank@5,mIoU@0.5 | mIoU |
+-----------------+-----------------+-----------------+-----------------+------+
|       0.00      |       0.00      |       0.00      |       0.00      | 0.00 |
+-----------------+-----------------+-----------------+-----------------+------+

2026-04-23 15:54:17,864 
iter: 77750 train loss 0.2028 val loss 0.2975 test loss 0.0735
+performance on training set--------+-----------------+-----------------+-------+
| Rank@1,mIoU@0.3 | Rank@1,mIoU@0.5 | Rank@5,mIoU@0.3 | Rank@5,mIoU@0.5 | mIoU  |
+-----------------+-----------------+-----------------+-----------------+-------+
|      70.56      |      44.40      |      81.31      |      66.47      | 43.59 |
+-----------------+-----------------+-----------------+-----------------+-------+
+performance on validation set------+-----------------+-----------------+-------+
| Rank@1,mIoU@0.3 | Rank@1,mIoU@0.5 | Rank@5,mIoU@0.3 | Rank@5,mIoU@0.5 | mIoU  |
+-----------------+-----------------+-----------------+-----------------+-------+
|      20.97      |      10.00      |      50.32      |      28.06      | 15.52 |
+-----------------+-----------------+-----------------+-----------------+-------+
+performance on testing set---------+-----------------+-----------------+------+
| Rank@1,mIoU@0.3 | Rank@1,mIoU@0.5 | Rank@5,mIoU@0.3 | Rank@5,mIoU@0.5 | mIoU |
+-----------------+-----------------+-----------------+-----------------+------+
|       0.00      |       0.00      |       0.00      |       0.00      | 0.00 |
+-----------------+-----------------+-----------------+-----------------+------+

2026-04-23 15:58:13,837 
iter: 78000 train loss 0.1996 val loss 0.2973 test loss 0.0727
+performance on training set--------+-----------------+-----------------+-------+
| Rank@1,mIoU@0.3 | Rank@1,mIoU@0.5 | Rank@5,mIoU@0.3 | Rank@5,mIoU@0.5 | mIoU  |
+-----------------+-----------------+-----------------+-----------------+-------+
|      70.55      |      44.49      |      81.31      |      66.57      | 43.67 |
+-----------------+-----------------+-----------------+-----------------+-------+
+performance on validation set------+-----------------+-----------------+-------+
| Rank@1,mIoU@0.3 | Rank@1,mIoU@0.5 | Rank@5,mIoU@0.3 | Rank@5,mIoU@0.5 | mIoU  |
+-----------------+-----------------+-----------------+-----------------+-------+
|      20.00      |      10.00      |      49.35      |      28.39      | 15.29 |
+-----------------+-----------------+-----------------+-----------------+-------+
+performance on testing set---------+-----------------+-----------------+------+
| Rank@1,mIoU@0.3 | Rank@1,mIoU@0.5 | Rank@5,mIoU@0.3 | Rank@5,mIoU@0.5 | mIoU |
+-----------------+-----------------+-----------------+-----------------+------+
|       0.00      |       0.00      |       0.00      |       0.00      | 0.00 |
+-----------------+-----------------+-----------------+-----------------+------+

2026-04-23 16:02:09,884 
iter: 78250 train loss 0.2026 val loss 0.2973 test loss 0.0729
+performance on training set--------+-----------------+-----------------+-------+
| Rank@1,mIoU@0.3 | Rank@1,mIoU@0.5 | Rank@5,mIoU@0.3 | Rank@5,mIoU@0.5 | mIoU  |
+-----------------+-----------------+-----------------+-----------------+-------+
|      70.60      |      44.43      |      81.31      |      66.57      | 43.67 |
+-----------------+-----------------+-----------------+-----------------+-------+
+performance on validation set------+-----------------+-----------------+-------+
| Rank@1,mIoU@0.3 | Rank@1,mIoU@0.5 | Rank@5,mIoU@0.3 | Rank@5,mIoU@0.5 | mIoU  |
+-----------------+-----------------+-----------------+-----------------+-------+
|      20.65      |       9.68      |      50.00      |      28.06      | 15.30 |
+-----------------+-----------------+-----------------+-----------------+-------+
+performance on testing set---------+-----------------+-----------------+------+
| Rank@1,mIoU@0.3 | Rank@1,mIoU@0.5 | Rank@5,mIoU@0.3 | Rank@5,mIoU@0.5 | mIoU |
+-----------------+-----------------+-----------------+-----------------+------+
|       0.00      |       0.00      |       0.00      |       0.00      | 0.00 |
+-----------------+-----------------+-----------------+-----------------+------+

2026-04-23 16:06:05,729 
iter: 78500 train loss 0.1995 val loss 0.2974 test loss 0.0734
+performance on training set--------+-----------------+-----------------+-------+
| Rank@1,mIoU@0.3 | Rank@1,mIoU@0.5 | Rank@5,mIoU@0.3 | Rank@5,mIoU@0.5 | mIoU  |
+-----------------+-----------------+-----------------+-----------------+-------+
|      70.56      |      44.47      |      81.33      |      66.54      | 43.66 |
+-----------------+-----------------+-----------------+-----------------+-------+
+performance on validation set------+-----------------+-----------------+-------+
| Rank@1,mIoU@0.3 | Rank@1,mIoU@0.5 | Rank@5,mIoU@0.3 | Rank@5,mIoU@0.5 | mIoU  |
+-----------------+-----------------+-----------------+-----------------+-------+
|      21.29      |      10.00      |      50.00      |      28.06      | 15.28 |
+-----------------+-----------------+-----------------+-----------------+-------+
+performance on testing set---------+-----------------+-----------------+------+
| Rank@1,mIoU@0.3 | Rank@1,mIoU@0.5 | Rank@5,mIoU@0.3 | Rank@5,mIoU@0.5 | mIoU |
+-----------------+-----------------+-----------------+-----------------+------+
|       0.00      |       0.00      |       0.00      |       0.00      | 0.00 |
+-----------------+-----------------+-----------------+-----------------+------+

2026-04-23 16:10:00,548 
iter: 78750 train loss 0.2029 val loss 0.2975 test loss 0.0736
+performance on training set--------+-----------------+-----------------+-------+
| Rank@1,mIoU@0.3 | Rank@1,mIoU@0.5 | Rank@5,mIoU@0.3 | Rank@5,mIoU@0.5 | mIoU  |
+-----------------+-----------------+-----------------+-----------------+-------+
|      70.54      |      44.45      |      81.31      |      66.52      | 43.64 |
+-----------------+-----------------+-----------------+-----------------+-------+
+performance on validation set------+-----------------+-----------------+-------+
| Rank@1,mIoU@0.3 | Rank@1,mIoU@0.5 | Rank@5,mIoU@0.3 | Rank@5,mIoU@0.5 | mIoU  |
+-----------------+-----------------+-----------------+-----------------+-------+
|      20.65      |      10.00      |      50.00      |      27.74      | 15.52 |
+-----------------+-----------------+-----------------+-----------------+-------+
+performance on testing set---------+-----------------+-----------------+------+
| Rank@1,mIoU@0.3 | Rank@1,mIoU@0.5 | Rank@5,mIoU@0.3 | Rank@5,mIoU@0.5 | mIoU |
+-----------------+-----------------+-----------------+-----------------+------+
|       0.00      |       0.00      |       0.00      |       0.00      | 0.00 |
+-----------------+-----------------+-----------------+-----------------+------+

2026-04-23 16:13:56,679 
iter: 79000 train loss 0.2017 val loss 0.2973 test loss 0.0729
+performance on training set--------+-----------------+-----------------+-------+
| Rank@1,mIoU@0.3 | Rank@1,mIoU@0.5 | Rank@5,mIoU@0.3 | Rank@5,mIoU@0.5 | mIoU  |
+-----------------+-----------------+-----------------+-----------------+-------+
|      70.64      |      44.42      |      81.29      |      66.59      | 43.70 |
+-----------------+-----------------+-----------------+-----------------+-------+
+performance on validation set------+-----------------+-----------------+-------+
| Rank@1,mIoU@0.3 | Rank@1,mIoU@0.5 | Rank@5,mIoU@0.3 | Rank@5,mIoU@0.5 | mIoU  |
+-----------------+-----------------+-----------------+-----------------+-------+
|      20.32      |      10.00      |      50.00      |      29.35      | 15.48 |
+-----------------+-----------------+-----------------+-----------------+-------+
+performance on testing set---------+-----------------+-----------------+------+
| Rank@1,mIoU@0.3 | Rank@1,mIoU@0.5 | Rank@5,mIoU@0.3 | Rank@5,mIoU@0.5 | mIoU |
+-----------------+-----------------+-----------------+-----------------+------+
|       0.00      |       0.00      |       0.00      |       0.00      | 0.00 |
+-----------------+-----------------+-----------------+-----------------+------+

2026-04-23 16:17:50,255 
iter: 79250 train loss 0.2010 val loss 0.2974 test loss 0.0732
+performance on training set--------+-----------------+-----------------+-------+
| Rank@1,mIoU@0.3 | Rank@1,mIoU@0.5 | Rank@5,mIoU@0.3 | Rank@5,mIoU@0.5 | mIoU  |
+-----------------+-----------------+-----------------+-----------------+-------+
|      70.64      |      44.53      |      81.33      |      66.62      | 43.67 |
+-----------------+-----------------+-----------------+-----------------+-------+
+performance on validation set------+-----------------+-----------------+-------+
| Rank@1,mIoU@0.3 | Rank@1,mIoU@0.5 | Rank@5,mIoU@0.3 | Rank@5,mIoU@0.5 | mIoU  |
+-----------------+-----------------+-----------------+-----------------+-------+
|      21.29      |      10.00      |      49.68      |      28.06      | 15.56 |
+-----------------+-----------------+-----------------+-----------------+-------+
+performance on testing set---------+-----------------+-----------------+------+
| Rank@1,mIoU@0.3 | Rank@1,mIoU@0.5 | Rank@5,mIoU@0.3 | Rank@5,mIoU@0.5 | mIoU |
+-----------------+-----------------+-----------------+-----------------+------+
|       0.00      |       0.00      |       0.00      |       0.00      | 0.00 |
+-----------------+-----------------+-----------------+-----------------+------+

2026-04-23 16:21:43,997 
iter: 79500 train loss 0.2000 val loss 0.2972 test loss 0.0726
+performance on training set--------+-----------------+-----------------+-------+
| Rank@1,mIoU@0.3 | Rank@1,mIoU@0.5 | Rank@5,mIoU@0.3 | Rank@5,mIoU@0.5 | mIoU  |
+-----------------+-----------------+-----------------+-----------------+-------+
|      70.55      |      44.45      |      81.29      |      66.67      | 43.65 |
+-----------------+-----------------+-----------------+-----------------+-------+
+performance on validation set------+-----------------+-----------------+-------+
| Rank@1,mIoU@0.3 | Rank@1,mIoU@0.5 | Rank@5,mIoU@0.3 | Rank@5,mIoU@0.5 | mIoU  |
+-----------------+-----------------+-----------------+-----------------+-------+
|      20.00      |      10.00      |      49.35      |      28.71      | 15.36 |
+-----------------+-----------------+-----------------+-----------------+-------+
+performance on testing set---------+-----------------+-----------------+------+
| Rank@1,mIoU@0.3 | Rank@1,mIoU@0.5 | Rank@5,mIoU@0.3 | Rank@5,mIoU@0.5 | mIoU |
+-----------------+-----------------+-----------------+-----------------+------+
|       0.00      |       0.00      |       0.00      |       0.00      | 0.00 |
+-----------------+-----------------+-----------------+-----------------+------+

2026-04-23 16:25:36,354 
iter: 79750 train loss 0.2021 val loss 0.2974 test loss 0.0735
+performance on training set--------+-----------------+-----------------+-------+
| Rank@1,mIoU@0.3 | Rank@1,mIoU@0.5 | Rank@5,mIoU@0.3 | Rank@5,mIoU@0.5 | mIoU  |
+-----------------+-----------------+-----------------+-----------------+-------+
|      70.61      |      44.53      |      81.30      |      66.59      | 43.66 |
+-----------------+-----------------+-----------------+-----------------+-------+
+performance on validation set------+-----------------+-----------------+-------+
| Rank@1,mIoU@0.3 | Rank@1,mIoU@0.5 | Rank@5,mIoU@0.3 | Rank@5,mIoU@0.5 | mIoU  |
+-----------------+-----------------+-----------------+-----------------+-------+
|      20.97      |      10.00      |      50.32      |      27.42      | 15.32 |
+-----------------+-----------------+-----------------+-----------------+-------+
+performance on testing set---------+-----------------+-----------------+------+
| Rank@1,mIoU@0.3 | Rank@1,mIoU@0.5 | Rank@5,mIoU@0.3 | Rank@5,mIoU@0.5 | mIoU |
+-----------------+-----------------+-----------------+-----------------+------+
|       0.00      |       0.00      |       0.00      |       0.00      | 0.00 |
+-----------------+-----------------+-----------------+-----------------+------+

2026-04-23 16:29:27,936 
iter: 80000 train loss 0.2004 val loss 0.2974 test loss 0.0733
+performance on training set--------+-----------------+-----------------+-------+
| Rank@1,mIoU@0.3 | Rank@1,mIoU@0.5 | Rank@5,mIoU@0.3 | Rank@5,mIoU@0.5 | mIoU  |
+-----------------+-----------------+-----------------+-----------------+-------+
|      70.63      |      44.45      |      81.31      |      66.59      | 43.66 |
+-----------------+-----------------+-----------------+-----------------+-------+
+performance on validation set------+-----------------+-----------------+-------+
| Rank@1,mIoU@0.3 | Rank@1,mIoU@0.5 | Rank@5,mIoU@0.3 | Rank@5,mIoU@0.5 | mIoU  |
+-----------------+-----------------+-----------------+-----------------+-------+
|      20.97      |      10.00      |      49.68      |      28.06      | 15.48 |
+-----------------+-----------------+-----------------+-----------------+-------+
+performance on testing set---------+-----------------+-----------------+------+
| Rank@1,mIoU@0.3 | Rank@1,mIoU@0.5 | Rank@5,mIoU@0.3 | Rank@5,mIoU@0.5 | mIoU |
+-----------------+-----------------+-----------------+-----------------+------+
|       0.00      |       0.00      |       0.00      |       0.00      | 0.00 |
+-----------------+-----------------+-----------------+-----------------+------+

2026-04-23 16:33:23,031 
iter: 80250 train loss 0.2014 val loss 0.2974 test loss 0.0733
+performance on training set--------+-----------------+-----------------+-------+
| Rank@1,mIoU@0.3 | Rank@1,mIoU@0.5 | Rank@5,mIoU@0.3 | Rank@5,mIoU@0.5 | mIoU  |
+-----------------+-----------------+-----------------+-----------------+-------+
|      70.51      |      44.44      |      81.27      |      66.53      | 43.67 |
+-----------------+-----------------+-----------------+-----------------+-------+
+performance on validation set------+-----------------+-----------------+-------+
| Rank@1,mIoU@0.3 | Rank@1,mIoU@0.5 | Rank@5,mIoU@0.3 | Rank@5,mIoU@0.5 | mIoU  |
+-----------------+-----------------+-----------------+-----------------+-------+
|      20.97      |      10.00      |      50.32      |      28.06      | 15.57 |
+-----------------+-----------------+-----------------+-----------------+-------+
+performance on testing set---------+-----------------+-----------------+------+
| Rank@1,mIoU@0.3 | Rank@1,mIoU@0.5 | Rank@5,mIoU@0.3 | Rank@5,mIoU@0.5 | mIoU |
+-----------------+-----------------+-----------------+-----------------+------+
|       0.00      |       0.00      |       0.00      |       0.00      | 0.00 |
+-----------------+-----------------+-----------------+-----------------+------+

2026-04-23 16:37:16,408 
iter: 80500 train loss 0.2019 val loss 0.2974 test loss 0.0731
+performance on training set--------+-----------------+-----------------+-------+
| Rank@1,mIoU@0.3 | Rank@1,mIoU@0.5 | Rank@5,mIoU@0.3 | Rank@5,mIoU@0.5 | mIoU  |
+-----------------+-----------------+-----------------+-----------------+-------+
|      70.63      |      44.53      |      81.30      |      66.60      | 43.69 |
+-----------------+-----------------+-----------------+-----------------+-------+
+performance on validation set------+-----------------+-----------------+-------+
| Rank@1,mIoU@0.3 | Rank@1,mIoU@0.5 | Rank@5,mIoU@0.3 | Rank@5,mIoU@0.5 | mIoU  |
+-----------------+-----------------+-----------------+-----------------+-------+
|      21.61      |      10.00      |      50.00      |      28.06      | 15.50 |
+-----------------+-----------------+-----------------+-----------------+-------+
+performance on testing set---------+-----------------+-----------------+------+
| Rank@1,mIoU@0.3 | Rank@1,mIoU@0.5 | Rank@5,mIoU@0.3 | Rank@5,mIoU@0.5 | mIoU |
+-----------------+-----------------+-----------------+-----------------+------+
|       0.00      |       0.00      |       0.00      |       0.00      | 0.00 |
+-----------------+-----------------+-----------------+-----------------+------+

2026-04-23 16:41:11,120 
iter: 80750 train loss 0.2019 val loss 0.2973 test loss 0.0731
+performance on training set--------+-----------------+-----------------+-------+
| Rank@1,mIoU@0.3 | Rank@1,mIoU@0.5 | Rank@5,mIoU@0.3 | Rank@5,mIoU@0.5 | mIoU  |
+-----------------+-----------------+-----------------+-----------------+-------+
|      70.68      |      44.44      |      81.31      |      66.67      | 43.69 |
+-----------------+-----------------+-----------------+-----------------+-------+
+performance on validation set------+-----------------+-----------------+-------+
| Rank@1,mIoU@0.3 | Rank@1,mIoU@0.5 | Rank@5,mIoU@0.3 | Rank@5,mIoU@0.5 | mIoU  |
+-----------------+-----------------+-----------------+-----------------+-------+
|      21.61      |      10.00      |      50.00      |      28.06      | 15.65 |
+-----------------+-----------------+-----------------+-----------------+-------+
+performance on testing set---------+-----------------+-----------------+------+
| Rank@1,mIoU@0.3 | Rank@1,mIoU@0.5 | Rank@5,mIoU@0.3 | Rank@5,mIoU@0.5 | mIoU |
+-----------------+-----------------+-----------------+-----------------+------+
|       0.00      |       0.00      |       0.00      |       0.00      | 0.00 |
+-----------------+-----------------+-----------------+-----------------+------+

2026-04-23 16:45:04,633 
iter: 81000 train loss 0.2008 val loss 0.2974 test loss 0.0730
+performance on training set--------+-----------------+-----------------+-------+
| Rank@1,mIoU@0.3 | Rank@1,mIoU@0.5 | Rank@5,mIoU@0.3 | Rank@5,mIoU@0.5 | mIoU  |
+-----------------+-----------------+-----------------+-----------------+-------+
|      70.64      |      44.55      |      81.31      |      66.59      | 43.72 |
+-----------------+-----------------+-----------------+-----------------+-------+
+performance on validation set------+-----------------+-----------------+-------+
| Rank@1,mIoU@0.3 | Rank@1,mIoU@0.5 | Rank@5,mIoU@0.3 | Rank@5,mIoU@0.5 | mIoU  |
+-----------------+-----------------+-----------------+-----------------+-------+
|      20.97      |      10.00      |      49.68      |      28.06      | 15.48 |
+-----------------+-----------------+-----------------+-----------------+-------+
+performance on testing set---------+-----------------+-----------------+------+
| Rank@1,mIoU@0.3 | Rank@1,mIoU@0.5 | Rank@5,mIoU@0.3 | Rank@5,mIoU@0.5 | mIoU |
+-----------------+-----------------+-----------------+-----------------+------+
|       0.00      |       0.00      |       0.00      |       0.00      | 0.00 |
+-----------------+-----------------+-----------------+-----------------+------+

2026-04-23 16:48:58,334 
iter: 81250 train loss 0.2008 val loss 0.2974 test loss 0.0731
+performance on training set--------+-----------------+-----------------+-------+
| Rank@1,mIoU@0.3 | Rank@1,mIoU@0.5 | Rank@5,mIoU@0.3 | Rank@5,mIoU@0.5 | mIoU  |
+-----------------+-----------------+-----------------+-----------------+-------+
|      70.64      |      44.52      |      81.32      |      66.62      | 43.66 |
+-----------------+-----------------+-----------------+-----------------+-------+
+performance on validation set------+-----------------+-----------------+-------+
| Rank@1,mIoU@0.3 | Rank@1,mIoU@0.5 | Rank@5,mIoU@0.3 | Rank@5,mIoU@0.5 | mIoU  |
+-----------------+-----------------+-----------------+-----------------+-------+
|      20.65      |      10.00      |      48.71      |      28.06      | 15.45 |
+-----------------+-----------------+-----------------+-----------------+-------+
+performance on testing set---------+-----------------+-----------------+------+
| Rank@1,mIoU@0.3 | Rank@1,mIoU@0.5 | Rank@5,mIoU@0.3 | Rank@5,mIoU@0.5 | mIoU |
+-----------------+-----------------+-----------------+-----------------+------+
|       0.00      |       0.00      |       0.00      |       0.00      | 0.00 |
+-----------------+-----------------+-----------------+-----------------+------+

2026-04-23 16:52:50,806 
iter: 81500 train loss 0.2017 val loss 0.2974 test loss 0.0731
+performance on training set--------+-----------------+-----------------+-------+
| Rank@1,mIoU@0.3 | Rank@1,mIoU@0.5 | Rank@5,mIoU@0.3 | Rank@5,mIoU@0.5 | mIoU  |
+-----------------+-----------------+-----------------+-----------------+-------+
|      70.65      |      44.59      |      81.31      |      66.67      | 43.70 |
+-----------------+-----------------+-----------------+-----------------+-------+
+performance on validation set------+-----------------+-----------------+-------+
| Rank@1,mIoU@0.3 | Rank@1,mIoU@0.5 | Rank@5,mIoU@0.3 | Rank@5,mIoU@0.5 | mIoU  |
+-----------------+-----------------+-----------------+-----------------+-------+
|      20.97      |      10.00      |      49.03      |      28.06      | 15.48 |
+-----------------+-----------------+-----------------+-----------------+-------+
+performance on testing set---------+-----------------+-----------------+------+
| Rank@1,mIoU@0.3 | Rank@1,mIoU@0.5 | Rank@5,mIoU@0.3 | Rank@5,mIoU@0.5 | mIoU |
+-----------------+-----------------+-----------------+-----------------+------+
|       0.00      |       0.00      |       0.00      |       0.00      | 0.00 |
+-----------------+-----------------+-----------------+-----------------+------+

2026-04-23 16:56:49,676 
iter: 81750 train loss 0.2015 val loss 0.2974 test loss 0.0733
+performance on training set--------+-----------------+-----------------+-------+
| Rank@1,mIoU@0.3 | Rank@1,mIoU@0.5 | Rank@5,mIoU@0.3 | Rank@5,mIoU@0.5 | mIoU  |
+-----------------+-----------------+-----------------+-----------------+-------+
|      70.60      |      44.47      |      81.29      |      66.54      | 43.67 |
+-----------------+-----------------+-----------------+-----------------+-------+
+performance on validation set------+-----------------+-----------------+-------+
| Rank@1,mIoU@0.3 | Rank@1,mIoU@0.5 | Rank@5,mIoU@0.3 | Rank@5,mIoU@0.5 | mIoU  |
+-----------------+-----------------+-----------------+-----------------+-------+
|      20.65      |      10.00      |      50.32      |      28.06      | 15.36 |
+-----------------+-----------------+-----------------+-----------------+-------+
+performance on testing set---------+-----------------+-----------------+------+
| Rank@1,mIoU@0.3 | Rank@1,mIoU@0.5 | Rank@5,mIoU@0.3 | Rank@5,mIoU@0.5 | mIoU |
+-----------------+-----------------+-----------------+-----------------+------+
|       0.00      |       0.00      |       0.00      |       0.00      | 0.00 |
+-----------------+-----------------+-----------------+-----------------+------+

2026-04-23 17:00:52,990 
iter: 82000 train loss 0.2011 val loss 0.2972 test loss 0.0724
+performance on training set--------+-----------------+-----------------+-------+
| Rank@1,mIoU@0.3 | Rank@1,mIoU@0.5 | Rank@5,mIoU@0.3 | Rank@5,mIoU@0.5 | mIoU  |
+-----------------+-----------------+-----------------+-----------------+-------+
|      70.63      |      44.40      |      81.32      |      66.58      | 43.67 |
+-----------------+-----------------+-----------------+-----------------+-------+
+performance on validation set------+-----------------+-----------------+-------+
| Rank@1,mIoU@0.3 | Rank@1,mIoU@0.5 | Rank@5,mIoU@0.3 | Rank@5,mIoU@0.5 | mIoU  |
+-----------------+-----------------+-----------------+-----------------+-------+
|      19.35      |       9.68      |      49.03      |      28.39      | 15.01 |
+-----------------+-----------------+-----------------+-----------------+-------+
+performance on testing set---------+-----------------+-----------------+------+
| Rank@1,mIoU@0.3 | Rank@1,mIoU@0.5 | Rank@5,mIoU@0.3 | Rank@5,mIoU@0.5 | mIoU |
+-----------------+-----------------+-----------------+-----------------+------+
|       0.00      |       0.00      |       0.00      |       0.00      | 0.00 |
+-----------------+-----------------+-----------------+-----------------+------+

2026-04-23 17:04:52,206 
iter: 82250 train loss 0.2018 val loss 0.2973 test loss 0.0729
+performance on training set--------+-----------------+-----------------+-------+
| Rank@1,mIoU@0.3 | Rank@1,mIoU@0.5 | Rank@5,mIoU@0.3 | Rank@5,mIoU@0.5 | mIoU  |
+-----------------+-----------------+-----------------+-----------------+-------+
|      70.64      |      44.56      |      81.35      |      66.68      | 43.67 |
+-----------------+-----------------+-----------------+-----------------+-------+
+performance on validation set------+-----------------+-----------------+-------+
| Rank@1,mIoU@0.3 | Rank@1,mIoU@0.5 | Rank@5,mIoU@0.3 | Rank@5,mIoU@0.5 | mIoU  |
+-----------------+-----------------+-----------------+-----------------+-------+
|      20.00      |       9.68      |      49.68      |      28.39      | 15.32 |
+-----------------+-----------------+-----------------+-----------------+-------+
+performance on testing set---------+-----------------+-----------------+------+
| Rank@1,mIoU@0.3 | Rank@1,mIoU@0.5 | Rank@5,mIoU@0.3 | Rank@5,mIoU@0.5 | mIoU |
+-----------------+-----------------+-----------------+-----------------+------+
|       0.00      |       0.00      |       0.00      |       0.00      | 0.00 |
+-----------------+-----------------+-----------------+-----------------+------+

2026-04-23 17:08:55,642 
iter: 82500 train loss 0.2006 val loss 0.2973 test loss 0.0728
+performance on training set--------+-----------------+-----------------+-------+
| Rank@1,mIoU@0.3 | Rank@1,mIoU@0.5 | Rank@5,mIoU@0.3 | Rank@5,mIoU@0.5 | mIoU  |
+-----------------+-----------------+-----------------+-----------------+-------+
|      70.58      |      44.54      |      81.31      |      66.67      | 43.67 |
+-----------------+-----------------+-----------------+-----------------+-------+
+performance on validation set------+-----------------+-----------------+-------+
| Rank@1,mIoU@0.3 | Rank@1,mIoU@0.5 | Rank@5,mIoU@0.3 | Rank@5,mIoU@0.5 | mIoU  |
+-----------------+-----------------+-----------------+-----------------+-------+
|      20.32      |      10.00      |      48.71      |      28.39      | 15.35 |
+-----------------+-----------------+-----------------+-----------------+-------+
+performance on testing set---------+-----------------+-----------------+------+
| Rank@1,mIoU@0.3 | Rank@1,mIoU@0.5 | Rank@5,mIoU@0.3 | Rank@5,mIoU@0.5 | mIoU |
+-----------------+-----------------+-----------------+-----------------+------+
|       0.00      |       0.00      |       0.00      |       0.00      | 0.00 |
+-----------------+-----------------+-----------------+-----------------+------+

2026-04-23 17:13:10,393 
iter: 82750 train loss 0.2016 val loss 0.2974 test loss 0.0731
+performance on training set--------+-----------------+-----------------+-------+
| Rank@1,mIoU@0.3 | Rank@1,mIoU@0.5 | Rank@5,mIoU@0.3 | Rank@5,mIoU@0.5 | mIoU  |
+-----------------+-----------------+-----------------+-----------------+-------+
|      70.61      |      44.48      |      81.33      |      66.60      | 43.66 |
+-----------------+-----------------+-----------------+-----------------+-------+
+performance on validation set------+-----------------+-----------------+-------+
| Rank@1,mIoU@0.3 | Rank@1,mIoU@0.5 | Rank@5,mIoU@0.3 | Rank@5,mIoU@0.5 | mIoU  |
+-----------------+-----------------+-----------------+-----------------+-------+
|      20.65      |      10.00      |      49.68      |      28.71      | 15.57 |
+-----------------+-----------------+-----------------+-----------------+-------+
+performance on testing set---------+-----------------+-----------------+------+
| Rank@1,mIoU@0.3 | Rank@1,mIoU@0.5 | Rank@5,mIoU@0.3 | Rank@5,mIoU@0.5 | mIoU |
+-----------------+-----------------+-----------------+-----------------+------+
|       0.00      |       0.00      |       0.00      |       0.00      | 0.00 |
+-----------------+-----------------+-----------------+-----------------+------+

2026-04-23 17:17:15,496 
iter: 83000 train loss 0.2009 val loss 0.2974 test loss 0.0731
+performance on training set--------+-----------------+-----------------+-------+
| Rank@1,mIoU@0.3 | Rank@1,mIoU@0.5 | Rank@5,mIoU@0.3 | Rank@5,mIoU@0.5 | mIoU  |
+-----------------+-----------------+-----------------+-----------------+-------+
|      70.60      |      44.49      |      81.32      |      66.63      | 43.66 |
+-----------------+-----------------+-----------------+-----------------+-------+
+performance on validation set------+-----------------+-----------------+-------+
| Rank@1,mIoU@0.3 | Rank@1,mIoU@0.5 | Rank@5,mIoU@0.3 | Rank@5,mIoU@0.5 | mIoU  |
+-----------------+-----------------+-----------------+-----------------+-------+
|      21.29      |      10.00      |      50.65      |      28.06      | 15.59 |
+-----------------+-----------------+-----------------+-----------------+-------+
+performance on testing set---------+-----------------+-----------------+------+
| Rank@1,mIoU@0.3 | Rank@1,mIoU@0.5 | Rank@5,mIoU@0.3 | Rank@5,mIoU@0.5 | mIoU |
+-----------------+-----------------+-----------------+-----------------+------+
|       0.00      |       0.00      |       0.00      |       0.00      | 0.00 |
+-----------------+-----------------+-----------------+-----------------+------+

2026-04-23 17:21:19,357 
iter: 83250 train loss 0.2013 val loss 0.2973 test loss 0.0727
+performance on training set--------+-----------------+-----------------+-------+
| Rank@1,mIoU@0.3 | Rank@1,mIoU@0.5 | Rank@5,mIoU@0.3 | Rank@5,mIoU@0.5 | mIoU  |
+-----------------+-----------------+-----------------+-----------------+-------+
|      70.69      |      44.43      |      81.33      |      66.68      | 43.65 |
+-----------------+-----------------+-----------------+-----------------+-------+
+performance on validation set------+-----------------+-----------------+-------+
| Rank@1,mIoU@0.3 | Rank@1,mIoU@0.5 | Rank@5,mIoU@0.3 | Rank@5,mIoU@0.5 | mIoU  |
+-----------------+-----------------+-----------------+-----------------+-------+
|      20.65      |       9.68      |      49.35      |      28.71      | 15.41 |
+-----------------+-----------------+-----------------+-----------------+-------+
+performance on testing set---------+-----------------+-----------------+------+
| Rank@1,mIoU@0.3 | Rank@1,mIoU@0.5 | Rank@5,mIoU@0.3 | Rank@5,mIoU@0.5 | mIoU |
+-----------------+-----------------+-----------------+-----------------+------+
|       0.00      |       0.00      |       0.00      |       0.00      | 0.00 |
+-----------------+-----------------+-----------------+-----------------+------+

2026-04-23 17:25:28,541 
iter: 83500 train loss 0.2021 val loss 0.2974 test loss 0.0728
+performance on training set--------+-----------------+-----------------+-------+
| Rank@1,mIoU@0.3 | Rank@1,mIoU@0.5 | Rank@5,mIoU@0.3 | Rank@5,mIoU@0.5 | mIoU  |
+-----------------+-----------------+-----------------+-----------------+-------+
|      70.65      |      44.42      |      81.33      |      66.70      | 43.67 |
+-----------------+-----------------+-----------------+-----------------+-------+
+performance on validation set------+-----------------+-----------------+-------+
| Rank@1,mIoU@0.3 | Rank@1,mIoU@0.5 | Rank@5,mIoU@0.3 | Rank@5,mIoU@0.5 | mIoU  |
+-----------------+-----------------+-----------------+-----------------+-------+
|      20.97      |      10.00      |      50.00      |      28.71      | 15.49 |
+-----------------+-----------------+-----------------+-----------------+-------+
+performance on testing set---------+-----------------+-----------------+------+
| Rank@1,mIoU@0.3 | Rank@1,mIoU@0.5 | Rank@5,mIoU@0.3 | Rank@5,mIoU@0.5 | mIoU |
+-----------------+-----------------+-----------------+-----------------+------+
|       0.00      |       0.00      |       0.00      |       0.00      | 0.00 |
+-----------------+-----------------+-----------------+-----------------+------+

2026-04-23 17:29:32,238 
iter: 83750 train loss 0.2014 val loss 0.2972 test loss 0.0722
+performance on training set--------+-----------------+-----------------+-------+
| Rank@1,mIoU@0.3 | Rank@1,mIoU@0.5 | Rank@5,mIoU@0.3 | Rank@5,mIoU@0.5 | mIoU  |
+-----------------+-----------------+-----------------+-----------------+-------+
|      70.60      |      44.45      |      81.36      |      66.62      | 43.68 |
+-----------------+-----------------+-----------------+-----------------+-------+
+performance on validation set------+-----------------+-----------------+-------+
| Rank@1,mIoU@0.3 | Rank@1,mIoU@0.5 | Rank@5,mIoU@0.3 | Rank@5,mIoU@0.5 | mIoU  |
+-----------------+-----------------+-----------------+-----------------+-------+
|      19.35      |      10.00      |      49.35      |      28.39      | 15.12 |
+-----------------+-----------------+-----------------+-----------------+-------+
+performance on testing set---------+-----------------+-----------------+------+
| Rank@1,mIoU@0.3 | Rank@1,mIoU@0.5 | Rank@5,mIoU@0.3 | Rank@5,mIoU@0.5 | mIoU |
+-----------------+-----------------+-----------------+-----------------+------+
|       0.00      |       0.00      |       0.00      |       0.00      | 0.00 |
+-----------------+-----------------+-----------------+-----------------+------+

2026-04-23 17:33:26,440 
iter: 84000 train loss 0.1993 val loss 0.2975 test loss 0.0731
+performance on training set--------+-----------------+-----------------+-------+
| Rank@1,mIoU@0.3 | Rank@1,mIoU@0.5 | Rank@5,mIoU@0.3 | Rank@5,mIoU@0.5 | mIoU  |
+-----------------+-----------------+-----------------+-----------------+-------+
|      70.61      |      44.60      |      81.32      |      66.60      | 43.67 |
+-----------------+-----------------+-----------------+-----------------+-------+
+performance on validation set------+-----------------+-----------------+-------+
| Rank@1,mIoU@0.3 | Rank@1,mIoU@0.5 | Rank@5,mIoU@0.3 | Rank@5,mIoU@0.5 | mIoU  |
+-----------------+-----------------+-----------------+-----------------+-------+
|      20.32      |      10.00      |      49.35      |      28.06      | 15.46 |
+-----------------+-----------------+-----------------+-----------------+-------+
+performance on testing set---------+-----------------+-----------------+------+
| Rank@1,mIoU@0.3 | Rank@1,mIoU@0.5 | Rank@5,mIoU@0.3 | Rank@5,mIoU@0.5 | mIoU |
+-----------------+-----------------+-----------------+-----------------+------+
|       0.00      |       0.00      |       0.00      |       0.00      | 0.00 |
+-----------------+-----------------+-----------------+-----------------+------+

2026-04-23 17:37:21,233 
iter: 84250 train loss 0.2015 val loss 0.2975 test loss 0.0733
+performance on training set--------+-----------------+-----------------+-------+
| Rank@1,mIoU@0.3 | Rank@1,mIoU@0.5 | Rank@5,mIoU@0.3 | Rank@5,mIoU@0.5 | mIoU  |
+-----------------+-----------------+-----------------+-----------------+-------+
|      70.58      |      44.63      |      81.31      |      66.65      | 43.68 |
+-----------------+-----------------+-----------------+-----------------+-------+
+performance on validation set------+-----------------+-----------------+-------+
| Rank@1,mIoU@0.3 | Rank@1,mIoU@0.5 | Rank@5,mIoU@0.3 | Rank@5,mIoU@0.5 | mIoU  |
+-----------------+-----------------+-----------------+-----------------+-------+
|      20.32      |      10.00      |      49.68      |      27.74      | 15.23 |
+-----------------+-----------------+-----------------+-----------------+-------+
+performance on testing set---------+-----------------+-----------------+------+
| Rank@1,mIoU@0.3 | Rank@1,mIoU@0.5 | Rank@5,mIoU@0.3 | Rank@5,mIoU@0.5 | mIoU |
+-----------------+-----------------+-----------------+-----------------+------+
|       0.00      |       0.00      |       0.00      |       0.00      | 0.00 |
+-----------------+-----------------+-----------------+-----------------+------+

2026-04-23 17:48:58,485 
iter: 84500 train loss 0.2026 val loss 0.2975 test loss 0.0731
+performance on training set--------+-----------------+-----------------+-------+
| Rank@1,mIoU@0.3 | Rank@1,mIoU@0.5 | Rank@5,mIoU@0.3 | Rank@5,mIoU@0.5 | mIoU  |
+-----------------+-----------------+-----------------+-----------------+-------+
|      70.60      |      44.45      |      81.31      |      66.64      | 43.69 |
+-----------------+-----------------+-----------------+-----------------+-------+
+performance on validation set------+-----------------+-----------------+-------+
| Rank@1,mIoU@0.3 | Rank@1,mIoU@0.5 | Rank@5,mIoU@0.3 | Rank@5,mIoU@0.5 | mIoU  |
+-----------------+-----------------+-----------------+-----------------+-------+
|      20.97      |      10.00      |      50.32      |      28.06      | 15.49 |
+-----------------+-----------------+-----------------+-----------------+-------+
+performance on testing set---------+-----------------+-----------------+------+
| Rank@1,mIoU@0.3 | Rank@1,mIoU@0.5 | Rank@5,mIoU@0.3 | Rank@5,mIoU@0.5 | mIoU |
+-----------------+-----------------+-----------------+-----------------+------+
|       0.00      |       0.00      |       0.00      |       0.00      | 0.00 |
+-----------------+-----------------+-----------------+-----------------+------+

2026-04-23 18:06:56,651 
iter: 84750 train loss 0.2001 val loss 0.2975 test loss 0.0731
+performance on training set--------+-----------------+-----------------+-------+
| Rank@1,mIoU@0.3 | Rank@1,mIoU@0.5 | Rank@5,mIoU@0.3 | Rank@5,mIoU@0.5 | mIoU  |
+-----------------+-----------------+-----------------+-----------------+-------+
|      70.70      |      44.55      |      81.32      |      66.70      | 43.68 |
+-----------------+-----------------+-----------------+-----------------+-------+
+performance on validation set------+-----------------+-----------------+-------+
| Rank@1,mIoU@0.3 | Rank@1,mIoU@0.5 | Rank@5,mIoU@0.3 | Rank@5,mIoU@0.5 | mIoU  |
+-----------------+-----------------+-----------------+-----------------+-------+
|      20.32      |       9.68      |      48.71      |      27.74      | 15.28 |
+-----------------+-----------------+-----------------+-----------------+-------+
+performance on testing set---------+-----------------+-----------------+------+
| Rank@1,mIoU@0.3 | Rank@1,mIoU@0.5 | Rank@5,mIoU@0.3 | Rank@5,mIoU@0.5 | mIoU |
+-----------------+-----------------+-----------------+-----------------+------+
|       0.00      |       0.00      |       0.00      |       0.00      | 0.00 |
+-----------------+-----------------+-----------------+-----------------+------+

