2026-04-16 00:16:19,068 
Namespace(cfg='/DATA/Ego4d/episodic-memory/NLQ/2D-TAN/experiments/ego4d/2D-TAN-40x40-K9L4-pool-window-std-sf.yaml', gpus=None, workers=None, dataDir=None, modelDir=None, logDir=None, verbose=True, tag=None, debug=False)
2026-04-16 00:16:19,069 
{'CUDNN': {'BENCHMARK': True, 'DETERMINISTIC': False, 'ENABLED': True},
 'DATASET': {'BIAS': 0,
             'DOWNSAMPLING_STRIDE': 16,
             'MODALITY': '',
             'NAME': 'Ego4DClip',
             'NEGWINDOW': False,
             'NORMALIZE': True,
             'NO_VAL': False,
             'NUM_SAMPLE_CLIPS': 40,
             'RANDOM_SAMPLING': False,
             'ROOT': '',
             'SPLIT': '',
             'TARGET_STRIDE': 1,
             'TXT_FEATURE': 'bert',
             'VIS_INPUT_TYPE': 'clip',
             'WINDOW': 80},
 'DATA_DIR': './data/Ego4D_clip',
 'DEBUG': False,
 'LOG_DIR': './log',
 'LOSS': {'NAME': 'bce_rescale_loss',
          'PARAMS': {'BIAS': 0.3, 'MAX_IOU': 1.0, 'MIN_IOU': 0.3}},
 'MODEL': {'CHECKPOINT': 'checkpoints/Ego4DClip/TAN_slowfast/iter005030-0.0530-0.1242.pkl',
           'NAME': 'TAN'},
 'MODEL_DIR': './checkpoints',
 'RESULT_DIR': './results2',
 'TAG': '',
 'TAN': {'FRAME_MODULE': {'NAME': 'FrameAvgPool',
                          'PARAMS': {'HIDDEN_SIZE': 512,
                                     'INPUT_SIZE': 512,
                                     'KERNEL_SIZE': 1,
                                     'STRIDE': 1}},
         'FUSION_MODULE': {'NAME': 'BaseFusion',
                           'PARAMS': {'HIDDEN_SIZE': 512,
                                      'LSTM': {'BIDIRECTIONAL': False,
                                               'NUM_LAYERS': 3},
                                      'TXT_HIDDEN_SIZE': 768,
                                      'TXT_INPUT_SIZE': 300}},
         'MAP_MODULE': {'NAME': 'MapConv',
                        'PARAMS': {'DILATIONS': [1, 1, 1, 1],
                                   'HIDDEN_SIZES': [512, 512, 512, 512],
                                   'INPUT_SIZE': 512,
                                   'KERNEL_SIZES': [9, 9, 9, 9],
                                   'PADDINGS': [16, 0, 0, 0],
                                   'STRIDES': [1, 1, 1, 1]}},
         'PRED_INPUT_SIZE': 512,
         'PROP_MODULE': {'NAME': 'SparsePropMaxPool',
                         'PARAMS': {'NUM_SCALE_LAYERS': [16, 8, 8]}}},
 'TEST': {'BATCH_SIZE': 16,
          'EVAL_TRAIN': True,
          'INTERVAL': 1,
          'NMS_THRESH': 0.5,
          'RECALL': '1,5',
          'TIOU': '0.3,0.5',
          'TOP_K': 10},
 'TRAIN': {'BATCH_SIZE': 32,
           'CONTINUE': False,
           'FACTOR': 0.8,
           'LR': 5e-05,
           'MAX_EPOCH': 200,
           'PATIENCE': 7,
           'SHUFFLE': True,
           'WEIGHT_DECAY': 0.0001},
 'VERBOSE': True,
 'WORKERS': 0}
2026-04-16 00:19:13,964 
iter: 45 train loss 0.6965 val loss 0.6961 test loss 0.6965
+performance on training set--------+-----------------+-----------------+-------+
| Rank@1,mIoU@0.3 | Rank@1,mIoU@0.5 | Rank@5,mIoU@0.3 | Rank@5,mIoU@0.5 | mIoU  |
+-----------------+-----------------+-----------------+-----------------+-------+
|      25.85      |       7.39      |      31.87      |      16.96      | 17.98 |
+-----------------+-----------------+-----------------+-----------------+-------+
+performance on validation set------+-----------------+-----------------+-------+
| Rank@1,mIoU@0.3 | Rank@1,mIoU@0.5 | Rank@5,mIoU@0.3 | Rank@5,mIoU@0.5 | mIoU  |
+-----------------+-----------------+-----------------+-----------------+-------+
|      19.67      |      14.75      |      26.23      |      18.03      | 17.91 |
+-----------------+-----------------+-----------------+-----------------+-------+
+performance on testing set---------+-----------------+-----------------+------+
| Rank@1,mIoU@0.3 | Rank@1,mIoU@0.5 | Rank@5,mIoU@0.3 | Rank@5,mIoU@0.5 | mIoU |
+-----------------+-----------------+-----------------+-----------------+------+
|       0.00      |       0.00      |       0.00      |       0.00      | 0.00 |
+-----------------+-----------------+-----------------+-----------------+------+

2026-04-16 00:21:27,586 
iter: 90 train loss 0.6954 val loss 0.6950 test loss 0.6952
+performance on training set--------+-----------------+-----------------+-------+
| Rank@1,mIoU@0.3 | Rank@1,mIoU@0.5 | Rank@5,mIoU@0.3 | Rank@5,mIoU@0.5 | mIoU  |
+-----------------+-----------------+-----------------+-----------------+-------+
|      25.85      |       7.39      |      31.87      |      16.96      | 17.98 |
+-----------------+-----------------+-----------------+-----------------+-------+
+performance on validation set------+-----------------+-----------------+-------+
| Rank@1,mIoU@0.3 | Rank@1,mIoU@0.5 | Rank@5,mIoU@0.3 | Rank@5,mIoU@0.5 | mIoU  |
+-----------------+-----------------+-----------------+-----------------+-------+
|      19.67      |      14.75      |      26.23      |      18.03      | 17.91 |
+-----------------+-----------------+-----------------+-----------------+-------+
+performance on testing set---------+-----------------+-----------------+------+
| Rank@1,mIoU@0.3 | Rank@1,mIoU@0.5 | Rank@5,mIoU@0.3 | Rank@5,mIoU@0.5 | mIoU |
+-----------------+-----------------+-----------------+-----------------+------+
|       0.00      |       0.00      |       0.00      |       0.00      | 0.00 |
+-----------------+-----------------+-----------------+-----------------+------+

2026-04-16 00:23:33,595 
iter: 135 train loss 0.6944 val loss 0.6939 test loss 0.6940
+performance on training set--------+-----------------+-----------------+-------+
| Rank@1,mIoU@0.3 | Rank@1,mIoU@0.5 | Rank@5,mIoU@0.3 | Rank@5,mIoU@0.5 | mIoU  |
+-----------------+-----------------+-----------------+-----------------+-------+
|      25.85      |       7.39      |      31.87      |      16.96      | 17.98 |
+-----------------+-----------------+-----------------+-----------------+-------+
+performance on validation set------+-----------------+-----------------+-------+
| Rank@1,mIoU@0.3 | Rank@1,mIoU@0.5 | Rank@5,mIoU@0.3 | Rank@5,mIoU@0.5 | mIoU  |
+-----------------+-----------------+-----------------+-----------------+-------+
|      19.67      |      14.75      |      26.23      |      18.03      | 17.91 |
+-----------------+-----------------+-----------------+-----------------+-------+
+performance on testing set---------+-----------------+-----------------+------+
| Rank@1,mIoU@0.3 | Rank@1,mIoU@0.5 | Rank@5,mIoU@0.3 | Rank@5,mIoU@0.5 | mIoU |
+-----------------+-----------------+-----------------+-----------------+------+
|       0.00      |       0.00      |       0.00      |       0.00      | 0.00 |
+-----------------+-----------------+-----------------+-----------------+------+

2026-04-16 00:25:38,050 
iter: 180 train loss 0.6933 val loss 0.6927 test loss 0.6927
+performance on training set--------+-----------------+-----------------+-------+
| Rank@1,mIoU@0.3 | Rank@1,mIoU@0.5 | Rank@5,mIoU@0.3 | Rank@5,mIoU@0.5 | mIoU  |
+-----------------+-----------------+-----------------+-----------------+-------+
|      25.85      |       7.39      |      31.87      |      16.96      | 17.98 |
+-----------------+-----------------+-----------------+-----------------+-------+
+performance on validation set------+-----------------+-----------------+-------+
| Rank@1,mIoU@0.3 | Rank@1,mIoU@0.5 | Rank@5,mIoU@0.3 | Rank@5,mIoU@0.5 | mIoU  |
+-----------------+-----------------+-----------------+-----------------+-------+
|      19.67      |      14.75      |      26.23      |      18.03      | 17.91 |
+-----------------+-----------------+-----------------+-----------------+-------+
+performance on testing set---------+-----------------+-----------------+------+
| Rank@1,mIoU@0.3 | Rank@1,mIoU@0.5 | Rank@5,mIoU@0.3 | Rank@5,mIoU@0.5 | mIoU |
+-----------------+-----------------+-----------------+-----------------+------+
|       0.00      |       0.00      |       0.00      |       0.00      | 0.00 |
+-----------------+-----------------+-----------------+-----------------+------+

2026-04-16 00:27:44,937 
iter: 225 train loss 0.6922 val loss 0.6915 test loss 0.6913
+performance on training set--------+-----------------+-----------------+-------+
| Rank@1,mIoU@0.3 | Rank@1,mIoU@0.5 | Rank@5,mIoU@0.3 | Rank@5,mIoU@0.5 | mIoU  |
+-----------------+-----------------+-----------------+-----------------+-------+
|      25.85      |       7.39      |      31.87      |      16.96      | 17.98 |
+-----------------+-----------------+-----------------+-----------------+-------+
+performance on validation set------+-----------------+-----------------+-------+
| Rank@1,mIoU@0.3 | Rank@1,mIoU@0.5 | Rank@5,mIoU@0.3 | Rank@5,mIoU@0.5 | mIoU  |
+-----------------+-----------------+-----------------+-----------------+-------+
|      19.67      |      14.75      |      26.23      |      18.03      | 17.91 |
+-----------------+-----------------+-----------------+-----------------+-------+
+performance on testing set---------+-----------------+-----------------+------+
| Rank@1,mIoU@0.3 | Rank@1,mIoU@0.5 | Rank@5,mIoU@0.3 | Rank@5,mIoU@0.5 | mIoU |
+-----------------+-----------------+-----------------+-----------------+------+
|       0.00      |       0.00      |       0.00      |       0.00      | 0.00 |
+-----------------+-----------------+-----------------+-----------------+------+

2026-04-16 00:29:46,988 
iter: 270 train loss 0.6910 val loss 0.6901 test loss 0.6898
+performance on training set--------+-----------------+-----------------+-------+
| Rank@1,mIoU@0.3 | Rank@1,mIoU@0.5 | Rank@5,mIoU@0.3 | Rank@5,mIoU@0.5 | mIoU  |
+-----------------+-----------------+-----------------+-----------------+-------+
|      25.85      |       7.39      |      31.87      |      16.96      | 17.98 |
+-----------------+-----------------+-----------------+-----------------+-------+
+performance on validation set------+-----------------+-----------------+-------+
| Rank@1,mIoU@0.3 | Rank@1,mIoU@0.5 | Rank@5,mIoU@0.3 | Rank@5,mIoU@0.5 | mIoU  |
+-----------------+-----------------+-----------------+-----------------+-------+
|      19.67      |      14.75      |      26.23      |      18.03      | 17.91 |
+-----------------+-----------------+-----------------+-----------------+-------+
+performance on testing set---------+-----------------+-----------------+------+
| Rank@1,mIoU@0.3 | Rank@1,mIoU@0.5 | Rank@5,mIoU@0.3 | Rank@5,mIoU@0.5 | mIoU |
+-----------------+-----------------+-----------------+-----------------+------+
|       0.00      |       0.00      |       0.00      |       0.00      | 0.00 |
+-----------------+-----------------+-----------------+-----------------+------+

2026-04-16 00:31:52,212 
iter: 315 train loss 0.6896 val loss 0.6887 test loss 0.6882
+performance on training set--------+-----------------+-----------------+-------+
| Rank@1,mIoU@0.3 | Rank@1,mIoU@0.5 | Rank@5,mIoU@0.3 | Rank@5,mIoU@0.5 | mIoU  |
+-----------------+-----------------+-----------------+-----------------+-------+
|      25.85      |       7.39      |      31.87      |      16.96      | 17.98 |
+-----------------+-----------------+-----------------+-----------------+-------+
+performance on validation set------+-----------------+-----------------+-------+
| Rank@1,mIoU@0.3 | Rank@1,mIoU@0.5 | Rank@5,mIoU@0.3 | Rank@5,mIoU@0.5 | mIoU  |
+-----------------+-----------------+-----------------+-----------------+-------+
|      19.67      |      14.75      |      26.23      |      18.03      | 17.91 |
+-----------------+-----------------+-----------------+-----------------+-------+
+performance on testing set---------+-----------------+-----------------+------+
| Rank@1,mIoU@0.3 | Rank@1,mIoU@0.5 | Rank@5,mIoU@0.3 | Rank@5,mIoU@0.5 | mIoU |
+-----------------+-----------------+-----------------+-----------------+------+
|       0.00      |       0.00      |       0.00      |       0.00      | 0.00 |
+-----------------+-----------------+-----------------+-----------------+------+

2026-04-16 00:33:57,051 
iter: 360 train loss 0.6882 val loss 0.6871 test loss 0.6865
+performance on training set--------+-----------------+-----------------+-------+
| Rank@1,mIoU@0.3 | Rank@1,mIoU@0.5 | Rank@5,mIoU@0.3 | Rank@5,mIoU@0.5 | mIoU  |
+-----------------+-----------------+-----------------+-----------------+-------+
|      25.85      |       7.39      |      31.87      |      16.96      | 17.98 |
+-----------------+-----------------+-----------------+-----------------+-------+
+performance on validation set------+-----------------+-----------------+-------+
| Rank@1,mIoU@0.3 | Rank@1,mIoU@0.5 | Rank@5,mIoU@0.3 | Rank@5,mIoU@0.5 | mIoU  |
+-----------------+-----------------+-----------------+-----------------+-------+
|      19.67      |      14.75      |      26.23      |      18.03      | 17.91 |
+-----------------+-----------------+-----------------+-----------------+-------+
+performance on testing set---------+-----------------+-----------------+------+
| Rank@1,mIoU@0.3 | Rank@1,mIoU@0.5 | Rank@5,mIoU@0.3 | Rank@5,mIoU@0.5 | mIoU |
+-----------------+-----------------+-----------------+-----------------+------+
|       0.00      |       0.00      |       0.00      |       0.00      | 0.00 |
+-----------------+-----------------+-----------------+-----------------+------+

2026-04-16 00:36:00,531 
iter: 405 train loss 0.6867 val loss 0.6854 test loss 0.6845
+performance on training set--------+-----------------+-----------------+-------+
| Rank@1,mIoU@0.3 | Rank@1,mIoU@0.5 | Rank@5,mIoU@0.3 | Rank@5,mIoU@0.5 | mIoU  |
+-----------------+-----------------+-----------------+-----------------+-------+
|      25.85      |       7.39      |      31.87      |      16.96      | 17.98 |
+-----------------+-----------------+-----------------+-----------------+-------+
+performance on validation set------+-----------------+-----------------+-------+
| Rank@1,mIoU@0.3 | Rank@1,mIoU@0.5 | Rank@5,mIoU@0.3 | Rank@5,mIoU@0.5 | mIoU  |
+-----------------+-----------------+-----------------+-----------------+-------+
|      19.67      |      14.75      |      26.23      |      18.03      | 17.91 |
+-----------------+-----------------+-----------------+-----------------+-------+
+performance on testing set---------+-----------------+-----------------+------+
| Rank@1,mIoU@0.3 | Rank@1,mIoU@0.5 | Rank@5,mIoU@0.3 | Rank@5,mIoU@0.5 | mIoU |
+-----------------+-----------------+-----------------+-----------------+------+
|       0.00      |       0.00      |       0.00      |       0.00      | 0.00 |
+-----------------+-----------------+-----------------+-----------------+------+

2026-04-16 00:38:06,204 
iter: 450 train loss 0.6851 val loss 0.6838 test loss 0.6828
+performance on training set--------+-----------------+-----------------+-------+
| Rank@1,mIoU@0.3 | Rank@1,mIoU@0.5 | Rank@5,mIoU@0.3 | Rank@5,mIoU@0.5 | mIoU  |
+-----------------+-----------------+-----------------+-----------------+-------+
|      25.85      |       7.39      |      31.87      |      16.96      | 17.98 |
+-----------------+-----------------+-----------------+-----------------+-------+
+performance on validation set------+-----------------+-----------------+-------+
| Rank@1,mIoU@0.3 | Rank@1,mIoU@0.5 | Rank@5,mIoU@0.3 | Rank@5,mIoU@0.5 | mIoU  |
+-----------------+-----------------+-----------------+-----------------+-------+
|      19.67      |      14.75      |      26.23      |      18.03      | 17.91 |
+-----------------+-----------------+-----------------+-----------------+-------+
+performance on testing set---------+-----------------+-----------------+------+
| Rank@1,mIoU@0.3 | Rank@1,mIoU@0.5 | Rank@5,mIoU@0.3 | Rank@5,mIoU@0.5 | mIoU |
+-----------------+-----------------+-----------------+-----------------+------+
|       0.00      |       0.00      |       0.00      |       0.00      | 0.00 |
+-----------------+-----------------+-----------------+-----------------+------+

2026-04-16 00:40:13,488 
iter: 495 train loss 0.6836 val loss 0.6822 test loss 0.6809
+performance on training set--------+-----------------+-----------------+-------+
| Rank@1,mIoU@0.3 | Rank@1,mIoU@0.5 | Rank@5,mIoU@0.3 | Rank@5,mIoU@0.5 | mIoU  |
+-----------------+-----------------+-----------------+-----------------+-------+
|      23.60      |       8.00      |      36.46      |      20.31      | 17.68 |
+-----------------+-----------------+-----------------+-----------------+-------+
+performance on validation set------+-----------------+-----------------+-------+
| Rank@1,mIoU@0.3 | Rank@1,mIoU@0.5 | Rank@5,mIoU@0.3 | Rank@5,mIoU@0.5 | mIoU  |
+-----------------+-----------------+-----------------+-----------------+-------+
|      19.67      |      11.48      |      26.23      |      22.95      | 16.95 |
+-----------------+-----------------+-----------------+-----------------+-------+
+performance on testing set---------+-----------------+-----------------+------+
| Rank@1,mIoU@0.3 | Rank@1,mIoU@0.5 | Rank@5,mIoU@0.3 | Rank@5,mIoU@0.5 | mIoU |
+-----------------+-----------------+-----------------+-----------------+------+
|       0.00      |       0.00      |       0.00      |       0.00      | 0.00 |
+-----------------+-----------------+-----------------+-----------------+------+

2026-04-16 00:42:19,141 
iter: 540 train loss 0.6820 val loss 0.6803 test loss 0.6789
+performance on training set--------+-----------------+-----------------+-------+
| Rank@1,mIoU@0.3 | Rank@1,mIoU@0.5 | Rank@5,mIoU@0.3 | Rank@5,mIoU@0.5 | mIoU  |
+-----------------+-----------------+-----------------+-----------------+-------+
|      20.45      |       8.41      |      48.36      |      24.42      | 17.57 |
+-----------------+-----------------+-----------------+-----------------+-------+
+performance on validation set------+-----------------+-----------------+-------+
| Rank@1,mIoU@0.3 | Rank@1,mIoU@0.5 | Rank@5,mIoU@0.3 | Rank@5,mIoU@0.5 | mIoU  |
+-----------------+-----------------+-----------------+-----------------+-------+
|      13.11      |       4.92      |      39.34      |      13.11      | 15.27 |
+-----------------+-----------------+-----------------+-----------------+-------+
+performance on testing set---------+-----------------+-----------------+------+
| Rank@1,mIoU@0.3 | Rank@1,mIoU@0.5 | Rank@5,mIoU@0.3 | Rank@5,mIoU@0.5 | mIoU |
+-----------------+-----------------+-----------------+-----------------+------+
|       0.00      |       0.00      |       0.00      |       0.00      | 0.00 |
+-----------------+-----------------+-----------------+-----------------+------+

2026-04-16 00:44:27,092 
iter: 585 train loss 0.6800 val loss 0.6781 test loss 0.6764
+performance on training set--------+-----------------+-----------------+-------+
| Rank@1,mIoU@0.3 | Rank@1,mIoU@0.5 | Rank@5,mIoU@0.3 | Rank@5,mIoU@0.5 | mIoU  |
+-----------------+-----------------+-----------------+-----------------+-------+
|      20.31      |       7.80      |      58.69      |      26.88      | 17.96 |
+-----------------+-----------------+-----------------+-----------------+-------+
+performance on validation set------+-----------------+-----------------+-------+
| Rank@1,mIoU@0.3 | Rank@1,mIoU@0.5 | Rank@5,mIoU@0.3 | Rank@5,mIoU@0.5 | mIoU  |
+-----------------+-----------------+-----------------+-----------------+-------+
|      11.48      |       3.28      |      59.02      |      21.31      | 14.74 |
+-----------------+-----------------+-----------------+-----------------+-------+
+performance on testing set---------+-----------------+-----------------+------+
| Rank@1,mIoU@0.3 | Rank@1,mIoU@0.5 | Rank@5,mIoU@0.3 | Rank@5,mIoU@0.5 | mIoU |
+-----------------+-----------------+-----------------+-----------------+------+
|       0.00      |       0.00      |       0.00      |       0.00      | 0.00 |
+-----------------+-----------------+-----------------+-----------------+------+

2026-04-16 00:46:37,488 
iter: 630 train loss 0.6778 val loss 0.6753 test loss 0.6733
+performance on training set--------+-----------------+-----------------+-------+
| Rank@1,mIoU@0.3 | Rank@1,mIoU@0.5 | Rank@5,mIoU@0.3 | Rank@5,mIoU@0.5 | mIoU  |
+-----------------+-----------------+-----------------+-----------------+-------+
|      19.90      |       8.62      |      54.31      |      26.54      | 18.51 |
+-----------------+-----------------+-----------------+-----------------+-------+
+performance on validation set------+-----------------+-----------------+-------+
| Rank@1,mIoU@0.3 | Rank@1,mIoU@0.5 | Rank@5,mIoU@0.3 | Rank@5,mIoU@0.5 | mIoU  |
+-----------------+-----------------+-----------------+-----------------+-------+
|       6.56      |       3.28      |      49.18      |      11.48      | 13.72 |
+-----------------+-----------------+-----------------+-----------------+-------+
+performance on testing set---------+-----------------+-----------------+------+
| Rank@1,mIoU@0.3 | Rank@1,mIoU@0.5 | Rank@5,mIoU@0.3 | Rank@5,mIoU@0.5 | mIoU |
+-----------------+-----------------+-----------------+-----------------+------+
|       0.00      |       0.00      |       0.00      |       0.00      | 0.00 |
+-----------------+-----------------+-----------------+-----------------+------+

2026-04-16 00:48:41,362 
iter: 675 train loss 0.6740 val loss 0.6618 test loss 0.6583
+performance on training set--------+-----------------+-----------------+-------+
| Rank@1,mIoU@0.3 | Rank@1,mIoU@0.5 | Rank@5,mIoU@0.3 | Rank@5,mIoU@0.5 | mIoU  |
+-----------------+-----------------+-----------------+-----------------+-------+
|      19.70      |       8.28      |      54.92      |      28.52      | 16.36 |
+-----------------+-----------------+-----------------+-----------------+-------+
+performance on validation set------+-----------------+-----------------+-------+
| Rank@1,mIoU@0.3 | Rank@1,mIoU@0.5 | Rank@5,mIoU@0.3 | Rank@5,mIoU@0.5 | mIoU  |
+-----------------+-----------------+-----------------+-----------------+-------+
|      11.48      |       6.56      |      44.26      |      18.03      | 10.51 |
+-----------------+-----------------+-----------------+-----------------+-------+
+performance on testing set---------+-----------------+-----------------+------+
| Rank@1,mIoU@0.3 | Rank@1,mIoU@0.5 | Rank@5,mIoU@0.3 | Rank@5,mIoU@0.5 | mIoU |
+-----------------+-----------------+-----------------+-----------------+------+
|       0.00      |       0.00      |       0.00      |       0.00      | 0.00 |
+-----------------+-----------------+-----------------+-----------------+------+

2026-04-16 00:50:41,534 
iter: 720 train loss 0.3446 val loss 0.2047 test loss 0.0951
+performance on training set--------+-----------------+-----------------+-------+
| Rank@1,mIoU@0.3 | Rank@1,mIoU@0.5 | Rank@5,mIoU@0.3 | Rank@5,mIoU@0.5 | mIoU  |
+-----------------+-----------------+-----------------+-----------------+-------+
|      23.05      |       8.34      |      54.38      |      27.63      | 18.75 |
+-----------------+-----------------+-----------------+-----------------+-------+
+performance on validation set------+-----------------+-----------------+-------+
| Rank@1,mIoU@0.3 | Rank@1,mIoU@0.5 | Rank@5,mIoU@0.3 | Rank@5,mIoU@0.5 | mIoU  |
+-----------------+-----------------+-----------------+-----------------+-------+
|      13.11      |       4.92      |      34.43      |      14.75      | 12.73 |
+-----------------+-----------------+-----------------+-----------------+-------+
+performance on testing set---------+-----------------+-----------------+------+
| Rank@1,mIoU@0.3 | Rank@1,mIoU@0.5 | Rank@5,mIoU@0.3 | Rank@5,mIoU@0.5 | mIoU |
+-----------------+-----------------+-----------------+-----------------+------+
|       0.00      |       0.00      |       0.00      |       0.00      | 0.00 |
+-----------------+-----------------+-----------------+-----------------+------+

2026-04-16 00:52:42,451 
iter: 765 train loss 0.2564 val loss 0.1961 test loss 0.0746
+performance on training set--------+-----------------+-----------------+-------+
| Rank@1,mIoU@0.3 | Rank@1,mIoU@0.5 | Rank@5,mIoU@0.3 | Rank@5,mIoU@0.5 | mIoU  |
+-----------------+-----------------+-----------------+-----------------+-------+
|      23.05      |       8.34      |      54.38      |      27.63      | 18.75 |
+-----------------+-----------------+-----------------+-----------------+-------+
+performance on validation set------+-----------------+-----------------+-------+
| Rank@1,mIoU@0.3 | Rank@1,mIoU@0.5 | Rank@5,mIoU@0.3 | Rank@5,mIoU@0.5 | mIoU  |
+-----------------+-----------------+-----------------+-----------------+-------+
|       9.84      |       3.28      |      36.07      |      16.39      | 10.84 |
+-----------------+-----------------+-----------------+-----------------+-------+
+performance on testing set---------+-----------------+-----------------+------+
| Rank@1,mIoU@0.3 | Rank@1,mIoU@0.5 | Rank@5,mIoU@0.3 | Rank@5,mIoU@0.5 | mIoU |
+-----------------+-----------------+-----------------+-----------------+------+
|       0.00      |       0.00      |       0.00      |       0.00      | 0.00 |
+-----------------+-----------------+-----------------+-----------------+------+

2026-04-16 00:54:47,269 
iter: 810 train loss 0.2512 val loss 0.1983 test loss 0.0813
+performance on training set--------+-----------------+-----------------+-------+
| Rank@1,mIoU@0.3 | Rank@1,mIoU@0.5 | Rank@5,mIoU@0.3 | Rank@5,mIoU@0.5 | mIoU  |
+-----------------+-----------------+-----------------+-----------------+-------+
|      23.05      |       8.34      |      55.61      |      28.32      | 18.75 |
+-----------------+-----------------+-----------------+-----------------+-------+
+performance on validation set------+-----------------+-----------------+-------+
| Rank@1,mIoU@0.3 | Rank@1,mIoU@0.5 | Rank@5,mIoU@0.3 | Rank@5,mIoU@0.5 | mIoU  |
+-----------------+-----------------+-----------------+-----------------+-------+
|       9.84      |       3.28      |      42.62      |      24.59      | 11.24 |
+-----------------+-----------------+-----------------+-----------------+-------+
+performance on testing set---------+-----------------+-----------------+------+
| Rank@1,mIoU@0.3 | Rank@1,mIoU@0.5 | Rank@5,mIoU@0.3 | Rank@5,mIoU@0.5 | mIoU |
+-----------------+-----------------+-----------------+-----------------+------+
|       0.00      |       0.00      |       0.00      |       0.00      | 0.00 |
+-----------------+-----------------+-----------------+-----------------+------+

2026-04-16 00:56:51,097 
iter: 855 train loss 0.2621 val loss 0.2006 test loss 0.0875
+performance on training set--------+-----------------+-----------------+-------+
| Rank@1,mIoU@0.3 | Rank@1,mIoU@0.5 | Rank@5,mIoU@0.3 | Rank@5,mIoU@0.5 | mIoU  |
+-----------------+-----------------+-----------------+-----------------+-------+
|      23.26      |       8.34      |      57.25      |      28.11      | 18.75 |
+-----------------+-----------------+-----------------+-----------------+-------+
+performance on validation set------+-----------------+-----------------+-------+
| Rank@1,mIoU@0.3 | Rank@1,mIoU@0.5 | Rank@5,mIoU@0.3 | Rank@5,mIoU@0.5 | mIoU  |
+-----------------+-----------------+-----------------+-----------------+-------+
|       9.84      |       3.28      |      42.62      |      22.95      | 11.14 |
+-----------------+-----------------+-----------------+-----------------+-------+
+performance on testing set---------+-----------------+-----------------+------+
| Rank@1,mIoU@0.3 | Rank@1,mIoU@0.5 | Rank@5,mIoU@0.3 | Rank@5,mIoU@0.5 | mIoU |
+-----------------+-----------------+-----------------+-----------------+------+
|       0.00      |       0.00      |       0.00      |       0.00      | 0.00 |
+-----------------+-----------------+-----------------+-----------------+------+

2026-04-16 00:58:52,595 
iter: 900 train loss 0.2538 val loss 0.1990 test loss 0.0841
+performance on training set--------+-----------------+-----------------+-------+
| Rank@1,mIoU@0.3 | Rank@1,mIoU@0.5 | Rank@5,mIoU@0.3 | Rank@5,mIoU@0.5 | mIoU  |
+-----------------+-----------------+-----------------+-----------------+-------+
|      24.83      |       8.34      |      55.47      |      29.62      | 18.47 |
+-----------------+-----------------+-----------------+-----------------+-------+
+performance on validation set------+-----------------+-----------------+-------+
| Rank@1,mIoU@0.3 | Rank@1,mIoU@0.5 | Rank@5,mIoU@0.3 | Rank@5,mIoU@0.5 | mIoU  |
+-----------------+-----------------+-----------------+-----------------+-------+
|       9.84      |       6.56      |      42.62      |      18.03      | 10.53 |
+-----------------+-----------------+-----------------+-----------------+-------+
+performance on testing set---------+-----------------+-----------------+------+
| Rank@1,mIoU@0.3 | Rank@1,mIoU@0.5 | Rank@5,mIoU@0.3 | Rank@5,mIoU@0.5 | mIoU |
+-----------------+-----------------+-----------------+-----------------+------+
|       0.00      |       0.00      |       0.00      |       0.00      | 0.00 |
+-----------------+-----------------+-----------------+-----------------+------+

2026-04-16 01:00:54,057 
iter: 945 train loss 0.2601 val loss 0.1950 test loss 0.0733
+performance on training set--------+-----------------+-----------------+-------+
| Rank@1,mIoU@0.3 | Rank@1,mIoU@0.5 | Rank@5,mIoU@0.3 | Rank@5,mIoU@0.5 | mIoU  |
+-----------------+-----------------+-----------------+-----------------+-------+
|      24.83      |       8.34      |      54.31      |      29.21      | 18.47 |
+-----------------+-----------------+-----------------+-----------------+-------+
+performance on validation set------+-----------------+-----------------+-------+
| Rank@1,mIoU@0.3 | Rank@1,mIoU@0.5 | Rank@5,mIoU@0.3 | Rank@5,mIoU@0.5 | mIoU  |
+-----------------+-----------------+-----------------+-----------------+-------+
|       9.84      |       6.56      |      42.62      |      18.03      | 10.35 |
+-----------------+-----------------+-----------------+-----------------+-------+
+performance on testing set---------+-----------------+-----------------+------+
| Rank@1,mIoU@0.3 | Rank@1,mIoU@0.5 | Rank@5,mIoU@0.3 | Rank@5,mIoU@0.5 | mIoU |
+-----------------+-----------------+-----------------+-----------------+------+
|       0.00      |       0.00      |       0.00      |       0.00      | 0.00 |
+-----------------+-----------------+-----------------+-----------------+------+

2026-04-16 01:02:56,670 
iter: 990 train loss 0.2573 val loss 0.1958 test loss 0.0761
+performance on training set--------+-----------------+-----------------+-------+
| Rank@1,mIoU@0.3 | Rank@1,mIoU@0.5 | Rank@5,mIoU@0.3 | Rank@5,mIoU@0.5 | mIoU  |
+-----------------+-----------------+-----------------+-----------------+-------+
|      24.83      |       8.34      |      54.31      |      29.21      | 18.47 |
+-----------------+-----------------+-----------------+-----------------+-------+
+performance on validation set------+-----------------+-----------------+-------+
| Rank@1,mIoU@0.3 | Rank@1,mIoU@0.5 | Rank@5,mIoU@0.3 | Rank@5,mIoU@0.5 | mIoU  |
+-----------------+-----------------+-----------------+-----------------+-------+
|      11.48      |       8.20      |      42.62      |      18.03      | 11.28 |
+-----------------+-----------------+-----------------+-----------------+-------+
+performance on testing set---------+-----------------+-----------------+------+
| Rank@1,mIoU@0.3 | Rank@1,mIoU@0.5 | Rank@5,mIoU@0.3 | Rank@5,mIoU@0.5 | mIoU |
+-----------------+-----------------+-----------------+-----------------+------+
|       0.00      |       0.00      |       0.00      |       0.00      | 0.00 |
+-----------------+-----------------+-----------------+-----------------+------+

2026-04-16 01:04:57,648 
iter: 1035 train loss 0.2558 val loss 0.1971 test loss 0.0802
+performance on training set--------+-----------------+-----------------+-------+
| Rank@1,mIoU@0.3 | Rank@1,mIoU@0.5 | Rank@5,mIoU@0.3 | Rank@5,mIoU@0.5 | mIoU  |
+-----------------+-----------------+-----------------+-----------------+-------+
|      25.85      |       7.39      |      51.57      |      21.75      | 17.98 |
+-----------------+-----------------+-----------------+-----------------+-------+
+performance on validation set------+-----------------+-----------------+-------+
| Rank@1,mIoU@0.3 | Rank@1,mIoU@0.5 | Rank@5,mIoU@0.3 | Rank@5,mIoU@0.5 | mIoU  |
+-----------------+-----------------+-----------------+-----------------+-------+
|      11.48      |       8.20      |      40.98      |      18.03      | 11.72 |
+-----------------+-----------------+-----------------+-----------------+-------+
+performance on testing set---------+-----------------+-----------------+------+
| Rank@1,mIoU@0.3 | Rank@1,mIoU@0.5 | Rank@5,mIoU@0.3 | Rank@5,mIoU@0.5 | mIoU |
+-----------------+-----------------+-----------------+-----------------+------+
|       0.00      |       0.00      |       0.00      |       0.00      | 0.00 |
+-----------------+-----------------+-----------------+-----------------+------+

2026-04-16 01:06:58,808 
iter: 1080 train loss 0.2601 val loss 0.1976 test loss 0.0817
+performance on training set--------+-----------------+-----------------+-------+
| Rank@1,mIoU@0.3 | Rank@1,mIoU@0.5 | Rank@5,mIoU@0.3 | Rank@5,mIoU@0.5 | mIoU  |
+-----------------+-----------------+-----------------+-----------------+-------+
|      25.85      |       7.39      |      51.57      |      21.75      | 17.98 |
+-----------------+-----------------+-----------------+-----------------+-------+
+performance on validation set------+-----------------+-----------------+-------+
| Rank@1,mIoU@0.3 | Rank@1,mIoU@0.5 | Rank@5,mIoU@0.3 | Rank@5,mIoU@0.5 | mIoU  |
+-----------------+-----------------+-----------------+-----------------+-------+
|      14.75      |       9.84      |      39.34      |      18.03      | 13.77 |
+-----------------+-----------------+-----------------+-----------------+-------+
+performance on testing set---------+-----------------+-----------------+------+
| Rank@1,mIoU@0.3 | Rank@1,mIoU@0.5 | Rank@5,mIoU@0.3 | Rank@5,mIoU@0.5 | mIoU |
+-----------------+-----------------+-----------------+-----------------+------+
|       0.00      |       0.00      |       0.00      |       0.00      | 0.00 |
+-----------------+-----------------+-----------------+-----------------+------+

2026-04-16 01:08:58,856 
iter: 1125 train loss 0.2497 val loss 0.1948 test loss 0.0735
+performance on training set--------+-----------------+-----------------+-------+
| Rank@1,mIoU@0.3 | Rank@1,mIoU@0.5 | Rank@5,mIoU@0.3 | Rank@5,mIoU@0.5 | mIoU  |
+-----------------+-----------------+-----------------+-----------------+-------+
|      25.85      |       7.39      |      53.15      |      29.07      | 17.98 |
+-----------------+-----------------+-----------------+-----------------+-------+
+performance on validation set------+-----------------+-----------------+-------+
| Rank@1,mIoU@0.3 | Rank@1,mIoU@0.5 | Rank@5,mIoU@0.3 | Rank@5,mIoU@0.5 | mIoU  |
+-----------------+-----------------+-----------------+-----------------+-------+
|      11.48      |       8.20      |      42.62      |      19.67      | 12.15 |
+-----------------+-----------------+-----------------+-----------------+-------+
+performance on testing set---------+-----------------+-----------------+------+
| Rank@1,mIoU@0.3 | Rank@1,mIoU@0.5 | Rank@5,mIoU@0.3 | Rank@5,mIoU@0.5 | mIoU |
+-----------------+-----------------+-----------------+-----------------+------+
|       0.00      |       0.00      |       0.00      |       0.00      | 0.00 |
+-----------------+-----------------+-----------------+-----------------+------+

2026-04-16 01:11:00,093 
iter: 1170 train loss 0.2632 val loss 0.1984 test loss 0.0841
+performance on training set--------+-----------------+-----------------+-------+
| Rank@1,mIoU@0.3 | Rank@1,mIoU@0.5 | Rank@5,mIoU@0.3 | Rank@5,mIoU@0.5 | mIoU  |
+-----------------+-----------------+-----------------+-----------------+-------+
|      25.85      |       7.39      |      54.99      |      26.54      | 17.98 |
+-----------------+-----------------+-----------------+-----------------+-------+
+performance on validation set------+-----------------+-----------------+-------+
| Rank@1,mIoU@0.3 | Rank@1,mIoU@0.5 | Rank@5,mIoU@0.3 | Rank@5,mIoU@0.5 | mIoU  |
+-----------------+-----------------+-----------------+-----------------+-------+
|      13.11      |       8.20      |      40.98      |      19.67      | 12.57 |
+-----------------+-----------------+-----------------+-----------------+-------+
+performance on testing set---------+-----------------+-----------------+------+
| Rank@1,mIoU@0.3 | Rank@1,mIoU@0.5 | Rank@5,mIoU@0.3 | Rank@5,mIoU@0.5 | mIoU |
+-----------------+-----------------+-----------------+-----------------+------+
|       0.00      |       0.00      |       0.00      |       0.00      | 0.00 |
+-----------------+-----------------+-----------------+-----------------+------+

2026-04-16 01:13:01,012 
iter: 1215 train loss 0.2533 val loss 0.1979 test loss 0.0828
+performance on training set--------+-----------------+-----------------+-------+
| Rank@1,mIoU@0.3 | Rank@1,mIoU@0.5 | Rank@5,mIoU@0.3 | Rank@5,mIoU@0.5 | mIoU  |
+-----------------+-----------------+-----------------+-----------------+-------+
|      26.40      |       7.59      |      48.70      |      22.16      | 17.70 |
+-----------------+-----------------+-----------------+-----------------+-------+
+performance on validation set------+-----------------+-----------------+-------+
| Rank@1,mIoU@0.3 | Rank@1,mIoU@0.5 | Rank@5,mIoU@0.3 | Rank@5,mIoU@0.5 | mIoU  |
+-----------------+-----------------+-----------------+-----------------+-------+
|      13.11      |       8.20      |      40.98      |      18.03      | 12.61 |
+-----------------+-----------------+-----------------+-----------------+-------+
+performance on testing set---------+-----------------+-----------------+------+
| Rank@1,mIoU@0.3 | Rank@1,mIoU@0.5 | Rank@5,mIoU@0.3 | Rank@5,mIoU@0.5 | mIoU |
+-----------------+-----------------+-----------------+-----------------+------+
|       0.00      |       0.00      |       0.00      |       0.00      | 0.00 |
+-----------------+-----------------+-----------------+-----------------+------+

2026-04-16 01:15:02,561 
iter: 1260 train loss 0.2579 val loss 0.1947 test loss 0.0736
+performance on training set--------+-----------------+-----------------+-------+
| Rank@1,mIoU@0.3 | Rank@1,mIoU@0.5 | Rank@5,mIoU@0.3 | Rank@5,mIoU@0.5 | mIoU  |
+-----------------+-----------------+-----------------+-----------------+-------+
|      26.33      |       7.32      |      49.18      |      21.34      | 17.63 |
+-----------------+-----------------+-----------------+-----------------+-------+
+performance on validation set------+-----------------+-----------------+-------+
| Rank@1,mIoU@0.3 | Rank@1,mIoU@0.5 | Rank@5,mIoU@0.3 | Rank@5,mIoU@0.5 | mIoU  |
+-----------------+-----------------+-----------------+-----------------+-------+
|      13.11      |       8.20      |      40.98      |      18.03      | 12.70 |
+-----------------+-----------------+-----------------+-----------------+-------+
+performance on testing set---------+-----------------+-----------------+------+
| Rank@1,mIoU@0.3 | Rank@1,mIoU@0.5 | Rank@5,mIoU@0.3 | Rank@5,mIoU@0.5 | mIoU |
+-----------------+-----------------+-----------------+-----------------+------+
|       0.00      |       0.00      |       0.00      |       0.00      | 0.00 |
+-----------------+-----------------+-----------------+-----------------+------+

2026-04-16 01:17:04,728 
iter: 1305 train loss 0.2554 val loss 0.1976 test loss 0.0821
+performance on training set--------+-----------------+-----------------+-------+
| Rank@1,mIoU@0.3 | Rank@1,mIoU@0.5 | Rank@5,mIoU@0.3 | Rank@5,mIoU@0.5 | mIoU  |
+-----------------+-----------------+-----------------+-----------------+-------+
|      26.33      |       7.32      |      49.52      |      21.41      | 17.63 |
+-----------------+-----------------+-----------------+-----------------+-------+
+performance on validation set------+-----------------+-----------------+-------+
| Rank@1,mIoU@0.3 | Rank@1,mIoU@0.5 | Rank@5,mIoU@0.3 | Rank@5,mIoU@0.5 | mIoU  |
+-----------------+-----------------+-----------------+-----------------+-------+
|      13.11      |       8.20      |      42.62      |      19.67      | 12.40 |
+-----------------+-----------------+-----------------+-----------------+-------+
+performance on testing set---------+-----------------+-----------------+------+
| Rank@1,mIoU@0.3 | Rank@1,mIoU@0.5 | Rank@5,mIoU@0.3 | Rank@5,mIoU@0.5 | mIoU |
+-----------------+-----------------+-----------------+-----------------+------+
|       0.00      |       0.00      |       0.00      |       0.00      | 0.00 |
+-----------------+-----------------+-----------------+-----------------+------+

2026-04-16 01:19:08,110 
iter: 1350 train loss 0.2598 val loss 0.1977 test loss 0.0822
+performance on training set--------+-----------------+-----------------+-------+
| Rank@1,mIoU@0.3 | Rank@1,mIoU@0.5 | Rank@5,mIoU@0.3 | Rank@5,mIoU@0.5 | mIoU  |
+-----------------+-----------------+-----------------+-----------------+-------+
|      26.33      |       7.32      |      55.75      |      26.13      | 17.63 |
+-----------------+-----------------+-----------------+-----------------+-------+
+performance on validation set------+-----------------+-----------------+-------+
| Rank@1,mIoU@0.3 | Rank@1,mIoU@0.5 | Rank@5,mIoU@0.3 | Rank@5,mIoU@0.5 | mIoU  |
+-----------------+-----------------+-----------------+-----------------+-------+
|      13.11      |       8.20      |      45.90      |      19.67      | 12.40 |
+-----------------+-----------------+-----------------+-----------------+-------+
+performance on testing set---------+-----------------+-----------------+------+
| Rank@1,mIoU@0.3 | Rank@1,mIoU@0.5 | Rank@5,mIoU@0.3 | Rank@5,mIoU@0.5 | mIoU |
+-----------------+-----------------+-----------------+-----------------+------+
|       0.00      |       0.00      |       0.00      |       0.00      | 0.00 |
+-----------------+-----------------+-----------------+-----------------+------+

2026-04-16 01:21:11,268 
iter: 1395 train loss 0.2534 val loss 0.2004 test loss 0.0887
+performance on training set--------+-----------------+-----------------+-------+
| Rank@1,mIoU@0.3 | Rank@1,mIoU@0.5 | Rank@5,mIoU@0.3 | Rank@5,mIoU@0.5 | mIoU  |
+-----------------+-----------------+-----------------+-----------------+-------+
|      26.54      |       7.46      |      56.84      |      25.17      | 17.65 |
+-----------------+-----------------+-----------------+-----------------+-------+
+performance on validation set------+-----------------+-----------------+-------+
| Rank@1,mIoU@0.3 | Rank@1,mIoU@0.5 | Rank@5,mIoU@0.3 | Rank@5,mIoU@0.5 | mIoU  |
+-----------------+-----------------+-----------------+-----------------+-------+
|      13.11      |       8.20      |      49.18      |      21.31      | 12.32 |
+-----------------+-----------------+-----------------+-----------------+-------+
+performance on testing set---------+-----------------+-----------------+------+
| Rank@1,mIoU@0.3 | Rank@1,mIoU@0.5 | Rank@5,mIoU@0.3 | Rank@5,mIoU@0.5 | mIoU |
+-----------------+-----------------+-----------------+-----------------+------+
|       0.00      |       0.00      |       0.00      |       0.00      | 0.00 |
+-----------------+-----------------+-----------------+-----------------+------+

2026-04-16 01:23:13,849 
iter: 1440 train loss 0.2559 val loss 0.1976 test loss 0.0820
+performance on training set--------+-----------------+-----------------+-------+
| Rank@1,mIoU@0.3 | Rank@1,mIoU@0.5 | Rank@5,mIoU@0.3 | Rank@5,mIoU@0.5 | mIoU  |
+-----------------+-----------------+-----------------+-----------------+-------+
|      26.61      |       7.46      |      56.91      |      25.65      | 17.66 |
+-----------------+-----------------+-----------------+-----------------+-------+
+performance on validation set------+-----------------+-----------------+-------+
| Rank@1,mIoU@0.3 | Rank@1,mIoU@0.5 | Rank@5,mIoU@0.3 | Rank@5,mIoU@0.5 | mIoU  |
+-----------------+-----------------+-----------------+-----------------+-------+
|      14.75      |       8.20      |      49.18      |      21.31      | 12.63 |
+-----------------+-----------------+-----------------+-----------------+-------+
+performance on testing set---------+-----------------+-----------------+------+
| Rank@1,mIoU@0.3 | Rank@1,mIoU@0.5 | Rank@5,mIoU@0.3 | Rank@5,mIoU@0.5 | mIoU |
+-----------------+-----------------+-----------------+-----------------+------+
|       0.00      |       0.00      |       0.00      |       0.00      | 0.00 |
+-----------------+-----------------+-----------------+-----------------+------+

2026-04-16 01:25:13,799 
iter: 1485 train loss 0.2567 val loss 0.1974 test loss 0.0814
+performance on training set--------+-----------------+-----------------+-------+
| Rank@1,mIoU@0.3 | Rank@1,mIoU@0.5 | Rank@5,mIoU@0.3 | Rank@5,mIoU@0.5 | mIoU  |
+-----------------+-----------------+-----------------+-----------------+-------+
|      26.81      |       7.59      |      56.43      |      24.62      | 17.51 |
+-----------------+-----------------+-----------------+-----------------+-------+
+performance on validation set------+-----------------+-----------------+-------+
| Rank@1,mIoU@0.3 | Rank@1,mIoU@0.5 | Rank@5,mIoU@0.3 | Rank@5,mIoU@0.5 | mIoU  |
+-----------------+-----------------+-----------------+-----------------+-------+
|      14.75      |       8.20      |      50.82      |      21.31      | 12.30 |
+-----------------+-----------------+-----------------+-----------------+-------+
+performance on testing set---------+-----------------+-----------------+------+
| Rank@1,mIoU@0.3 | Rank@1,mIoU@0.5 | Rank@5,mIoU@0.3 | Rank@5,mIoU@0.5 | mIoU |
+-----------------+-----------------+-----------------+-----------------+------+
|       0.00      |       0.00      |       0.00      |       0.00      | 0.00 |
+-----------------+-----------------+-----------------+-----------------+------+

2026-04-16 01:27:25,044 
iter: 1530 train loss 0.2576 val loss 0.2010 test loss 0.0895
+performance on training set--------+-----------------+-----------------+-------+
| Rank@1,mIoU@0.3 | Rank@1,mIoU@0.5 | Rank@5,mIoU@0.3 | Rank@5,mIoU@0.5 | mIoU  |
+-----------------+-----------------+-----------------+-----------------+-------+
|      26.74      |       7.93      |      57.11      |      24.76      | 17.71 |
+-----------------+-----------------+-----------------+-----------------+-------+
+performance on validation set------+-----------------+-----------------+-------+
| Rank@1,mIoU@0.3 | Rank@1,mIoU@0.5 | Rank@5,mIoU@0.3 | Rank@5,mIoU@0.5 | mIoU  |
+-----------------+-----------------+-----------------+-----------------+-------+
|      16.39      |       6.56      |      47.54      |      19.67      | 12.65 |
+-----------------+-----------------+-----------------+-----------------+-------+
+performance on testing set---------+-----------------+-----------------+------+
| Rank@1,mIoU@0.3 | Rank@1,mIoU@0.5 | Rank@5,mIoU@0.3 | Rank@5,mIoU@0.5 | mIoU |
+-----------------+-----------------+-----------------+-----------------+------+
|       0.00      |       0.00      |       0.00      |       0.00      | 0.00 |
+-----------------+-----------------+-----------------+-----------------+------+

2026-04-16 01:29:39,425 
iter: 1575 train loss 0.2526 val loss 0.1963 test loss 0.0777
+performance on training set--------+-----------------+-----------------+-------+
| Rank@1,mIoU@0.3 | Rank@1,mIoU@0.5 | Rank@5,mIoU@0.3 | Rank@5,mIoU@0.5 | mIoU  |
+-----------------+-----------------+-----------------+-----------------+-------+
|      27.09      |       7.87      |      56.98      |      25.24      | 17.70 |
+-----------------+-----------------+-----------------+-----------------+-------+
+performance on validation set------+-----------------+-----------------+-------+
| Rank@1,mIoU@0.3 | Rank@1,mIoU@0.5 | Rank@5,mIoU@0.3 | Rank@5,mIoU@0.5 | mIoU  |
+-----------------+-----------------+-----------------+-----------------+-------+
|      14.75      |       6.56      |      45.90      |      21.31      | 12.53 |
+-----------------+-----------------+-----------------+-----------------+-------+
+performance on testing set---------+-----------------+-----------------+------+
| Rank@1,mIoU@0.3 | Rank@1,mIoU@0.5 | Rank@5,mIoU@0.3 | Rank@5,mIoU@0.5 | mIoU |
+-----------------+-----------------+-----------------+-----------------+------+
|       0.00      |       0.00      |       0.00      |       0.00      | 0.00 |
+-----------------+-----------------+-----------------+-----------------+------+

2026-04-16 01:31:45,912 
iter: 1620 train loss 0.2542 val loss 0.1973 test loss 0.0796
+performance on training set--------+-----------------+-----------------+-------+
| Rank@1,mIoU@0.3 | Rank@1,mIoU@0.5 | Rank@5,mIoU@0.3 | Rank@5,mIoU@0.5 | mIoU  |
+-----------------+-----------------+-----------------+-----------------+-------+
|      28.18      |       8.62      |      57.05      |      25.51      | 18.22 |
+-----------------+-----------------+-----------------+-----------------+-------+
+performance on validation set------+-----------------+-----------------+-------+
| Rank@1,mIoU@0.3 | Rank@1,mIoU@0.5 | Rank@5,mIoU@0.3 | Rank@5,mIoU@0.5 | mIoU  |
+-----------------+-----------------+-----------------+-----------------+-------+
|      13.11      |       6.56      |      45.90      |      21.31      | 11.70 |
+-----------------+-----------------+-----------------+-----------------+-------+
+performance on testing set---------+-----------------+-----------------+------+
| Rank@1,mIoU@0.3 | Rank@1,mIoU@0.5 | Rank@5,mIoU@0.3 | Rank@5,mIoU@0.5 | mIoU |
+-----------------+-----------------+-----------------+-----------------+------+
|       0.00      |       0.00      |       0.00      |       0.00      | 0.00 |
+-----------------+-----------------+-----------------+-----------------+------+

2026-04-16 01:33:47,666 
iter: 1665 train loss 0.2542 val loss 0.1965 test loss 0.0761
+performance on training set--------+-----------------+-----------------+-------+
| Rank@1,mIoU@0.3 | Rank@1,mIoU@0.5 | Rank@5,mIoU@0.3 | Rank@5,mIoU@0.5 | mIoU  |
+-----------------+-----------------+-----------------+-----------------+-------+
|      28.93      |       9.23      |      57.46      |      25.38      | 18.66 |
+-----------------+-----------------+-----------------+-----------------+-------+
+performance on validation set------+-----------------+-----------------+-------+
| Rank@1,mIoU@0.3 | Rank@1,mIoU@0.5 | Rank@5,mIoU@0.3 | Rank@5,mIoU@0.5 | mIoU  |
+-----------------+-----------------+-----------------+-----------------+-------+
|      13.11      |       6.56      |      42.62      |      19.67      | 11.10 |
+-----------------+-----------------+-----------------+-----------------+-------+
+performance on testing set---------+-----------------+-----------------+------+
| Rank@1,mIoU@0.3 | Rank@1,mIoU@0.5 | Rank@5,mIoU@0.3 | Rank@5,mIoU@0.5 | mIoU |
+-----------------+-----------------+-----------------+-----------------+------+
|       0.00      |       0.00      |       0.00      |       0.00      | 0.00 |
+-----------------+-----------------+-----------------+-----------------+------+

2026-04-16 01:35:50,325 
iter: 1710 train loss 0.2591 val loss 0.2032 test loss 0.0900
+performance on training set--------+-----------------+-----------------+-------+
| Rank@1,mIoU@0.3 | Rank@1,mIoU@0.5 | Rank@5,mIoU@0.3 | Rank@5,mIoU@0.5 | mIoU  |
+-----------------+-----------------+-----------------+-----------------+-------+
|      31.26      |      11.08      |      57.32      |      27.02      | 20.07 |
+-----------------+-----------------+-----------------+-----------------+-------+
+performance on validation set------+-----------------+-----------------+-------+
| Rank@1,mIoU@0.3 | Rank@1,mIoU@0.5 | Rank@5,mIoU@0.3 | Rank@5,mIoU@0.5 | mIoU  |
+-----------------+-----------------+-----------------+-----------------+-------+
|      14.75      |       6.56      |      44.26      |      21.31      | 11.94 |
+-----------------+-----------------+-----------------+-----------------+-------+
+performance on testing set---------+-----------------+-----------------+------+
| Rank@1,mIoU@0.3 | Rank@1,mIoU@0.5 | Rank@5,mIoU@0.3 | Rank@5,mIoU@0.5 | mIoU |
+-----------------+-----------------+-----------------+-----------------+------+
|       0.00      |       0.00      |       0.00      |       0.00      | 0.00 |
+-----------------+-----------------+-----------------+-----------------+------+

2026-04-16 01:37:51,877 
iter: 1755 train loss 0.2511 val loss 0.2013 test loss 0.0828
+performance on training set--------+-----------------+-----------------+-------+
| Rank@1,mIoU@0.3 | Rank@1,mIoU@0.5 | Rank@5,mIoU@0.3 | Rank@5,mIoU@0.5 | mIoU  |
+-----------------+-----------------+-----------------+-----------------+-------+
|      33.17      |      12.38      |      57.59      |      28.32      | 20.91 |
+-----------------+-----------------+-----------------+-----------------+-------+
+performance on validation set------+-----------------+-----------------+-------+
| Rank@1,mIoU@0.3 | Rank@1,mIoU@0.5 | Rank@5,mIoU@0.3 | Rank@5,mIoU@0.5 | mIoU  |
+-----------------+-----------------+-----------------+-----------------+-------+
|      11.48      |       4.92      |      37.70      |      21.31      | 10.27 |
+-----------------+-----------------+-----------------+-----------------+-------+
+performance on testing set---------+-----------------+-----------------+------+
| Rank@1,mIoU@0.3 | Rank@1,mIoU@0.5 | Rank@5,mIoU@0.3 | Rank@5,mIoU@0.5 | mIoU |
+-----------------+-----------------+-----------------+-----------------+------+
|       0.00      |       0.00      |       0.00      |       0.00      | 0.00 |
+-----------------+-----------------+-----------------+-----------------+------+

2026-04-16 01:39:51,934 
iter: 1800 train loss 0.2523 val loss 0.2051 test loss 0.0891
+performance on training set--------+-----------------+-----------------+-------+
| Rank@1,mIoU@0.3 | Rank@1,mIoU@0.5 | Rank@5,mIoU@0.3 | Rank@5,mIoU@0.5 | mIoU  |
+-----------------+-----------------+-----------------+-----------------+-------+
|      34.13      |      13.61      |      57.59      |      29.07      | 21.62 |
+-----------------+-----------------+-----------------+-----------------+-------+
+performance on validation set------+-----------------+-----------------+------+
| Rank@1,mIoU@0.3 | Rank@1,mIoU@0.5 | Rank@5,mIoU@0.3 | Rank@5,mIoU@0.5 | mIoU |
+-----------------+-----------------+-----------------+-----------------+------+
|      11.48      |       4.92      |      36.07      |      14.75      | 9.18 |
+-----------------+-----------------+-----------------+-----------------+------+
+performance on testing set---------+-----------------+-----------------+------+
| Rank@1,mIoU@0.3 | Rank@1,mIoU@0.5 | Rank@5,mIoU@0.3 | Rank@5,mIoU@0.5 | mIoU |
+-----------------+-----------------+-----------------+-----------------+------+
|       0.00      |       0.00      |       0.00      |       0.00      | 0.00 |
+-----------------+-----------------+-----------------+-----------------+------+

2026-04-16 01:41:38,476 
iter: 1845 train loss 0.2530 val loss 0.2093 test loss 0.0941
+performance on training set--------+-----------------+-----------------+-------+
| Rank@1,mIoU@0.3 | Rank@1,mIoU@0.5 | Rank@5,mIoU@0.3 | Rank@5,mIoU@0.5 | mIoU  |
+-----------------+-----------------+-----------------+-----------------+-------+
|      36.59      |      15.80      |      58.96      |      31.12      | 22.80 |
+-----------------+-----------------+-----------------+-----------------+-------+
+performance on validation set------+-----------------+-----------------+-------+
| Rank@1,mIoU@0.3 | Rank@1,mIoU@0.5 | Rank@5,mIoU@0.3 | Rank@5,mIoU@0.5 | mIoU  |
+-----------------+-----------------+-----------------+-----------------+-------+
|      14.75      |       6.56      |      36.07      |      18.03      | 11.14 |
+-----------------+-----------------+-----------------+-----------------+-------+
+performance on testing set---------+-----------------+-----------------+------+
| Rank@1,mIoU@0.3 | Rank@1,mIoU@0.5 | Rank@5,mIoU@0.3 | Rank@5,mIoU@0.5 | mIoU |
+-----------------+-----------------+-----------------+-----------------+------+
|       0.00      |       0.00      |       0.00      |       0.00      | 0.00 |
+-----------------+-----------------+-----------------+-----------------+------+

2026-04-16 01:43:04,995 
iter: 1890 train loss 0.2475 val loss 0.2023 test loss 0.0792
+performance on training set--------+-----------------+-----------------+-------+
| Rank@1,mIoU@0.3 | Rank@1,mIoU@0.5 | Rank@5,mIoU@0.3 | Rank@5,mIoU@0.5 | mIoU  |
+-----------------+-----------------+-----------------+-----------------+-------+
|      37.07      |      16.21      |      59.30      |      30.98      | 22.88 |
+-----------------+-----------------+-----------------+-----------------+-------+
+performance on validation set------+-----------------+-----------------+------+
| Rank@1,mIoU@0.3 | Rank@1,mIoU@0.5 | Rank@5,mIoU@0.3 | Rank@5,mIoU@0.5 | mIoU |
+-----------------+-----------------+-----------------+-----------------+------+
|       9.84      |       6.56      |      34.43      |      14.75      | 8.71 |
+-----------------+-----------------+-----------------+-----------------+------+
+performance on testing set---------+-----------------+-----------------+------+
| Rank@1,mIoU@0.3 | Rank@1,mIoU@0.5 | Rank@5,mIoU@0.3 | Rank@5,mIoU@0.5 | mIoU |
+-----------------+-----------------+-----------------+-----------------+------+
|       0.00      |       0.00      |       0.00      |       0.00      | 0.00 |
+-----------------+-----------------+-----------------+-----------------+------+

2026-04-16 01:44:31,977 
iter: 1935 train loss 0.2493 val loss 0.2088 test loss 0.0888
+performance on training set--------+-----------------+-----------------+-------+
| Rank@1,mIoU@0.3 | Rank@1,mIoU@0.5 | Rank@5,mIoU@0.3 | Rank@5,mIoU@0.5 | mIoU  |
+-----------------+-----------------+-----------------+-----------------+-------+
|      38.51      |      16.48      |      59.10      |      32.22      | 23.59 |
+-----------------+-----------------+-----------------+-----------------+-------+
+performance on validation set------+-----------------+-----------------+------+
| Rank@1,mIoU@0.3 | Rank@1,mIoU@0.5 | Rank@5,mIoU@0.3 | Rank@5,mIoU@0.5 | mIoU |
+-----------------+-----------------+-----------------+-----------------+------+
|       6.56      |       4.92      |      37.70      |      21.31      | 7.86 |
+-----------------+-----------------+-----------------+-----------------+------+
+performance on testing set---------+-----------------+-----------------+------+
| Rank@1,mIoU@0.3 | Rank@1,mIoU@0.5 | Rank@5,mIoU@0.3 | Rank@5,mIoU@0.5 | mIoU |
+-----------------+-----------------+-----------------+-----------------+------+
|       0.00      |       0.00      |       0.00      |       0.00      | 0.00 |
+-----------------+-----------------+-----------------+-----------------+------+

2026-04-16 01:46:00,464 
iter: 1980 train loss 0.2487 val loss 0.2181 test loss 0.1069
+performance on training set--------+-----------------+-----------------+-------+
| Rank@1,mIoU@0.3 | Rank@1,mIoU@0.5 | Rank@5,mIoU@0.3 | Rank@5,mIoU@0.5 | mIoU  |
+-----------------+-----------------+-----------------+-----------------+-------+
|      38.71      |      16.76      |      59.58      |      33.65      | 24.09 |
+-----------------+-----------------+-----------------+-----------------+-------+
+performance on validation set------+-----------------+-----------------+------+
| Rank@1,mIoU@0.3 | Rank@1,mIoU@0.5 | Rank@5,mIoU@0.3 | Rank@5,mIoU@0.5 | mIoU |
+-----------------+-----------------+-----------------+-----------------+------+
|       8.20      |       6.56      |      37.70      |      22.95      | 8.77 |
+-----------------+-----------------+-----------------+-----------------+------+
+performance on testing set---------+-----------------+-----------------+------+
| Rank@1,mIoU@0.3 | Rank@1,mIoU@0.5 | Rank@5,mIoU@0.3 | Rank@5,mIoU@0.5 | mIoU |
+-----------------+-----------------+-----------------+-----------------+------+
|       0.00      |       0.00      |       0.00      |       0.00      | 0.00 |
+-----------------+-----------------+-----------------+-----------------+------+

2026-04-16 01:47:30,732 
iter: 2025 train loss 0.2455 val loss 0.2188 test loss 0.1020
+performance on training set--------+-----------------+-----------------+-------+
| Rank@1,mIoU@0.3 | Rank@1,mIoU@0.5 | Rank@5,mIoU@0.3 | Rank@5,mIoU@0.5 | mIoU  |
+-----------------+-----------------+-----------------+-----------------+-------+
|      39.33      |      19.15      |      60.60      |      36.87      | 24.15 |
+-----------------+-----------------+-----------------+-----------------+-------+
+performance on validation set------+-----------------+-----------------+------+
| Rank@1,mIoU@0.3 | Rank@1,mIoU@0.5 | Rank@5,mIoU@0.3 | Rank@5,mIoU@0.5 | mIoU |
+-----------------+-----------------+-----------------+-----------------+------+
|       9.84      |       6.56      |      34.43      |      21.31      | 8.37 |
+-----------------+-----------------+-----------------+-----------------+------+
+performance on testing set---------+-----------------+-----------------+------+
| Rank@1,mIoU@0.3 | Rank@1,mIoU@0.5 | Rank@5,mIoU@0.3 | Rank@5,mIoU@0.5 | mIoU |
+-----------------+-----------------+-----------------+-----------------+------+
|       0.00      |       0.00      |       0.00      |       0.00      | 0.00 |
+-----------------+-----------------+-----------------+-----------------+------+

2026-04-16 01:49:31,341 
iter: 2070 train loss 0.2445 val loss 0.2087 test loss 0.0782
+performance on training set--------+-----------------+-----------------+-------+
| Rank@1,mIoU@0.3 | Rank@1,mIoU@0.5 | Rank@5,mIoU@0.3 | Rank@5,mIoU@0.5 | mIoU  |
+-----------------+-----------------+-----------------+-----------------+-------+
|      40.08      |      19.84      |      61.08      |      36.80      | 24.68 |
+-----------------+-----------------+-----------------+-----------------+-------+
+performance on validation set------+-----------------+-----------------+------+
| Rank@1,mIoU@0.3 | Rank@1,mIoU@0.5 | Rank@5,mIoU@0.3 | Rank@5,mIoU@0.5 | mIoU |
+-----------------+-----------------+-----------------+-----------------+------+
|       8.20      |       4.92      |      31.15      |      18.03      | 6.79 |
+-----------------+-----------------+-----------------+-----------------+------+
+performance on testing set---------+-----------------+-----------------+------+
| Rank@1,mIoU@0.3 | Rank@1,mIoU@0.5 | Rank@5,mIoU@0.3 | Rank@5,mIoU@0.5 | mIoU |
+-----------------+-----------------+-----------------+-----------------+------+
|       0.00      |       0.00      |       0.00      |       0.00      | 0.00 |
+-----------------+-----------------+-----------------+-----------------+------+

2026-04-16 01:51:29,531 
iter: 2115 train loss 0.2440 val loss 0.2142 test loss 0.0878
+performance on training set--------+-----------------+-----------------+-------+
| Rank@1,mIoU@0.3 | Rank@1,mIoU@0.5 | Rank@5,mIoU@0.3 | Rank@5,mIoU@0.5 | mIoU  |
+-----------------+-----------------+-----------------+-----------------+-------+
|      40.83      |      18.33      |      61.22      |      37.76      | 24.95 |
+-----------------+-----------------+-----------------+-----------------+-------+
+performance on validation set------+-----------------+-----------------+------+
| Rank@1,mIoU@0.3 | Rank@1,mIoU@0.5 | Rank@5,mIoU@0.3 | Rank@5,mIoU@0.5 | mIoU |
+-----------------+-----------------+-----------------+-----------------+------+
|       9.84      |       6.56      |      31.15      |      19.67      | 8.95 |
+-----------------+-----------------+-----------------+-----------------+------+
+performance on testing set---------+-----------------+-----------------+------+
| Rank@1,mIoU@0.3 | Rank@1,mIoU@0.5 | Rank@5,mIoU@0.3 | Rank@5,mIoU@0.5 | mIoU |
+-----------------+-----------------+-----------------+-----------------+------+
|       0.00      |       0.00      |       0.00      |       0.00      | 0.00 |
+-----------------+-----------------+-----------------+-----------------+------+

2026-04-16 01:53:29,255 
iter: 2160 train loss 0.2437 val loss 0.1995 test loss 0.0625
+performance on training set--------+-----------------+-----------------+-------+
| Rank@1,mIoU@0.3 | Rank@1,mIoU@0.5 | Rank@5,mIoU@0.3 | Rank@5,mIoU@0.5 | mIoU  |
+-----------------+-----------------+-----------------+-----------------+-------+
|      40.36      |      20.18      |      62.52      |      35.84      | 24.66 |
+-----------------+-----------------+-----------------+-----------------+-------+
+performance on validation set------+-----------------+-----------------+------+
| Rank@1,mIoU@0.3 | Rank@1,mIoU@0.5 | Rank@5,mIoU@0.3 | Rank@5,mIoU@0.5 | mIoU |
+-----------------+-----------------+-----------------+-----------------+------+
|      13.11      |       4.92      |      36.07      |      19.67      | 7.51 |
+-----------------+-----------------+-----------------+-----------------+------+
+performance on testing set---------+-----------------+-----------------+------+
| Rank@1,mIoU@0.3 | Rank@1,mIoU@0.5 | Rank@5,mIoU@0.3 | Rank@5,mIoU@0.5 | mIoU |
+-----------------+-----------------+-----------------+-----------------+------+
|       0.00      |       0.00      |       0.00      |       0.00      | 0.00 |
+-----------------+-----------------+-----------------+-----------------+------+

2026-04-16 01:55:32,265 
iter: 2205 train loss 0.2417 val loss 0.2051 test loss 0.0671
+performance on training set--------+-----------------+-----------------+-------+
| Rank@1,mIoU@0.3 | Rank@1,mIoU@0.5 | Rank@5,mIoU@0.3 | Rank@5,mIoU@0.5 | mIoU  |
+-----------------+-----------------+-----------------+-----------------+-------+
|      42.20      |      20.31      |      63.00      |      38.92      | 25.69 |
+-----------------+-----------------+-----------------+-----------------+-------+
+performance on validation set------+-----------------+-----------------+------+
| Rank@1,mIoU@0.3 | Rank@1,mIoU@0.5 | Rank@5,mIoU@0.3 | Rank@5,mIoU@0.5 | mIoU |
+-----------------+-----------------+-----------------+-----------------+------+
|       9.84      |       4.92      |      31.15      |      18.03      | 7.15 |
+-----------------+-----------------+-----------------+-----------------+------+
+performance on testing set---------+-----------------+-----------------+------+
| Rank@1,mIoU@0.3 | Rank@1,mIoU@0.5 | Rank@5,mIoU@0.3 | Rank@5,mIoU@0.5 | mIoU |
+-----------------+-----------------+-----------------+-----------------+------+
|       0.00      |       0.00      |       0.00      |       0.00      | 0.00 |
+-----------------+-----------------+-----------------+-----------------+------+

2026-04-16 01:57:36,470 
iter: 2250 train loss 0.2421 val loss 0.2215 test loss 0.1023
+performance on training set--------+-----------------+-----------------+-------+
| Rank@1,mIoU@0.3 | Rank@1,mIoU@0.5 | Rank@5,mIoU@0.3 | Rank@5,mIoU@0.5 | mIoU  |
+-----------------+-----------------+-----------------+-----------------+-------+
|      41.59      |      20.25      |      62.45      |      39.81      | 25.66 |
+-----------------+-----------------+-----------------+-----------------+-------+
+performance on validation set------+-----------------+-----------------+------+
| Rank@1,mIoU@0.3 | Rank@1,mIoU@0.5 | Rank@5,mIoU@0.3 | Rank@5,mIoU@0.5 | mIoU |
+-----------------+-----------------+-----------------+-----------------+------+
|       6.56      |       4.92      |      31.15      |      19.67      | 6.67 |
+-----------------+-----------------+-----------------+-----------------+------+
+performance on testing set---------+-----------------+-----------------+------+
| Rank@1,mIoU@0.3 | Rank@1,mIoU@0.5 | Rank@5,mIoU@0.3 | Rank@5,mIoU@0.5 | mIoU |
+-----------------+-----------------+-----------------+-----------------+------+
|       0.00      |       0.00      |       0.00      |       0.00      | 0.00 |
+-----------------+-----------------+-----------------+-----------------+------+

2026-04-16 01:59:41,478 
iter: 2295 train loss 0.2367 val loss 0.2215 test loss 0.0959
+performance on training set--------+-----------------+-----------------+-------+
| Rank@1,mIoU@0.3 | Rank@1,mIoU@0.5 | Rank@5,mIoU@0.3 | Rank@5,mIoU@0.5 | mIoU  |
+-----------------+-----------------+-----------------+-----------------+-------+
|      42.54      |      20.66      |      63.27      |      40.42      | 26.19 |
+-----------------+-----------------+-----------------+-----------------+-------+
+performance on validation set------+-----------------+-----------------+------+
| Rank@1,mIoU@0.3 | Rank@1,mIoU@0.5 | Rank@5,mIoU@0.3 | Rank@5,mIoU@0.5 | mIoU |
+-----------------+-----------------+-----------------+-----------------+------+
|       9.84      |       6.56      |      26.23      |      18.03      | 7.51 |
+-----------------+-----------------+-----------------+-----------------+------+
+performance on testing set---------+-----------------+-----------------+------+
| Rank@1,mIoU@0.3 | Rank@1,mIoU@0.5 | Rank@5,mIoU@0.3 | Rank@5,mIoU@0.5 | mIoU |
+-----------------+-----------------+-----------------+-----------------+------+
|       0.00      |       0.00      |       0.00      |       0.00      | 0.00 |
+-----------------+-----------------+-----------------+-----------------+------+

2026-04-16 02:01:45,762 
iter: 2340 train loss 0.2376 val loss 0.2207 test loss 0.0955
+performance on training set--------+-----------------+-----------------+-------+
| Rank@1,mIoU@0.3 | Rank@1,mIoU@0.5 | Rank@5,mIoU@0.3 | Rank@5,mIoU@0.5 | mIoU  |
+-----------------+-----------------+-----------------+-----------------+-------+
|      43.09      |      21.27      |      63.89      |      41.24      | 26.44 |
+-----------------+-----------------+-----------------+-----------------+-------+
+performance on validation set------+-----------------+-----------------+------+
| Rank@1,mIoU@0.3 | Rank@1,mIoU@0.5 | Rank@5,mIoU@0.3 | Rank@5,mIoU@0.5 | mIoU |
+-----------------+-----------------+-----------------+-----------------+------+
|      13.11      |       8.20      |      24.59      |      19.67      | 8.90 |
+-----------------+-----------------+-----------------+-----------------+------+
+performance on testing set---------+-----------------+-----------------+------+
| Rank@1,mIoU@0.3 | Rank@1,mIoU@0.5 | Rank@5,mIoU@0.3 | Rank@5,mIoU@0.5 | mIoU |
+-----------------+-----------------+-----------------+-----------------+------+
|       0.00      |       0.00      |       0.00      |       0.00      | 0.00 |
+-----------------+-----------------+-----------------+-----------------+------+

2026-04-16 02:03:43,117 
iter: 2385 train loss 0.2375 val loss 0.2200 test loss 0.0930
+performance on training set--------+-----------------+-----------------+-------+
| Rank@1,mIoU@0.3 | Rank@1,mIoU@0.5 | Rank@5,mIoU@0.3 | Rank@5,mIoU@0.5 | mIoU  |
+-----------------+-----------------+-----------------+-----------------+-------+
|      42.68      |      21.68      |      63.47      |      41.66      | 26.54 |
+-----------------+-----------------+-----------------+-----------------+-------+
+performance on validation set------+-----------------+-----------------+------+
| Rank@1,mIoU@0.3 | Rank@1,mIoU@0.5 | Rank@5,mIoU@0.3 | Rank@5,mIoU@0.5 | mIoU |
+-----------------+-----------------+-----------------+-----------------+------+
|       9.84      |       6.56      |      24.59      |      16.39      | 6.83 |
+-----------------+-----------------+-----------------+-----------------+------+
+performance on testing set---------+-----------------+-----------------+------+
| Rank@1,mIoU@0.3 | Rank@1,mIoU@0.5 | Rank@5,mIoU@0.3 | Rank@5,mIoU@0.5 | mIoU |
+-----------------+-----------------+-----------------+-----------------+------+
|       0.00      |       0.00      |       0.00      |       0.00      | 0.00 |
+-----------------+-----------------+-----------------+-----------------+------+

2026-04-16 02:05:39,018 
iter: 2430 train loss 0.2348 val loss 0.2146 test loss 0.0824
+performance on training set--------+-----------------+-----------------+-------+
| Rank@1,mIoU@0.3 | Rank@1,mIoU@0.5 | Rank@5,mIoU@0.3 | Rank@5,mIoU@0.5 | mIoU  |
+-----------------+-----------------+-----------------+-----------------+-------+
|      44.05      |      23.19      |      64.57      |      42.00      | 27.16 |
+-----------------+-----------------+-----------------+-----------------+-------+
+performance on validation set------+-----------------+-----------------+------+
| Rank@1,mIoU@0.3 | Rank@1,mIoU@0.5 | Rank@5,mIoU@0.3 | Rank@5,mIoU@0.5 | mIoU |
+-----------------+-----------------+-----------------+-----------------+------+
|      13.11      |       9.84      |      24.59      |      16.39      | 9.53 |
+-----------------+-----------------+-----------------+-----------------+------+
+performance on testing set---------+-----------------+-----------------+------+
| Rank@1,mIoU@0.3 | Rank@1,mIoU@0.5 | Rank@5,mIoU@0.3 | Rank@5,mIoU@0.5 | mIoU |
+-----------------+-----------------+-----------------+-----------------+------+
|       0.00      |       0.00      |       0.00      |       0.00      | 0.00 |
+-----------------+-----------------+-----------------+-----------------+------+

2026-04-16 02:07:36,693 
iter: 2475 train loss 0.2356 val loss 0.2316 test loss 0.1187
+performance on training set--------+-----------------+-----------------+-------+
| Rank@1,mIoU@0.3 | Rank@1,mIoU@0.5 | Rank@5,mIoU@0.3 | Rank@5,mIoU@0.5 | mIoU  |
+-----------------+-----------------+-----------------+-----------------+-------+
|      42.82      |      21.34      |      63.95      |      41.86      | 26.61 |
+-----------------+-----------------+-----------------+-----------------+-------+
+performance on validation set------+-----------------+-----------------+------+
| Rank@1,mIoU@0.3 | Rank@1,mIoU@0.5 | Rank@5,mIoU@0.3 | Rank@5,mIoU@0.5 | mIoU |
+-----------------+-----------------+-----------------+-----------------+------+
|      11.48      |       4.92      |      22.95      |      16.39      | 7.88 |
+-----------------+-----------------+-----------------+-----------------+------+
+performance on testing set---------+-----------------+-----------------+------+
| Rank@1,mIoU@0.3 | Rank@1,mIoU@0.5 | Rank@5,mIoU@0.3 | Rank@5,mIoU@0.5 | mIoU |
+-----------------+-----------------+-----------------+-----------------+------+
|       0.00      |       0.00      |       0.00      |       0.00      | 0.00 |
+-----------------+-----------------+-----------------+-----------------+------+

2026-04-16 02:09:34,362 
iter: 2520 train loss 0.2291 val loss 0.2171 test loss 0.0815
+performance on training set--------+-----------------+-----------------+-------+
| Rank@1,mIoU@0.3 | Rank@1,mIoU@0.5 | Rank@5,mIoU@0.3 | Rank@5,mIoU@0.5 | mIoU  |
+-----------------+-----------------+-----------------+-----------------+-------+
|      44.73      |      23.53      |      64.50      |      42.75      | 27.37 |
+-----------------+-----------------+-----------------+-----------------+-------+
+performance on validation set------+-----------------+-----------------+------+
| Rank@1,mIoU@0.3 | Rank@1,mIoU@0.5 | Rank@5,mIoU@0.3 | Rank@5,mIoU@0.5 | mIoU |
+-----------------+-----------------+-----------------+-----------------+------+
|      11.48      |       8.20      |      27.87      |      18.03      | 7.86 |
+-----------------+-----------------+-----------------+-----------------+------+
+performance on testing set---------+-----------------+-----------------+------+
| Rank@1,mIoU@0.3 | Rank@1,mIoU@0.5 | Rank@5,mIoU@0.3 | Rank@5,mIoU@0.5 | mIoU |
+-----------------+-----------------+-----------------+-----------------+------+
|       0.00      |       0.00      |       0.00      |       0.00      | 0.00 |
+-----------------+-----------------+-----------------+-----------------+------+

2026-04-16 02:11:31,467 
iter: 2565 train loss 0.2342 val loss 0.2291 test loss 0.1046
+performance on training set--------+-----------------+-----------------+-------+
| Rank@1,mIoU@0.3 | Rank@1,mIoU@0.5 | Rank@5,mIoU@0.3 | Rank@5,mIoU@0.5 | mIoU  |
+-----------------+-----------------+-----------------+-----------------+-------+
|      45.01      |      23.12      |      63.95      |      43.57      | 27.55 |
+-----------------+-----------------+-----------------+-----------------+-------+
+performance on validation set------+-----------------+-----------------+------+
| Rank@1,mIoU@0.3 | Rank@1,mIoU@0.5 | Rank@5,mIoU@0.3 | Rank@5,mIoU@0.5 | mIoU |
+-----------------+-----------------+-----------------+-----------------+------+
|       9.84      |       3.28      |      27.87      |      16.39      | 6.76 |
+-----------------+-----------------+-----------------+-----------------+------+
+performance on testing set---------+-----------------+-----------------+------+
| Rank@1,mIoU@0.3 | Rank@1,mIoU@0.5 | Rank@5,mIoU@0.3 | Rank@5,mIoU@0.5 | mIoU |
+-----------------+-----------------+-----------------+-----------------+------+
|       0.00      |       0.00      |       0.00      |       0.00      | 0.00 |
+-----------------+-----------------+-----------------+-----------------+------+

2026-04-16 02:13:33,799 
iter: 2610 train loss 0.2289 val loss 0.2307 test loss 0.1075
+performance on training set--------+-----------------+-----------------+-------+
| Rank@1,mIoU@0.3 | Rank@1,mIoU@0.5 | Rank@5,mIoU@0.3 | Rank@5,mIoU@0.5 | mIoU  |
+-----------------+-----------------+-----------------+-----------------+-------+
|      44.80      |      22.91      |      64.23      |      45.01      | 27.65 |
+-----------------+-----------------+-----------------+-----------------+-------+
+performance on validation set------+-----------------+-----------------+------+
| Rank@1,mIoU@0.3 | Rank@1,mIoU@0.5 | Rank@5,mIoU@0.3 | Rank@5,mIoU@0.5 | mIoU |
+-----------------+-----------------+-----------------+-----------------+------+
|      11.48      |       4.92      |      29.51      |      19.67      | 8.28 |
+-----------------+-----------------+-----------------+-----------------+------+
+performance on testing set---------+-----------------+-----------------+------+
| Rank@1,mIoU@0.3 | Rank@1,mIoU@0.5 | Rank@5,mIoU@0.3 | Rank@5,mIoU@0.5 | mIoU |
+-----------------+-----------------+-----------------+-----------------+------+
|       0.00      |       0.00      |       0.00      |       0.00      | 0.00 |
+-----------------+-----------------+-----------------+-----------------+------+

2026-04-16 02:15:37,337 
iter: 2655 train loss 0.2284 val loss 0.2220 test loss 0.0861
+performance on training set--------+-----------------+-----------------+-------+
| Rank@1,mIoU@0.3 | Rank@1,mIoU@0.5 | Rank@5,mIoU@0.3 | Rank@5,mIoU@0.5 | mIoU  |
+-----------------+-----------------+-----------------+-----------------+-------+
|      45.83      |      24.69      |      64.71      |      43.98      | 28.40 |
+-----------------+-----------------+-----------------+-----------------+-------+
+performance on validation set------+-----------------+-----------------+------+
| Rank@1,mIoU@0.3 | Rank@1,mIoU@0.5 | Rank@5,mIoU@0.3 | Rank@5,mIoU@0.5 | mIoU |
+-----------------+-----------------+-----------------+-----------------+------+
|       9.84      |       3.28      |      26.23      |      16.39      | 6.71 |
+-----------------+-----------------+-----------------+-----------------+------+
+performance on testing set---------+-----------------+-----------------+------+
| Rank@1,mIoU@0.3 | Rank@1,mIoU@0.5 | Rank@5,mIoU@0.3 | Rank@5,mIoU@0.5 | mIoU |
+-----------------+-----------------+-----------------+-----------------+------+
|       0.00      |       0.00      |       0.00      |       0.00      | 0.00 |
+-----------------+-----------------+-----------------+-----------------+------+

2026-04-16 02:17:43,757 
iter: 2700 train loss 0.2291 val loss 0.2267 test loss 0.0997
+performance on training set--------+-----------------+-----------------+-------+
| Rank@1,mIoU@0.3 | Rank@1,mIoU@0.5 | Rank@5,mIoU@0.3 | Rank@5,mIoU@0.5 | mIoU  |
+-----------------+-----------------+-----------------+-----------------+-------+
|      45.83      |      23.67      |      65.18      |      44.80      | 28.09 |
+-----------------+-----------------+-----------------+-----------------+-------+
+performance on validation set------+-----------------+-----------------+------+
| Rank@1,mIoU@0.3 | Rank@1,mIoU@0.5 | Rank@5,mIoU@0.3 | Rank@5,mIoU@0.5 | mIoU |
+-----------------+-----------------+-----------------+-----------------+------+
|       9.84      |       1.64      |      29.51      |      13.11      | 7.01 |
+-----------------+-----------------+-----------------+-----------------+------+
+performance on testing set---------+-----------------+-----------------+------+
| Rank@1,mIoU@0.3 | Rank@1,mIoU@0.5 | Rank@5,mIoU@0.3 | Rank@5,mIoU@0.5 | mIoU |
+-----------------+-----------------+-----------------+-----------------+------+
|       0.00      |       0.00      |       0.00      |       0.00      | 0.00 |
+-----------------+-----------------+-----------------+-----------------+------+

2026-04-16 02:19:49,506 
iter: 2745 train loss 0.2255 val loss 0.2210 test loss 0.0882
+performance on training set--------+-----------------+-----------------+-------+
| Rank@1,mIoU@0.3 | Rank@1,mIoU@0.5 | Rank@5,mIoU@0.3 | Rank@5,mIoU@0.5 | mIoU  |
+-----------------+-----------------+-----------------+-----------------+-------+
|      46.51      |      25.17      |      65.39      |      44.73      | 28.73 |
+-----------------+-----------------+-----------------+-----------------+-------+
+performance on validation set------+-----------------+-----------------+------+
| Rank@1,mIoU@0.3 | Rank@1,mIoU@0.5 | Rank@5,mIoU@0.3 | Rank@5,mIoU@0.5 | mIoU |
+-----------------+-----------------+-----------------+-----------------+------+
|       9.84      |       3.28      |      29.51      |      16.39      | 6.96 |
+-----------------+-----------------+-----------------+-----------------+------+
+performance on testing set---------+-----------------+-----------------+------+
| Rank@1,mIoU@0.3 | Rank@1,mIoU@0.5 | Rank@5,mIoU@0.3 | Rank@5,mIoU@0.5 | mIoU |
+-----------------+-----------------+-----------------+-----------------+------+
|       0.00      |       0.00      |       0.00      |       0.00      | 0.00 |
+-----------------+-----------------+-----------------+-----------------+------+

2026-04-16 02:21:55,730 
iter: 2790 train loss 0.2245 val loss 0.2313 test loss 0.1038
+performance on training set--------+-----------------+-----------------+-------+
| Rank@1,mIoU@0.3 | Rank@1,mIoU@0.5 | Rank@5,mIoU@0.3 | Rank@5,mIoU@0.5 | mIoU  |
+-----------------+-----------------+-----------------+-----------------+-------+
|      47.20      |      24.35      |      65.25      |      45.14      | 28.66 |
+-----------------+-----------------+-----------------+-----------------+-------+
+performance on validation set------+-----------------+-----------------+------+
| Rank@1,mIoU@0.3 | Rank@1,mIoU@0.5 | Rank@5,mIoU@0.3 | Rank@5,mIoU@0.5 | mIoU |
+-----------------+-----------------+-----------------+-----------------+------+
|       9.84      |       1.64      |      36.07      |      14.75      | 7.09 |
+-----------------+-----------------+-----------------+-----------------+------+
+performance on testing set---------+-----------------+-----------------+------+
| Rank@1,mIoU@0.3 | Rank@1,mIoU@0.5 | Rank@5,mIoU@0.3 | Rank@5,mIoU@0.5 | mIoU |
+-----------------+-----------------+-----------------+-----------------+------+
|       0.00      |       0.00      |       0.00      |       0.00      | 0.00 |
+-----------------+-----------------+-----------------+-----------------+------+

2026-04-16 02:24:04,559 
iter: 2835 train loss 0.2283 val loss 0.2331 test loss 0.1093
+performance on training set--------+-----------------+-----------------+-------+
| Rank@1,mIoU@0.3 | Rank@1,mIoU@0.5 | Rank@5,mIoU@0.3 | Rank@5,mIoU@0.5 | mIoU  |
+-----------------+-----------------+-----------------+-----------------+-------+
|      46.37      |      24.42      |      65.60      |      45.76      | 28.61 |
+-----------------+-----------------+-----------------+-----------------+-------+
+performance on validation set------+-----------------+-----------------+------+
| Rank@1,mIoU@0.3 | Rank@1,mIoU@0.5 | Rank@5,mIoU@0.3 | Rank@5,mIoU@0.5 | mIoU |
+-----------------+-----------------+-----------------+-----------------+------+
|       9.84      |       3.28      |      36.07      |      18.03      | 7.65 |
+-----------------+-----------------+-----------------+-----------------+------+
+performance on testing set---------+-----------------+-----------------+------+
| Rank@1,mIoU@0.3 | Rank@1,mIoU@0.5 | Rank@5,mIoU@0.3 | Rank@5,mIoU@0.5 | mIoU |
+-----------------+-----------------+-----------------+-----------------+------+
|       0.00      |       0.00      |       0.00      |       0.00      | 0.00 |
+-----------------+-----------------+-----------------+-----------------+------+

2026-04-16 02:26:12,029 
iter: 2880 train loss 0.2237 val loss 0.2170 test loss 0.0771
+performance on training set--------+-----------------+-----------------+-------+
| Rank@1,mIoU@0.3 | Rank@1,mIoU@0.5 | Rank@5,mIoU@0.3 | Rank@5,mIoU@0.5 | mIoU  |
+-----------------+-----------------+-----------------+-----------------+-------+
|      48.08      |      27.09      |      65.39      |      45.76      | 29.65 |
+-----------------+-----------------+-----------------+-----------------+-------+
+performance on validation set------+-----------------+-----------------+------+
| Rank@1,mIoU@0.3 | Rank@1,mIoU@0.5 | Rank@5,mIoU@0.3 | Rank@5,mIoU@0.5 | mIoU |
+-----------------+-----------------+-----------------+-----------------+------+
|       9.84      |       3.28      |      31.15      |      19.67      | 7.22 |
+-----------------+-----------------+-----------------+-----------------+------+
+performance on testing set---------+-----------------+-----------------+------+
| Rank@1,mIoU@0.3 | Rank@1,mIoU@0.5 | Rank@5,mIoU@0.3 | Rank@5,mIoU@0.5 | mIoU |
+-----------------+-----------------+-----------------+-----------------+------+
|       0.00      |       0.00      |       0.00      |       0.00      | 0.00 |
+-----------------+-----------------+-----------------+-----------------+------+

2026-04-16 02:28:17,209 
iter: 2925 train loss 0.2232 val loss 0.2312 test loss 0.1074
+performance on training set--------+-----------------+-----------------+-------+
| Rank@1,mIoU@0.3 | Rank@1,mIoU@0.5 | Rank@5,mIoU@0.3 | Rank@5,mIoU@0.5 | mIoU  |
+-----------------+-----------------+-----------------+-----------------+-------+
|      47.61      |      25.17      |      65.46      |      46.72      | 29.07 |
+-----------------+-----------------+-----------------+-----------------+-------+
+performance on validation set------+-----------------+-----------------+------+
| Rank@1,mIoU@0.3 | Rank@1,mIoU@0.5 | Rank@5,mIoU@0.3 | Rank@5,mIoU@0.5 | mIoU |
+-----------------+-----------------+-----------------+-----------------+------+
|      11.48      |       1.64      |      39.34      |      14.75      | 7.83 |
+-----------------+-----------------+-----------------+-----------------+------+
+performance on testing set---------+-----------------+-----------------+------+
| Rank@1,mIoU@0.3 | Rank@1,mIoU@0.5 | Rank@5,mIoU@0.3 | Rank@5,mIoU@0.5 | mIoU |
+-----------------+-----------------+-----------------+-----------------+------+
|       0.00      |       0.00      |       0.00      |       0.00      | 0.00 |
+-----------------+-----------------+-----------------+-----------------+------+

2026-04-16 02:30:23,697 
iter: 2970 train loss 0.2224 val loss 0.2227 test loss 0.0875
+performance on training set--------+-----------------+-----------------+-------+
| Rank@1,mIoU@0.3 | Rank@1,mIoU@0.5 | Rank@5,mIoU@0.3 | Rank@5,mIoU@0.5 | mIoU  |
+-----------------+-----------------+-----------------+-----------------+-------+
|      48.77      |      26.81      |      66.76      |      46.51      | 29.75 |
+-----------------+-----------------+-----------------+-----------------+-------+
+performance on validation set------+-----------------+-----------------+------+
| Rank@1,mIoU@0.3 | Rank@1,mIoU@0.5 | Rank@5,mIoU@0.3 | Rank@5,mIoU@0.5 | mIoU |
+-----------------+-----------------+-----------------+-----------------+------+
|       8.20      |       3.28      |      31.15      |      14.75      | 7.11 |
+-----------------+-----------------+-----------------+-----------------+------+
+performance on testing set---------+-----------------+-----------------+------+
| Rank@1,mIoU@0.3 | Rank@1,mIoU@0.5 | Rank@5,mIoU@0.3 | Rank@5,mIoU@0.5 | mIoU |
+-----------------+-----------------+-----------------+-----------------+------+
|       0.00      |       0.00      |       0.00      |       0.00      | 0.00 |
+-----------------+-----------------+-----------------+-----------------+------+

2026-04-16 02:32:30,627 
iter: 3015 train loss 0.2190 val loss 0.2218 test loss 0.0886
+performance on training set--------+-----------------+-----------------+-------+
| Rank@1,mIoU@0.3 | Rank@1,mIoU@0.5 | Rank@5,mIoU@0.3 | Rank@5,mIoU@0.5 | mIoU  |
+-----------------+-----------------+-----------------+-----------------+-------+
|      49.04      |      27.02      |      66.48      |      47.06      | 29.94 |
+-----------------+-----------------+-----------------+-----------------+-------+
+performance on validation set------+-----------------+-----------------+------+
| Rank@1,mIoU@0.3 | Rank@1,mIoU@0.5 | Rank@5,mIoU@0.3 | Rank@5,mIoU@0.5 | mIoU |
+-----------------+-----------------+-----------------+-----------------+------+
|      11.48      |       3.28      |      32.79      |      16.39      | 8.47 |
+-----------------+-----------------+-----------------+-----------------+------+
+performance on testing set---------+-----------------+-----------------+------+
| Rank@1,mIoU@0.3 | Rank@1,mIoU@0.5 | Rank@5,mIoU@0.3 | Rank@5,mIoU@0.5 | mIoU |
+-----------------+-----------------+-----------------+-----------------+------+
|       0.00      |       0.00      |       0.00      |       0.00      | 0.00 |
+-----------------+-----------------+-----------------+-----------------+------+

2026-04-16 02:34:41,218 
iter: 3060 train loss 0.2233 val loss 0.2344 test loss 0.1149
+performance on training set--------+-----------------+-----------------+-------+
| Rank@1,mIoU@0.3 | Rank@1,mIoU@0.5 | Rank@5,mIoU@0.3 | Rank@5,mIoU@0.5 | mIoU  |
+-----------------+-----------------+-----------------+-----------------+-------+
|      48.56      |      24.90      |      66.35      |      47.13      | 29.39 |
+-----------------+-----------------+-----------------+-----------------+-------+
+performance on validation set------+-----------------+-----------------+------+
| Rank@1,mIoU@0.3 | Rank@1,mIoU@0.5 | Rank@5,mIoU@0.3 | Rank@5,mIoU@0.5 | mIoU |
+-----------------+-----------------+-----------------+-----------------+------+
|      11.48      |       1.64      |      34.43      |      14.75      | 8.40 |
+-----------------+-----------------+-----------------+-----------------+------+
+performance on testing set---------+-----------------+-----------------+------+
| Rank@1,mIoU@0.3 | Rank@1,mIoU@0.5 | Rank@5,mIoU@0.3 | Rank@5,mIoU@0.5 | mIoU |
+-----------------+-----------------+-----------------+-----------------+------+
|       0.00      |       0.00      |       0.00      |       0.00      | 0.00 |
+-----------------+-----------------+-----------------+-----------------+------+

2026-04-16 02:36:51,956 
iter: 3105 train loss 0.2215 val loss 0.2265 test loss 0.1007
+performance on training set--------+-----------------+-----------------+-------+
| Rank@1,mIoU@0.3 | Rank@1,mIoU@0.5 | Rank@5,mIoU@0.3 | Rank@5,mIoU@0.5 | mIoU  |
+-----------------+-----------------+-----------------+-----------------+-------+
|      49.93      |      26.81      |      67.24      |      47.06      | 30.16 |
+-----------------+-----------------+-----------------+-----------------+-------+
+performance on validation set------+-----------------+-----------------+------+
| Rank@1,mIoU@0.3 | Rank@1,mIoU@0.5 | Rank@5,mIoU@0.3 | Rank@5,mIoU@0.5 | mIoU |
+-----------------+-----------------+-----------------+-----------------+------+
|      14.75      |       3.28      |      34.43      |      13.11      | 8.94 |
+-----------------+-----------------+-----------------+-----------------+------+
+performance on testing set---------+-----------------+-----------------+------+
| Rank@1,mIoU@0.3 | Rank@1,mIoU@0.5 | Rank@5,mIoU@0.3 | Rank@5,mIoU@0.5 | mIoU |
+-----------------+-----------------+-----------------+-----------------+------+
|       0.00      |       0.00      |       0.00      |       0.00      | 0.00 |
+-----------------+-----------------+-----------------+-----------------+------+

2026-04-16 02:39:01,964 
iter: 3150 train loss 0.2115 val loss 0.2262 test loss 0.0934
+performance on training set--------+-----------------+-----------------+-------+
| Rank@1,mIoU@0.3 | Rank@1,mIoU@0.5 | Rank@5,mIoU@0.3 | Rank@5,mIoU@0.5 | mIoU  |
+-----------------+-----------------+-----------------+-----------------+-------+
|      49.86      |      27.02      |      67.31      |      48.08      | 30.22 |
+-----------------+-----------------+-----------------+-----------------+-------+
+performance on validation set------+-----------------+-----------------+------+
| Rank@1,mIoU@0.3 | Rank@1,mIoU@0.5 | Rank@5,mIoU@0.3 | Rank@5,mIoU@0.5 | mIoU |
+-----------------+-----------------+-----------------+-----------------+------+
|      14.75      |       3.28      |      36.07      |      14.75      | 9.16 |
+-----------------+-----------------+-----------------+-----------------+------+
+performance on testing set---------+-----------------+-----------------+------+
| Rank@1,mIoU@0.3 | Rank@1,mIoU@0.5 | Rank@5,mIoU@0.3 | Rank@5,mIoU@0.5 | mIoU |
+-----------------+-----------------+-----------------+-----------------+------+
|       0.00      |       0.00      |       0.00      |       0.00      | 0.00 |
+-----------------+-----------------+-----------------+-----------------+------+

2026-04-16 02:41:11,880 
iter: 3195 train loss 0.2237 val loss 0.2139 test loss 0.0718
+performance on training set--------+-----------------+-----------------+-------+
| Rank@1,mIoU@0.3 | Rank@1,mIoU@0.5 | Rank@5,mIoU@0.3 | Rank@5,mIoU@0.5 | mIoU  |
+-----------------+-----------------+-----------------+-----------------+-------+
|      50.48      |      29.55      |      67.17      |      47.13      | 31.13 |
+-----------------+-----------------+-----------------+-----------------+-------+
+performance on validation set------+-----------------+-----------------+------+
| Rank@1,mIoU@0.3 | Rank@1,mIoU@0.5 | Rank@5,mIoU@0.3 | Rank@5,mIoU@0.5 | mIoU |
+-----------------+-----------------+-----------------+-----------------+------+
|      11.48      |       8.20      |      31.15      |      16.39      | 8.59 |
+-----------------+-----------------+-----------------+-----------------+------+
+performance on testing set---------+-----------------+-----------------+------+
| Rank@1,mIoU@0.3 | Rank@1,mIoU@0.5 | Rank@5,mIoU@0.3 | Rank@5,mIoU@0.5 | mIoU |
+-----------------+-----------------+-----------------+-----------------+------+
|       0.00      |       0.00      |       0.00      |       0.00      | 0.00 |
+-----------------+-----------------+-----------------+-----------------+------+

2026-04-16 02:43:20,139 
iter: 3240 train loss 0.2163 val loss 0.2169 test loss 0.0776
+performance on training set--------+-----------------+-----------------+-------+
| Rank@1,mIoU@0.3 | Rank@1,mIoU@0.5 | Rank@5,mIoU@0.3 | Rank@5,mIoU@0.5 | mIoU  |
+-----------------+-----------------+-----------------+-----------------+-------+
|      50.41      |      29.34      |      68.13      |      47.74      | 31.03 |
+-----------------+-----------------+-----------------+-----------------+-------+
+performance on validation set------+-----------------+-----------------+------+
| Rank@1,mIoU@0.3 | Rank@1,mIoU@0.5 | Rank@5,mIoU@0.3 | Rank@5,mIoU@0.5 | mIoU |
+-----------------+-----------------+-----------------+-----------------+------+
|       9.84      |       6.56      |      29.51      |      14.75      | 7.93 |
+-----------------+-----------------+-----------------+-----------------+------+
+performance on testing set---------+-----------------+-----------------+------+
| Rank@1,mIoU@0.3 | Rank@1,mIoU@0.5 | Rank@5,mIoU@0.3 | Rank@5,mIoU@0.5 | mIoU |
+-----------------+-----------------+-----------------+-----------------+------+
|       0.00      |       0.00      |       0.00      |       0.00      | 0.00 |
+-----------------+-----------------+-----------------+-----------------+------+

2026-04-16 02:45:28,551 
iter: 3285 train loss 0.2191 val loss 0.2273 test loss 0.0944
+performance on training set--------+-----------------+-----------------+-------+
| Rank@1,mIoU@0.3 | Rank@1,mIoU@0.5 | Rank@5,mIoU@0.3 | Rank@5,mIoU@0.5 | mIoU  |
+-----------------+-----------------+-----------------+-----------------+-------+
|      50.27      |      26.54      |      67.24      |      48.08      | 30.35 |
+-----------------+-----------------+-----------------+-----------------+-------+
+performance on validation set------+-----------------+-----------------+------+
| Rank@1,mIoU@0.3 | Rank@1,mIoU@0.5 | Rank@5,mIoU@0.3 | Rank@5,mIoU@0.5 | mIoU |
+-----------------+-----------------+-----------------+-----------------+------+
|      13.11      |       3.28      |      39.34      |      16.39      | 8.28 |
+-----------------+-----------------+-----------------+-----------------+------+
+performance on testing set---------+-----------------+-----------------+------+
| Rank@1,mIoU@0.3 | Rank@1,mIoU@0.5 | Rank@5,mIoU@0.3 | Rank@5,mIoU@0.5 | mIoU |
+-----------------+-----------------+-----------------+-----------------+------+
|       0.00      |       0.00      |       0.00      |       0.00      | 0.00 |
+-----------------+-----------------+-----------------+-----------------+------+

2026-04-16 02:47:34,841 
iter: 3330 train loss 0.2165 val loss 0.2259 test loss 0.0938
+performance on training set--------+-----------------+-----------------+-------+
| Rank@1,mIoU@0.3 | Rank@1,mIoU@0.5 | Rank@5,mIoU@0.3 | Rank@5,mIoU@0.5 | mIoU  |
+-----------------+-----------------+-----------------+-----------------+-------+
|      50.41      |      27.77      |      67.10      |      47.88      | 30.71 |
+-----------------+-----------------+-----------------+-----------------+-------+
+performance on validation set------+-----------------+-----------------+-------+
| Rank@1,mIoU@0.3 | Rank@1,mIoU@0.5 | Rank@5,mIoU@0.3 | Rank@5,mIoU@0.5 | mIoU  |
+-----------------+-----------------+-----------------+-----------------+-------+
|      16.39      |       4.92      |      37.70      |      14.75      | 10.10 |
+-----------------+-----------------+-----------------+-----------------+-------+
+performance on testing set---------+-----------------+-----------------+------+
| Rank@1,mIoU@0.3 | Rank@1,mIoU@0.5 | Rank@5,mIoU@0.3 | Rank@5,mIoU@0.5 | mIoU |
+-----------------+-----------------+-----------------+-----------------+------+
|       0.00      |       0.00      |       0.00      |       0.00      | 0.00 |
+-----------------+-----------------+-----------------+-----------------+------+

2026-04-16 02:49:39,073 
iter: 3375 train loss 0.2161 val loss 0.2255 test loss 0.0972
+performance on training set--------+-----------------+-----------------+-------+
| Rank@1,mIoU@0.3 | Rank@1,mIoU@0.5 | Rank@5,mIoU@0.3 | Rank@5,mIoU@0.5 | mIoU  |
+-----------------+-----------------+-----------------+-----------------+-------+
|      50.75      |      27.70      |      67.99      |      48.22      | 30.71 |
+-----------------+-----------------+-----------------+-----------------+-------+
+performance on validation set------+-----------------+-----------------+------+
| Rank@1,mIoU@0.3 | Rank@1,mIoU@0.5 | Rank@5,mIoU@0.3 | Rank@5,mIoU@0.5 | mIoU |
+-----------------+-----------------+-----------------+-----------------+------+
|      16.39      |       3.28      |      40.98      |      13.11      | 9.46 |
+-----------------+-----------------+-----------------+-----------------+------+
+performance on testing set---------+-----------------+-----------------+------+
| Rank@1,mIoU@0.3 | Rank@1,mIoU@0.5 | Rank@5,mIoU@0.3 | Rank@5,mIoU@0.5 | mIoU |
+-----------------+-----------------+-----------------+-----------------+------+
|       0.00      |       0.00      |       0.00      |       0.00      | 0.00 |
+-----------------+-----------------+-----------------+-----------------+------+

2026-04-16 02:51:42,388 
iter: 3420 train loss 0.2149 val loss 0.2237 test loss 0.0898
+performance on training set--------+-----------------+-----------------+-------+
| Rank@1,mIoU@0.3 | Rank@1,mIoU@0.5 | Rank@5,mIoU@0.3 | Rank@5,mIoU@0.5 | mIoU  |
+-----------------+-----------------+-----------------+-----------------+-------+
|      50.89      |      28.18      |      67.65      |      48.63      | 31.01 |
+-----------------+-----------------+-----------------+-----------------+-------+
+performance on validation set------+-----------------+-----------------+------+
| Rank@1,mIoU@0.3 | Rank@1,mIoU@0.5 | Rank@5,mIoU@0.3 | Rank@5,mIoU@0.5 | mIoU |
+-----------------+-----------------+-----------------+-----------------+------+
|      16.39      |       3.28      |      36.07      |      14.75      | 9.58 |
+-----------------+-----------------+-----------------+-----------------+------+
+performance on testing set---------+-----------------+-----------------+------+
| Rank@1,mIoU@0.3 | Rank@1,mIoU@0.5 | Rank@5,mIoU@0.3 | Rank@5,mIoU@0.5 | mIoU |
+-----------------+-----------------+-----------------+-----------------+------+
|       0.00      |       0.00      |       0.00      |       0.00      | 0.00 |
+-----------------+-----------------+-----------------+-----------------+------+

2026-04-16 02:53:46,061 
iter: 3465 train loss 0.2151 val loss 0.2267 test loss 0.0964
+performance on training set--------+-----------------+-----------------+-------+
| Rank@1,mIoU@0.3 | Rank@1,mIoU@0.5 | Rank@5,mIoU@0.3 | Rank@5,mIoU@0.5 | mIoU  |
+-----------------+-----------------+-----------------+-----------------+-------+
|      51.03      |      27.50      |      68.26      |      48.77      | 30.83 |
+-----------------+-----------------+-----------------+-----------------+-------+
+performance on validation set------+-----------------+-----------------+------+
| Rank@1,mIoU@0.3 | Rank@1,mIoU@0.5 | Rank@5,mIoU@0.3 | Rank@5,mIoU@0.5 | mIoU |
+-----------------+-----------------+-----------------+-----------------+------+
|      18.03      |       3.28      |      40.98      |      16.39      | 9.63 |
+-----------------+-----------------+-----------------+-----------------+------+
+performance on testing set---------+-----------------+-----------------+------+
| Rank@1,mIoU@0.3 | Rank@1,mIoU@0.5 | Rank@5,mIoU@0.3 | Rank@5,mIoU@0.5 | mIoU |
+-----------------+-----------------+-----------------+-----------------+------+
|       0.00      |       0.00      |       0.00      |       0.00      | 0.00 |
+-----------------+-----------------+-----------------+-----------------+------+

2026-04-16 02:55:51,176 
iter: 3510 train loss 0.2149 val loss 0.2282 test loss 0.0997
+performance on training set--------+-----------------+-----------------+-------+
| Rank@1,mIoU@0.3 | Rank@1,mIoU@0.5 | Rank@5,mIoU@0.3 | Rank@5,mIoU@0.5 | mIoU  |
+-----------------+-----------------+-----------------+-----------------+-------+
|      50.82      |      27.02      |      67.10      |      49.04      | 30.71 |
+-----------------+-----------------+-----------------+-----------------+-------+
+performance on validation set------+-----------------+-----------------+-------+
| Rank@1,mIoU@0.3 | Rank@1,mIoU@0.5 | Rank@5,mIoU@0.3 | Rank@5,mIoU@0.5 | mIoU  |
+-----------------+-----------------+-----------------+-----------------+-------+
|      18.03      |       4.92      |      42.62      |      16.39      | 10.65 |
+-----------------+-----------------+-----------------+-----------------+-------+
+performance on testing set---------+-----------------+-----------------+------+
| Rank@1,mIoU@0.3 | Rank@1,mIoU@0.5 | Rank@5,mIoU@0.3 | Rank@5,mIoU@0.5 | mIoU |
+-----------------+-----------------+-----------------+-----------------+------+
|       0.00      |       0.00      |       0.00      |       0.00      | 0.00 |
+-----------------+-----------------+-----------------+-----------------+------+

2026-04-16 02:57:56,676 
iter: 3555 train loss 0.2172 val loss 0.2260 test loss 0.0965
+performance on training set--------+-----------------+-----------------+-------+
| Rank@1,mIoU@0.3 | Rank@1,mIoU@0.5 | Rank@5,mIoU@0.3 | Rank@5,mIoU@0.5 | mIoU  |
+-----------------+-----------------+-----------------+-----------------+-------+
|      51.37      |      27.77      |      67.78      |      49.25      | 31.13 |
+-----------------+-----------------+-----------------+-----------------+-------+
+performance on validation set------+-----------------+-----------------+-------+
| Rank@1,mIoU@0.3 | Rank@1,mIoU@0.5 | Rank@5,mIoU@0.3 | Rank@5,mIoU@0.5 | mIoU  |
+-----------------+-----------------+-----------------+-----------------+-------+
|      18.03      |       4.92      |      42.62      |      13.11      | 10.44 |
+-----------------+-----------------+-----------------+-----------------+-------+
+performance on testing set---------+-----------------+-----------------+------+
| Rank@1,mIoU@0.3 | Rank@1,mIoU@0.5 | Rank@5,mIoU@0.3 | Rank@5,mIoU@0.5 | mIoU |
+-----------------+-----------------+-----------------+-----------------+------+
|       0.00      |       0.00      |       0.00      |       0.00      | 0.00 |
+-----------------+-----------------+-----------------+-----------------+------+

2026-04-16 03:00:02,180 
iter: 3600 train loss 0.2126 val loss 0.2253 test loss 0.0944
+performance on training set--------+-----------------+-----------------+-------+
| Rank@1,mIoU@0.3 | Rank@1,mIoU@0.5 | Rank@5,mIoU@0.3 | Rank@5,mIoU@0.5 | mIoU  |
+-----------------+-----------------+-----------------+-----------------+-------+
|      51.85      |      28.45      |      67.85      |      49.59      | 31.25 |
+-----------------+-----------------+-----------------+-----------------+-------+
+performance on validation set------+-----------------+-----------------+------+
| Rank@1,mIoU@0.3 | Rank@1,mIoU@0.5 | Rank@5,mIoU@0.3 | Rank@5,mIoU@0.5 | mIoU |
+-----------------+-----------------+-----------------+-----------------+------+
|      16.39      |       3.28      |      40.98      |      16.39      | 9.34 |
+-----------------+-----------------+-----------------+-----------------+------+
+performance on testing set---------+-----------------+-----------------+------+
| Rank@1,mIoU@0.3 | Rank@1,mIoU@0.5 | Rank@5,mIoU@0.3 | Rank@5,mIoU@0.5 | mIoU |
+-----------------+-----------------+-----------------+-----------------+------+
|       0.00      |       0.00      |       0.00      |       0.00      | 0.00 |
+-----------------+-----------------+-----------------+-----------------+------+

2026-04-16 03:02:07,608 
iter: 3645 train loss 0.2109 val loss 0.2227 test loss 0.0892
+performance on training set--------+-----------------+-----------------+-------+
| Rank@1,mIoU@0.3 | Rank@1,mIoU@0.5 | Rank@5,mIoU@0.3 | Rank@5,mIoU@0.5 | mIoU  |
+-----------------+-----------------+-----------------+-----------------+-------+
|      52.05      |      29.34      |      68.54      |      49.66      | 31.71 |
+-----------------+-----------------+-----------------+-----------------+-------+
+performance on validation set------+-----------------+-----------------+------+
| Rank@1,mIoU@0.3 | Rank@1,mIoU@0.5 | Rank@5,mIoU@0.3 | Rank@5,mIoU@0.5 | mIoU |
+-----------------+-----------------+-----------------+-----------------+------+
|      16.39      |       6.56      |      36.07      |      16.39      | 9.84 |
+-----------------+-----------------+-----------------+-----------------+------+
+performance on testing set---------+-----------------+-----------------+------+
| Rank@1,mIoU@0.3 | Rank@1,mIoU@0.5 | Rank@5,mIoU@0.3 | Rank@5,mIoU@0.5 | mIoU |
+-----------------+-----------------+-----------------+-----------------+------+
|       0.00      |       0.00      |       0.00      |       0.00      | 0.00 |
+-----------------+-----------------+-----------------+-----------------+------+

2026-04-16 03:04:19,601 
iter: 3690 train loss 0.2110 val loss 0.2297 test loss 0.1048
+performance on training set--------+-----------------+-----------------+-------+
| Rank@1,mIoU@0.3 | Rank@1,mIoU@0.5 | Rank@5,mIoU@0.3 | Rank@5,mIoU@0.5 | mIoU  |
+-----------------+-----------------+-----------------+-----------------+-------+
|      51.57      |      27.84      |      67.78      |      49.04      | 31.10 |
+-----------------+-----------------+-----------------+-----------------+-------+
+performance on validation set------+-----------------+-----------------+-------+
| Rank@1,mIoU@0.3 | Rank@1,mIoU@0.5 | Rank@5,mIoU@0.3 | Rank@5,mIoU@0.5 | mIoU  |
+-----------------+-----------------+-----------------+-----------------+-------+
|      18.03      |       4.92      |      37.70      |      13.11      | 11.04 |
+-----------------+-----------------+-----------------+-----------------+-------+
+performance on testing set---------+-----------------+-----------------+------+
| Rank@1,mIoU@0.3 | Rank@1,mIoU@0.5 | Rank@5,mIoU@0.3 | Rank@5,mIoU@0.5 | mIoU |
+-----------------+-----------------+-----------------+-----------------+------+
|       0.00      |       0.00      |       0.00      |       0.00      | 0.00 |
+-----------------+-----------------+-----------------+-----------------+------+

2026-04-16 03:06:29,287 
iter: 3735 train loss 0.2115 val loss 0.2234 test loss 0.0906
+performance on training set--------+-----------------+-----------------+-------+
| Rank@1,mIoU@0.3 | Rank@1,mIoU@0.5 | Rank@5,mIoU@0.3 | Rank@5,mIoU@0.5 | mIoU  |
+-----------------+-----------------+-----------------+-----------------+-------+
|      52.60      |      29.62      |      69.63      |      49.79      | 31.86 |
+-----------------+-----------------+-----------------+-----------------+-------+
+performance on validation set------+-----------------+-----------------+------+
| Rank@1,mIoU@0.3 | Rank@1,mIoU@0.5 | Rank@5,mIoU@0.3 | Rank@5,mIoU@0.5 | mIoU |
+-----------------+-----------------+-----------------+-----------------+------+
|      19.67      |       4.92      |      34.43      |      16.39      | 9.73 |
+-----------------+-----------------+-----------------+-----------------+------+
+performance on testing set---------+-----------------+-----------------+------+
| Rank@1,mIoU@0.3 | Rank@1,mIoU@0.5 | Rank@5,mIoU@0.3 | Rank@5,mIoU@0.5 | mIoU |
+-----------------+-----------------+-----------------+-----------------+------+
|       0.00      |       0.00      |       0.00      |       0.00      | 0.00 |
+-----------------+-----------------+-----------------+-----------------+------+

2026-04-16 03:08:39,713 
iter: 3780 train loss 0.2112 val loss 0.2256 test loss 0.0937
+performance on training set--------+-----------------+-----------------+-------+
| Rank@1,mIoU@0.3 | Rank@1,mIoU@0.5 | Rank@5,mIoU@0.3 | Rank@5,mIoU@0.5 | mIoU  |
+-----------------+-----------------+-----------------+-----------------+-------+
|      52.53      |      29.07      |      69.08      |      50.14      | 31.83 |
+-----------------+-----------------+-----------------+-----------------+-------+
+performance on validation set------+-----------------+-----------------+-------+
| Rank@1,mIoU@0.3 | Rank@1,mIoU@0.5 | Rank@5,mIoU@0.3 | Rank@5,mIoU@0.5 | mIoU  |
+-----------------+-----------------+-----------------+-----------------+-------+
|      21.31      |       4.92      |      36.07      |      16.39      | 10.65 |
+-----------------+-----------------+-----------------+-----------------+-------+
+performance on testing set---------+-----------------+-----------------+------+
| Rank@1,mIoU@0.3 | Rank@1,mIoU@0.5 | Rank@5,mIoU@0.3 | Rank@5,mIoU@0.5 | mIoU |
+-----------------+-----------------+-----------------+-----------------+------+
|       0.00      |       0.00      |       0.00      |       0.00      | 0.00 |
+-----------------+-----------------+-----------------+-----------------+------+

2026-04-16 03:10:49,620 
iter: 3825 train loss 0.2137 val loss 0.2248 test loss 0.0953
+performance on training set--------+-----------------+-----------------+-------+
| Rank@1,mIoU@0.3 | Rank@1,mIoU@0.5 | Rank@5,mIoU@0.3 | Rank@5,mIoU@0.5 | mIoU  |
+-----------------+-----------------+-----------------+-----------------+-------+
|      52.33      |      29.00      |      68.19      |      49.25      | 31.67 |
+-----------------+-----------------+-----------------+-----------------+-------+
+performance on validation set------+-----------------+-----------------+-------+
| Rank@1,mIoU@0.3 | Rank@1,mIoU@0.5 | Rank@5,mIoU@0.3 | Rank@5,mIoU@0.5 | mIoU  |
+-----------------+-----------------+-----------------+-----------------+-------+
|      19.67      |       4.92      |      39.34      |      11.48      | 10.78 |
+-----------------+-----------------+-----------------+-----------------+-------+
+performance on testing set---------+-----------------+-----------------+------+
| Rank@1,mIoU@0.3 | Rank@1,mIoU@0.5 | Rank@5,mIoU@0.3 | Rank@5,mIoU@0.5 | mIoU |
+-----------------+-----------------+-----------------+-----------------+------+
|       0.00      |       0.00      |       0.00      |       0.00      | 0.00 |
+-----------------+-----------------+-----------------+-----------------+------+

2026-04-16 03:13:02,170 
iter: 3870 train loss 0.2109 val loss 0.2267 test loss 0.1012
+performance on training set--------+-----------------+-----------------+-------+
| Rank@1,mIoU@0.3 | Rank@1,mIoU@0.5 | Rank@5,mIoU@0.3 | Rank@5,mIoU@0.5 | mIoU  |
+-----------------+-----------------+-----------------+-----------------+-------+
|      51.98      |      28.80      |      68.67      |      49.59      | 31.60 |
+-----------------+-----------------+-----------------+-----------------+-------+
+performance on validation set------+-----------------+-----------------+-------+
| Rank@1,mIoU@0.3 | Rank@1,mIoU@0.5 | Rank@5,mIoU@0.3 | Rank@5,mIoU@0.5 | mIoU  |
+-----------------+-----------------+-----------------+-----------------+-------+
|      19.67      |       4.92      |      39.34      |      14.75      | 10.54 |
+-----------------+-----------------+-----------------+-----------------+-------+
+performance on testing set---------+-----------------+-----------------+------+
| Rank@1,mIoU@0.3 | Rank@1,mIoU@0.5 | Rank@5,mIoU@0.3 | Rank@5,mIoU@0.5 | mIoU |
+-----------------+-----------------+-----------------+-----------------+------+
|       0.00      |       0.00      |       0.00      |       0.00      | 0.00 |
+-----------------+-----------------+-----------------+-----------------+------+

2026-04-16 03:15:12,420 
iter: 3915 train loss 0.2100 val loss 0.2257 test loss 0.0941
+performance on training set--------+-----------------+-----------------+-------+
| Rank@1,mIoU@0.3 | Rank@1,mIoU@0.5 | Rank@5,mIoU@0.3 | Rank@5,mIoU@0.5 | mIoU  |
+-----------------+-----------------+-----------------+-----------------+-------+
|      52.53      |      29.34      |      68.95      |      49.25      | 32.01 |
+-----------------+-----------------+-----------------+-----------------+-------+
+performance on validation set------+-----------------+-----------------+-------+
| Rank@1,mIoU@0.3 | Rank@1,mIoU@0.5 | Rank@5,mIoU@0.3 | Rank@5,mIoU@0.5 | mIoU  |
+-----------------+-----------------+-----------------+-----------------+-------+
|      19.67      |       4.92      |      40.98      |      14.75      | 10.40 |
+-----------------+-----------------+-----------------+-----------------+-------+
+performance on testing set---------+-----------------+-----------------+------+
| Rank@1,mIoU@0.3 | Rank@1,mIoU@0.5 | Rank@5,mIoU@0.3 | Rank@5,mIoU@0.5 | mIoU |
+-----------------+-----------------+-----------------+-----------------+------+
|       0.00      |       0.00      |       0.00      |       0.00      | 0.00 |
+-----------------+-----------------+-----------------+-----------------+------+

2026-04-16 03:17:22,588 
iter: 3960 train loss 0.2101 val loss 0.2265 test loss 0.0945
+performance on training set--------+-----------------+-----------------+-------+
| Rank@1,mIoU@0.3 | Rank@1,mIoU@0.5 | Rank@5,mIoU@0.3 | Rank@5,mIoU@0.5 | mIoU  |
+-----------------+-----------------+-----------------+-----------------+-------+
|      52.39      |      29.21      |      68.74      |      49.66      | 31.78 |
+-----------------+-----------------+-----------------+-----------------+-------+
+performance on validation set------+-----------------+-----------------+-------+
| Rank@1,mIoU@0.3 | Rank@1,mIoU@0.5 | Rank@5,mIoU@0.3 | Rank@5,mIoU@0.5 | mIoU  |
+-----------------+-----------------+-----------------+-----------------+-------+
|      18.03      |       6.56      |      39.34      |      16.39      | 10.36 |
+-----------------+-----------------+-----------------+-----------------+-------+
+performance on testing set---------+-----------------+-----------------+------+
| Rank@1,mIoU@0.3 | Rank@1,mIoU@0.5 | Rank@5,mIoU@0.3 | Rank@5,mIoU@0.5 | mIoU |
+-----------------+-----------------+-----------------+-----------------+------+
|       0.00      |       0.00      |       0.00      |       0.00      | 0.00 |
+-----------------+-----------------+-----------------+-----------------+------+

2026-04-16 03:19:32,529 
iter: 4005 train loss 0.2098 val loss 0.2326 test loss 0.1109
+performance on training set--------+-----------------+-----------------+-------+
| Rank@1,mIoU@0.3 | Rank@1,mIoU@0.5 | Rank@5,mIoU@0.3 | Rank@5,mIoU@0.5 | mIoU  |
+-----------------+-----------------+-----------------+-----------------+-------+
|      52.19      |      27.91      |      68.60      |      49.32      | 31.29 |
+-----------------+-----------------+-----------------+-----------------+-------+
+performance on validation set------+-----------------+-----------------+-------+
| Rank@1,mIoU@0.3 | Rank@1,mIoU@0.5 | Rank@5,mIoU@0.3 | Rank@5,mIoU@0.5 | mIoU  |
+-----------------+-----------------+-----------------+-----------------+-------+
|      19.67      |       4.92      |      37.70      |      13.11      | 10.85 |
+-----------------+-----------------+-----------------+-----------------+-------+
+performance on testing set---------+-----------------+-----------------+------+
| Rank@1,mIoU@0.3 | Rank@1,mIoU@0.5 | Rank@5,mIoU@0.3 | Rank@5,mIoU@0.5 | mIoU |
+-----------------+-----------------+-----------------+-----------------+------+
|       0.00      |       0.00      |       0.00      |       0.00      | 0.00 |
+-----------------+-----------------+-----------------+-----------------+------+

2026-04-16 03:21:51,983 
iter: 4050 train loss 0.2099 val loss 0.2205 test loss 0.0852
+performance on training set--------+-----------------+-----------------+-------+
| Rank@1,mIoU@0.3 | Rank@1,mIoU@0.5 | Rank@5,mIoU@0.3 | Rank@5,mIoU@0.5 | mIoU  |
+-----------------+-----------------+-----------------+-----------------+-------+
|      53.83      |      31.05      |      69.97      |      50.48      | 32.81 |
+-----------------+-----------------+-----------------+-----------------+-------+
+performance on validation set------+-----------------+-----------------+-------+
| Rank@1,mIoU@0.3 | Rank@1,mIoU@0.5 | Rank@5,mIoU@0.3 | Rank@5,mIoU@0.5 | mIoU  |
+-----------------+-----------------+-----------------+-----------------+-------+
|      21.31      |       8.20      |      37.70      |      16.39      | 11.11 |
+-----------------+-----------------+-----------------+-----------------+-------+
+performance on testing set---------+-----------------+-----------------+------+
| Rank@1,mIoU@0.3 | Rank@1,mIoU@0.5 | Rank@5,mIoU@0.3 | Rank@5,mIoU@0.5 | mIoU |
+-----------------+-----------------+-----------------+-----------------+------+
|       0.00      |       0.00      |       0.00      |       0.00      | 0.00 |
+-----------------+-----------------+-----------------+-----------------+------+

2026-04-16 03:24:09,249 
iter: 4095 train loss 0.2098 val loss 0.2275 test loss 0.1013
+performance on training set--------+-----------------+-----------------+-------+
| Rank@1,mIoU@0.3 | Rank@1,mIoU@0.5 | Rank@5,mIoU@0.3 | Rank@5,mIoU@0.5 | mIoU  |
+-----------------+-----------------+-----------------+-----------------+-------+
|      53.15      |      28.86      |      68.74      |      50.00      | 31.99 |
+-----------------+-----------------+-----------------+-----------------+-------+
+performance on validation set------+-----------------+-----------------+-------+
| Rank@1,mIoU@0.3 | Rank@1,mIoU@0.5 | Rank@5,mIoU@0.3 | Rank@5,mIoU@0.5 | mIoU  |
+-----------------+-----------------+-----------------+-----------------+-------+
|      18.03      |       6.56      |      39.34      |      14.75      | 10.60 |
+-----------------+-----------------+-----------------+-----------------+-------+
+performance on testing set---------+-----------------+-----------------+------+
| Rank@1,mIoU@0.3 | Rank@1,mIoU@0.5 | Rank@5,mIoU@0.3 | Rank@5,mIoU@0.5 | mIoU |
+-----------------+-----------------+-----------------+-----------------+------+
|       0.00      |       0.00      |       0.00      |       0.00      | 0.00 |
+-----------------+-----------------+-----------------+-----------------+------+

2026-04-16 03:26:22,868 
iter: 4140 train loss 0.2084 val loss 0.2229 test loss 0.0903
+performance on training set--------+-----------------+-----------------+-------+
| Rank@1,mIoU@0.3 | Rank@1,mIoU@0.5 | Rank@5,mIoU@0.3 | Rank@5,mIoU@0.5 | mIoU  |
+-----------------+-----------------+-----------------+-----------------+-------+
|      53.56      |      30.30      |      69.08      |      50.14      | 32.53 |
+-----------------+-----------------+-----------------+-----------------+-------+
+performance on validation set------+-----------------+-----------------+-------+
| Rank@1,mIoU@0.3 | Rank@1,mIoU@0.5 | Rank@5,mIoU@0.3 | Rank@5,mIoU@0.5 | mIoU  |
+-----------------+-----------------+-----------------+-----------------+-------+
|      19.67      |       8.20      |      36.07      |      16.39      | 10.64 |
+-----------------+-----------------+-----------------+-----------------+-------+
+performance on testing set---------+-----------------+-----------------+------+
| Rank@1,mIoU@0.3 | Rank@1,mIoU@0.5 | Rank@5,mIoU@0.3 | Rank@5,mIoU@0.5 | mIoU |
+-----------------+-----------------+-----------------+-----------------+------+
|       0.00      |       0.00      |       0.00      |       0.00      | 0.00 |
+-----------------+-----------------+-----------------+-----------------+------+

2026-04-16 03:28:31,710 
iter: 4185 train loss 0.2088 val loss 0.2296 test loss 0.1071
+performance on training set--------+-----------------+-----------------+-------+
| Rank@1,mIoU@0.3 | Rank@1,mIoU@0.5 | Rank@5,mIoU@0.3 | Rank@5,mIoU@0.5 | mIoU  |
+-----------------+-----------------+-----------------+-----------------+-------+
|      53.15      |      28.80      |      69.22      |      49.59      | 31.93 |
+-----------------+-----------------+-----------------+-----------------+-------+
+performance on validation set------+-----------------+-----------------+-------+
| Rank@1,mIoU@0.3 | Rank@1,mIoU@0.5 | Rank@5,mIoU@0.3 | Rank@5,mIoU@0.5 | mIoU  |
+-----------------+-----------------+-----------------+-----------------+-------+
|      18.03      |       6.56      |      40.98      |      16.39      | 10.43 |
+-----------------+-----------------+-----------------+-----------------+-------+
+performance on testing set---------+-----------------+-----------------+------+
| Rank@1,mIoU@0.3 | Rank@1,mIoU@0.5 | Rank@5,mIoU@0.3 | Rank@5,mIoU@0.5 | mIoU |
+-----------------+-----------------+-----------------+-----------------+------+
|       0.00      |       0.00      |       0.00      |       0.00      | 0.00 |
+-----------------+-----------------+-----------------+-----------------+------+

2026-04-16 03:30:37,983 
iter: 4230 train loss 0.2087 val loss 0.2256 test loss 0.0958
+performance on training set--------+-----------------+-----------------+-------+
| Rank@1,mIoU@0.3 | Rank@1,mIoU@0.5 | Rank@5,mIoU@0.3 | Rank@5,mIoU@0.5 | mIoU  |
+-----------------+-----------------+-----------------+-----------------+-------+
|      53.35      |      29.75      |      69.36      |      49.86      | 32.28 |
+-----------------+-----------------+-----------------+-----------------+-------+
+performance on validation set------+-----------------+-----------------+-------+
| Rank@1,mIoU@0.3 | Rank@1,mIoU@0.5 | Rank@5,mIoU@0.3 | Rank@5,mIoU@0.5 | mIoU  |
+-----------------+-----------------+-----------------+-----------------+-------+
|      18.03      |       8.20      |      37.70      |      16.39      | 10.33 |
+-----------------+-----------------+-----------------+-----------------+-------+
+performance on testing set---------+-----------------+-----------------+------+
| Rank@1,mIoU@0.3 | Rank@1,mIoU@0.5 | Rank@5,mIoU@0.3 | Rank@5,mIoU@0.5 | mIoU |
+-----------------+-----------------+-----------------+-----------------+------+
|       0.00      |       0.00      |       0.00      |       0.00      | 0.00 |
+-----------------+-----------------+-----------------+-----------------+------+

2026-04-16 03:32:44,858 
iter: 4275 train loss 0.2073 val loss 0.2287 test loss 0.1035
+performance on training set--------+-----------------+-----------------+-------+
| Rank@1,mIoU@0.3 | Rank@1,mIoU@0.5 | Rank@5,mIoU@0.3 | Rank@5,mIoU@0.5 | mIoU  |
+-----------------+-----------------+-----------------+-----------------+-------+
|      53.63      |      29.00      |      69.08      |      49.59      | 32.17 |
+-----------------+-----------------+-----------------+-----------------+-------+
+performance on validation set------+-----------------+-----------------+-------+
| Rank@1,mIoU@0.3 | Rank@1,mIoU@0.5 | Rank@5,mIoU@0.3 | Rank@5,mIoU@0.5 | mIoU  |
+-----------------+-----------------+-----------------+-----------------+-------+
|      19.67      |       8.20      |      39.34      |      16.39      | 11.07 |
+-----------------+-----------------+-----------------+-----------------+-------+
+performance on testing set---------+-----------------+-----------------+------+
| Rank@1,mIoU@0.3 | Rank@1,mIoU@0.5 | Rank@5,mIoU@0.3 | Rank@5,mIoU@0.5 | mIoU |
+-----------------+-----------------+-----------------+-----------------+------+
|       0.00      |       0.00      |       0.00      |       0.00      | 0.00 |
+-----------------+-----------------+-----------------+-----------------+------+

2026-04-16 03:34:43,696 
iter: 4320 train loss 0.2091 val loss 0.2304 test loss 0.1076
+performance on training set--------+-----------------+-----------------+-------+
| Rank@1,mIoU@0.3 | Rank@1,mIoU@0.5 | Rank@5,mIoU@0.3 | Rank@5,mIoU@0.5 | mIoU  |
+-----------------+-----------------+-----------------+-----------------+-------+
|      53.49      |      28.93      |      69.02      |      50.00      | 32.08 |
+-----------------+-----------------+-----------------+-----------------+-------+
+performance on validation set------+-----------------+-----------------+-------+
| Rank@1,mIoU@0.3 | Rank@1,mIoU@0.5 | Rank@5,mIoU@0.3 | Rank@5,mIoU@0.5 | mIoU  |
+-----------------+-----------------+-----------------+-----------------+-------+
|      19.67      |       6.56      |      39.34      |      16.39      | 10.74 |
+-----------------+-----------------+-----------------+-----------------+-------+
+performance on testing set---------+-----------------+-----------------+------+
| Rank@1,mIoU@0.3 | Rank@1,mIoU@0.5 | Rank@5,mIoU@0.3 | Rank@5,mIoU@0.5 | mIoU |
+-----------------+-----------------+-----------------+-----------------+------+
|       0.00      |       0.00      |       0.00      |       0.00      | 0.00 |
+-----------------+-----------------+-----------------+-----------------+------+

2026-04-16 03:36:42,155 
iter: 4365 train loss 0.2063 val loss 0.2238 test loss 0.0900
+performance on training set--------+-----------------+-----------------+-------+
| Rank@1,mIoU@0.3 | Rank@1,mIoU@0.5 | Rank@5,mIoU@0.3 | Rank@5,mIoU@0.5 | mIoU  |
+-----------------+-----------------+-----------------+-----------------+-------+
|      54.17      |      30.71      |      70.18      |      50.96      | 32.69 |
+-----------------+-----------------+-----------------+-----------------+-------+
+performance on validation set------+-----------------+-----------------+-------+
| Rank@1,mIoU@0.3 | Rank@1,mIoU@0.5 | Rank@5,mIoU@0.3 | Rank@5,mIoU@0.5 | mIoU  |
+-----------------+-----------------+-----------------+-----------------+-------+
|      19.67      |       8.20      |      37.70      |      18.03      | 10.90 |
+-----------------+-----------------+-----------------+-----------------+-------+
+performance on testing set---------+-----------------+-----------------+------+
| Rank@1,mIoU@0.3 | Rank@1,mIoU@0.5 | Rank@5,mIoU@0.3 | Rank@5,mIoU@0.5 | mIoU |
+-----------------+-----------------+-----------------+-----------------+------+
|       0.00      |       0.00      |       0.00      |       0.00      | 0.00 |
+-----------------+-----------------+-----------------+-----------------+------+

2026-04-16 03:38:39,483 
iter: 4410 train loss 0.2070 val loss 0.2252 test loss 0.0957
+performance on training set--------+-----------------+-----------------+-------+
| Rank@1,mIoU@0.3 | Rank@1,mIoU@0.5 | Rank@5,mIoU@0.3 | Rank@5,mIoU@0.5 | mIoU  |
+-----------------+-----------------+-----------------+-----------------+-------+
|      54.10      |      30.71      |      69.90      |      50.62      | 32.78 |
+-----------------+-----------------+-----------------+-----------------+-------+
+performance on validation set------+-----------------+-----------------+-------+
| Rank@1,mIoU@0.3 | Rank@1,mIoU@0.5 | Rank@5,mIoU@0.3 | Rank@5,mIoU@0.5 | mIoU  |
+-----------------+-----------------+-----------------+-----------------+-------+
|      18.03      |       8.20      |      36.07      |      18.03      | 10.46 |
+-----------------+-----------------+-----------------+-----------------+-------+
+performance on testing set---------+-----------------+-----------------+------+
| Rank@1,mIoU@0.3 | Rank@1,mIoU@0.5 | Rank@5,mIoU@0.3 | Rank@5,mIoU@0.5 | mIoU |
+-----------------+-----------------+-----------------+-----------------+------+
|       0.00      |       0.00      |       0.00      |       0.00      | 0.00 |
+-----------------+-----------------+-----------------+-----------------+------+

2026-04-16 03:40:37,274 
iter: 4455 train loss 0.2083 val loss 0.2250 test loss 0.0936
+performance on training set--------+-----------------+-----------------+-------+
| Rank@1,mIoU@0.3 | Rank@1,mIoU@0.5 | Rank@5,mIoU@0.3 | Rank@5,mIoU@0.5 | mIoU  |
+-----------------+-----------------+-----------------+-----------------+-------+
|      54.17      |      30.57      |      69.90      |      50.82      | 32.83 |
+-----------------+-----------------+-----------------+-----------------+-------+
+performance on validation set------+-----------------+-----------------+-------+
| Rank@1,mIoU@0.3 | Rank@1,mIoU@0.5 | Rank@5,mIoU@0.3 | Rank@5,mIoU@0.5 | mIoU  |
+-----------------+-----------------+-----------------+-----------------+-------+
|      19.67      |       8.20      |      37.70      |      18.03      | 10.86 |
+-----------------+-----------------+-----------------+-----------------+-------+
+performance on testing set---------+-----------------+-----------------+------+
| Rank@1,mIoU@0.3 | Rank@1,mIoU@0.5 | Rank@5,mIoU@0.3 | Rank@5,mIoU@0.5 | mIoU |
+-----------------+-----------------+-----------------+-----------------+------+
|       0.00      |       0.00      |       0.00      |       0.00      | 0.00 |
+-----------------+-----------------+-----------------+-----------------+------+

2026-04-16 03:42:35,212 
iter: 4500 train loss 0.2047 val loss 0.2283 test loss 0.1022
+performance on training set--------+-----------------+-----------------+-------+
| Rank@1,mIoU@0.3 | Rank@1,mIoU@0.5 | Rank@5,mIoU@0.3 | Rank@5,mIoU@0.5 | mIoU  |
+-----------------+-----------------+-----------------+-----------------+-------+
|      53.69      |      29.89      |      69.08      |      50.27      | 32.31 |
+-----------------+-----------------+-----------------+-----------------+-------+
+performance on validation set------+-----------------+-----------------+-------+
| Rank@1,mIoU@0.3 | Rank@1,mIoU@0.5 | Rank@5,mIoU@0.3 | Rank@5,mIoU@0.5 | mIoU  |
+-----------------+-----------------+-----------------+-----------------+-------+
|      19.67      |       8.20      |      39.34      |      16.39      | 10.98 |
+-----------------+-----------------+-----------------+-----------------+-------+
+performance on testing set---------+-----------------+-----------------+------+
| Rank@1,mIoU@0.3 | Rank@1,mIoU@0.5 | Rank@5,mIoU@0.3 | Rank@5,mIoU@0.5 | mIoU |
+-----------------+-----------------+-----------------+-----------------+------+
|       0.00      |       0.00      |       0.00      |       0.00      | 0.00 |
+-----------------+-----------------+-----------------+-----------------+------+

2026-04-16 03:44:33,209 
iter: 4545 train loss 0.2059 val loss 0.2272 test loss 0.1001
+performance on training set--------+-----------------+-----------------+-------+
| Rank@1,mIoU@0.3 | Rank@1,mIoU@0.5 | Rank@5,mIoU@0.3 | Rank@5,mIoU@0.5 | mIoU  |
+-----------------+-----------------+-----------------+-----------------+-------+
|      53.83      |      29.69      |      69.49      |      50.68      | 32.40 |
+-----------------+-----------------+-----------------+-----------------+-------+
+performance on validation set------+-----------------+-----------------+-------+
| Rank@1,mIoU@0.3 | Rank@1,mIoU@0.5 | Rank@5,mIoU@0.3 | Rank@5,mIoU@0.5 | mIoU  |
+-----------------+-----------------+-----------------+-----------------+-------+
|      19.67      |       8.20      |      37.70      |      18.03      | 10.93 |
+-----------------+-----------------+-----------------+-----------------+-------+
+performance on testing set---------+-----------------+-----------------+------+
| Rank@1,mIoU@0.3 | Rank@1,mIoU@0.5 | Rank@5,mIoU@0.3 | Rank@5,mIoU@0.5 | mIoU |
+-----------------+-----------------+-----------------+-----------------+------+
|       0.00      |       0.00      |       0.00      |       0.00      | 0.00 |
+-----------------+-----------------+-----------------+-----------------+------+

2026-04-16 03:46:31,912 
iter: 4590 train loss 0.2078 val loss 0.2256 test loss 0.0983
+performance on training set--------+-----------------+-----------------+-------+
| Rank@1,mIoU@0.3 | Rank@1,mIoU@0.5 | Rank@5,mIoU@0.3 | Rank@5,mIoU@0.5 | mIoU  |
+-----------------+-----------------+-----------------+-----------------+-------+
|      54.10      |      30.16      |      69.70      |      50.89      | 32.70 |
+-----------------+-----------------+-----------------+-----------------+-------+
+performance on validation set------+-----------------+-----------------+-------+
| Rank@1,mIoU@0.3 | Rank@1,mIoU@0.5 | Rank@5,mIoU@0.3 | Rank@5,mIoU@0.5 | mIoU  |
+-----------------+-----------------+-----------------+-----------------+-------+
|      19.67      |       8.20      |      36.07      |      18.03      | 11.22 |
+-----------------+-----------------+-----------------+-----------------+-------+
+performance on testing set---------+-----------------+-----------------+------+
| Rank@1,mIoU@0.3 | Rank@1,mIoU@0.5 | Rank@5,mIoU@0.3 | Rank@5,mIoU@0.5 | mIoU |
+-----------------+-----------------+-----------------+-----------------+------+
|       0.00      |       0.00      |       0.00      |       0.00      | 0.00 |
+-----------------+-----------------+-----------------+-----------------+------+

2026-04-16 03:48:30,525 
iter: 4635 train loss 0.2039 val loss 0.2255 test loss 0.0960
+performance on training set--------+-----------------+-----------------+-------+
| Rank@1,mIoU@0.3 | Rank@1,mIoU@0.5 | Rank@5,mIoU@0.3 | Rank@5,mIoU@0.5 | mIoU  |
+-----------------+-----------------+-----------------+-----------------+-------+
|      54.31      |      30.57      |      70.25      |      51.16      | 32.84 |
+-----------------+-----------------+-----------------+-----------------+-------+
+performance on validation set------+-----------------+-----------------+-------+
| Rank@1,mIoU@0.3 | Rank@1,mIoU@0.5 | Rank@5,mIoU@0.3 | Rank@5,mIoU@0.5 | mIoU  |
+-----------------+-----------------+-----------------+-----------------+-------+
|      19.67      |       8.20      |      36.07      |      18.03      | 11.06 |
+-----------------+-----------------+-----------------+-----------------+-------+
+performance on testing set---------+-----------------+-----------------+------+
| Rank@1,mIoU@0.3 | Rank@1,mIoU@0.5 | Rank@5,mIoU@0.3 | Rank@5,mIoU@0.5 | mIoU |
+-----------------+-----------------+-----------------+-----------------+------+
|       0.00      |       0.00      |       0.00      |       0.00      | 0.00 |
+-----------------+-----------------+-----------------+-----------------+------+

2026-04-16 03:50:28,937 
iter: 4680 train loss 0.2080 val loss 0.2250 test loss 0.0967
+performance on training set--------+-----------------+-----------------+-------+
| Rank@1,mIoU@0.3 | Rank@1,mIoU@0.5 | Rank@5,mIoU@0.3 | Rank@5,mIoU@0.5 | mIoU  |
+-----------------+-----------------+-----------------+-----------------+-------+
|      54.72      |      30.57      |      70.52      |      51.09      | 32.94 |
+-----------------+-----------------+-----------------+-----------------+-------+
+performance on validation set------+-----------------+-----------------+-------+
| Rank@1,mIoU@0.3 | Rank@1,mIoU@0.5 | Rank@5,mIoU@0.3 | Rank@5,mIoU@0.5 | mIoU  |
+-----------------+-----------------+-----------------+-----------------+-------+
|      19.67      |       8.20      |      37.70      |      19.67      | 11.22 |
+-----------------+-----------------+-----------------+-----------------+-------+
+performance on testing set---------+-----------------+-----------------+------+
| Rank@1,mIoU@0.3 | Rank@1,mIoU@0.5 | Rank@5,mIoU@0.3 | Rank@5,mIoU@0.5 | mIoU |
+-----------------+-----------------+-----------------+-----------------+------+
|       0.00      |       0.00      |       0.00      |       0.00      | 0.00 |
+-----------------+-----------------+-----------------+-----------------+------+

2026-04-16 03:52:44,121 
iter: 4725 train loss 0.2038 val loss 0.2270 test loss 0.0956
+performance on training set--------+-----------------+-----------------+-------+
| Rank@1,mIoU@0.3 | Rank@1,mIoU@0.5 | Rank@5,mIoU@0.3 | Rank@5,mIoU@0.5 | mIoU  |
+-----------------+-----------------+-----------------+-----------------+-------+
|      54.51      |      30.44      |      70.38      |      51.03      | 32.93 |
+-----------------+-----------------+-----------------+-----------------+-------+
+performance on validation set------+-----------------+-----------------+-------+
| Rank@1,mIoU@0.3 | Rank@1,mIoU@0.5 | Rank@5,mIoU@0.3 | Rank@5,mIoU@0.5 | mIoU  |
+-----------------+-----------------+-----------------+-----------------+-------+
|      18.03      |       6.56      |      39.34      |      18.03      | 10.43 |
+-----------------+-----------------+-----------------+-----------------+-------+
+performance on testing set---------+-----------------+-----------------+------+
| Rank@1,mIoU@0.3 | Rank@1,mIoU@0.5 | Rank@5,mIoU@0.3 | Rank@5,mIoU@0.5 | mIoU |
+-----------------+-----------------+-----------------+-----------------+------+
|       0.00      |       0.00      |       0.00      |       0.00      | 0.00 |
+-----------------+-----------------+-----------------+-----------------+------+

2026-04-16 03:54:58,287 
iter: 4770 train loss 0.2034 val loss 0.2262 test loss 0.0977
+performance on training set--------+-----------------+-----------------+-------+
| Rank@1,mIoU@0.3 | Rank@1,mIoU@0.5 | Rank@5,mIoU@0.3 | Rank@5,mIoU@0.5 | mIoU  |
+-----------------+-----------------+-----------------+-----------------+-------+
|      54.45      |      30.30      |      70.11      |      50.96      | 32.81 |
+-----------------+-----------------+-----------------+-----------------+-------+
+performance on validation set------+-----------------+-----------------+-------+
| Rank@1,mIoU@0.3 | Rank@1,mIoU@0.5 | Rank@5,mIoU@0.3 | Rank@5,mIoU@0.5 | mIoU  |
+-----------------+-----------------+-----------------+-----------------+-------+
|      19.67      |       6.56      |      37.70      |      18.03      | 11.14 |
+-----------------+-----------------+-----------------+-----------------+-------+
+performance on testing set---------+-----------------+-----------------+------+
| Rank@1,mIoU@0.3 | Rank@1,mIoU@0.5 | Rank@5,mIoU@0.3 | Rank@5,mIoU@0.5 | mIoU |
+-----------------+-----------------+-----------------+-----------------+------+
|       0.00      |       0.00      |       0.00      |       0.00      | 0.00 |
+-----------------+-----------------+-----------------+-----------------+------+

2026-04-16 03:57:11,402 
iter: 4815 train loss 0.2066 val loss 0.2245 test loss 0.0917
+performance on training set--------+-----------------+-----------------+-------+
| Rank@1,mIoU@0.3 | Rank@1,mIoU@0.5 | Rank@5,mIoU@0.3 | Rank@5,mIoU@0.5 | mIoU  |
+-----------------+-----------------+-----------------+-----------------+-------+
|      54.86      |      30.98      |      70.52      |      51.23      | 33.15 |
+-----------------+-----------------+-----------------+-----------------+-------+
+performance on validation set------+-----------------+-----------------+-------+
| Rank@1,mIoU@0.3 | Rank@1,mIoU@0.5 | Rank@5,mIoU@0.3 | Rank@5,mIoU@0.5 | mIoU  |
+-----------------+-----------------+-----------------+-----------------+-------+
|      19.67      |       8.20      |      39.34      |      18.03      | 11.55 |
+-----------------+-----------------+-----------------+-----------------+-------+
+performance on testing set---------+-----------------+-----------------+------+
| Rank@1,mIoU@0.3 | Rank@1,mIoU@0.5 | Rank@5,mIoU@0.3 | Rank@5,mIoU@0.5 | mIoU |
+-----------------+-----------------+-----------------+-----------------+------+
|       0.00      |       0.00      |       0.00      |       0.00      | 0.00 |
+-----------------+-----------------+-----------------+-----------------+------+

2026-04-16 03:59:31,246 
iter: 4860 train loss 0.2066 val loss 0.2274 test loss 0.0984
+performance on training set--------+-----------------+-----------------+-------+
| Rank@1,mIoU@0.3 | Rank@1,mIoU@0.5 | Rank@5,mIoU@0.3 | Rank@5,mIoU@0.5 | mIoU  |
+-----------------+-----------------+-----------------+-----------------+-------+
|      54.79      |      30.30      |      70.18      |      51.03      | 32.97 |
+-----------------+-----------------+-----------------+-----------------+-------+
+performance on validation set------+-----------------+-----------------+-------+
| Rank@1,mIoU@0.3 | Rank@1,mIoU@0.5 | Rank@5,mIoU@0.3 | Rank@5,mIoU@0.5 | mIoU  |
+-----------------+-----------------+-----------------+-----------------+-------+
|      19.67      |       6.56      |      37.70      |      16.39      | 10.91 |
+-----------------+-----------------+-----------------+-----------------+-------+
+performance on testing set---------+-----------------+-----------------+------+
| Rank@1,mIoU@0.3 | Rank@1,mIoU@0.5 | Rank@5,mIoU@0.3 | Rank@5,mIoU@0.5 | mIoU |
+-----------------+-----------------+-----------------+-----------------+------+
|       0.00      |       0.00      |       0.00      |       0.00      | 0.00 |
+-----------------+-----------------+-----------------+-----------------+------+

2026-04-16 04:01:46,154 
iter: 4905 train loss 0.2067 val loss 0.2280 test loss 0.1027
+performance on training set--------+-----------------+-----------------+-------+
| Rank@1,mIoU@0.3 | Rank@1,mIoU@0.5 | Rank@5,mIoU@0.3 | Rank@5,mIoU@0.5 | mIoU  |
+-----------------+-----------------+-----------------+-----------------+-------+
|      54.51      |      30.10      |      69.15      |      50.41      | 32.80 |
+-----------------+-----------------+-----------------+-----------------+-------+
+performance on validation set------+-----------------+-----------------+-------+
| Rank@1,mIoU@0.3 | Rank@1,mIoU@0.5 | Rank@5,mIoU@0.3 | Rank@5,mIoU@0.5 | mIoU  |
+-----------------+-----------------+-----------------+-----------------+-------+
|      19.67      |       6.56      |      40.98      |      14.75      | 11.40 |
+-----------------+-----------------+-----------------+-----------------+-------+
+performance on testing set---------+-----------------+-----------------+------+
| Rank@1,mIoU@0.3 | Rank@1,mIoU@0.5 | Rank@5,mIoU@0.3 | Rank@5,mIoU@0.5 | mIoU |
+-----------------+-----------------+-----------------+-----------------+------+
|       0.00      |       0.00      |       0.00      |       0.00      | 0.00 |
+-----------------+-----------------+-----------------+-----------------+------+

2026-04-16 04:03:58,942 
iter: 4950 train loss 0.2022 val loss 0.2298 test loss 0.1084
+performance on training set--------+-----------------+-----------------+-------+
| Rank@1,mIoU@0.3 | Rank@1,mIoU@0.5 | Rank@5,mIoU@0.3 | Rank@5,mIoU@0.5 | mIoU  |
+-----------------+-----------------+-----------------+-----------------+-------+
|      54.45      |      29.69      |      69.63      |      50.75      | 32.65 |
+-----------------+-----------------+-----------------+-----------------+-------+
+performance on validation set------+-----------------+-----------------+-------+
| Rank@1,mIoU@0.3 | Rank@1,mIoU@0.5 | Rank@5,mIoU@0.3 | Rank@5,mIoU@0.5 | mIoU  |
+-----------------+-----------------+-----------------+-----------------+-------+
|      19.67      |       6.56      |      39.34      |      14.75      | 10.97 |
+-----------------+-----------------+-----------------+-----------------+-------+
+performance on testing set---------+-----------------+-----------------+------+
| Rank@1,mIoU@0.3 | Rank@1,mIoU@0.5 | Rank@5,mIoU@0.3 | Rank@5,mIoU@0.5 | mIoU |
+-----------------+-----------------+-----------------+-----------------+------+
|       0.00      |       0.00      |       0.00      |       0.00      | 0.00 |
+-----------------+-----------------+-----------------+-----------------+------+

2026-04-16 04:05:58,520 
iter: 4995 train loss 0.2050 val loss 0.2266 test loss 0.0997
+performance on training set--------+-----------------+-----------------+-------+
| Rank@1,mIoU@0.3 | Rank@1,mIoU@0.5 | Rank@5,mIoU@0.3 | Rank@5,mIoU@0.5 | mIoU  |
+-----------------+-----------------+-----------------+-----------------+-------+
|      54.99      |      30.57      |      70.31      |      51.09      | 33.08 |
+-----------------+-----------------+-----------------+-----------------+-------+
+performance on validation set------+-----------------+-----------------+-------+
| Rank@1,mIoU@0.3 | Rank@1,mIoU@0.5 | Rank@5,mIoU@0.3 | Rank@5,mIoU@0.5 | mIoU  |
+-----------------+-----------------+-----------------+-----------------+-------+
|      19.67      |       6.56      |      39.34      |      16.39      | 11.30 |
+-----------------+-----------------+-----------------+-----------------+-------+
+performance on testing set---------+-----------------+-----------------+------+
| Rank@1,mIoU@0.3 | Rank@1,mIoU@0.5 | Rank@5,mIoU@0.3 | Rank@5,mIoU@0.5 | mIoU |
+-----------------+-----------------+-----------------+-----------------+------+
|       0.00      |       0.00      |       0.00      |       0.00      | 0.00 |
+-----------------+-----------------+-----------------+-----------------+------+

2026-04-16 04:08:03,160 
iter: 5040 train loss 0.2046 val loss 0.2266 test loss 0.1004
+performance on training set--------+-----------------+-----------------+-------+
| Rank@1,mIoU@0.3 | Rank@1,mIoU@0.5 | Rank@5,mIoU@0.3 | Rank@5,mIoU@0.5 | mIoU  |
+-----------------+-----------------+-----------------+-----------------+-------+
|      54.86      |      30.30      |      70.04      |      50.96      | 33.02 |
+-----------------+-----------------+-----------------+-----------------+-------+
+performance on validation set------+-----------------+-----------------+-------+
| Rank@1,mIoU@0.3 | Rank@1,mIoU@0.5 | Rank@5,mIoU@0.3 | Rank@5,mIoU@0.5 | mIoU  |
+-----------------+-----------------+-----------------+-----------------+-------+
|      19.67      |       6.56      |      37.70      |      16.39      | 11.26 |
+-----------------+-----------------+-----------------+-----------------+-------+
+performance on testing set---------+-----------------+-----------------+------+
| Rank@1,mIoU@0.3 | Rank@1,mIoU@0.5 | Rank@5,mIoU@0.3 | Rank@5,mIoU@0.5 | mIoU |
+-----------------+-----------------+-----------------+-----------------+------+
|       0.00      |       0.00      |       0.00      |       0.00      | 0.00 |
+-----------------+-----------------+-----------------+-----------------+------+

2026-04-16 04:10:07,249 
iter: 5085 train loss 0.2063 val loss 0.2262 test loss 0.0988
+performance on training set--------+-----------------+-----------------+-------+
| Rank@1,mIoU@0.3 | Rank@1,mIoU@0.5 | Rank@5,mIoU@0.3 | Rank@5,mIoU@0.5 | mIoU  |
+-----------------+-----------------+-----------------+-----------------+-------+
|      55.13      |      30.44      |      70.66      |      51.16      | 33.27 |
+-----------------+-----------------+-----------------+-----------------+-------+
+performance on validation set------+-----------------+-----------------+-------+
| Rank@1,mIoU@0.3 | Rank@1,mIoU@0.5 | Rank@5,mIoU@0.3 | Rank@5,mIoU@0.5 | mIoU  |
+-----------------+-----------------+-----------------+-----------------+-------+
|      19.67      |       6.56      |      37.70      |      18.03      | 11.40 |
+-----------------+-----------------+-----------------+-----------------+-------+
+performance on testing set---------+-----------------+-----------------+------+
| Rank@1,mIoU@0.3 | Rank@1,mIoU@0.5 | Rank@5,mIoU@0.3 | Rank@5,mIoU@0.5 | mIoU |
+-----------------+-----------------+-----------------+-----------------+------+
|       0.00      |       0.00      |       0.00      |       0.00      | 0.00 |
+-----------------+-----------------+-----------------+-----------------+------+

2026-04-16 04:12:12,989 
iter: 5130 train loss 0.2016 val loss 0.2255 test loss 0.0939
+performance on training set--------+-----------------+-----------------+-------+
| Rank@1,mIoU@0.3 | Rank@1,mIoU@0.5 | Rank@5,mIoU@0.3 | Rank@5,mIoU@0.5 | mIoU  |
+-----------------+-----------------+-----------------+-----------------+-------+
|      55.06      |      30.85      |      70.86      |      51.37      | 33.36 |
+-----------------+-----------------+-----------------+-----------------+-------+
+performance on validation set------+-----------------+-----------------+-------+
| Rank@1,mIoU@0.3 | Rank@1,mIoU@0.5 | Rank@5,mIoU@0.3 | Rank@5,mIoU@0.5 | mIoU  |
+-----------------+-----------------+-----------------+-----------------+-------+
|      18.03      |       6.56      |      37.70      |      18.03      | 11.07 |
+-----------------+-----------------+-----------------+-----------------+-------+
+performance on testing set---------+-----------------+-----------------+------+
| Rank@1,mIoU@0.3 | Rank@1,mIoU@0.5 | Rank@5,mIoU@0.3 | Rank@5,mIoU@0.5 | mIoU |
+-----------------+-----------------+-----------------+-----------------+------+
|       0.00      |       0.00      |       0.00      |       0.00      | 0.00 |
+-----------------+-----------------+-----------------+-----------------+------+

2026-04-16 04:14:15,384 
iter: 5175 train loss 0.2036 val loss 0.2246 test loss 0.0947
+performance on training set--------+-----------------+-----------------+-------+
| Rank@1,mIoU@0.3 | Rank@1,mIoU@0.5 | Rank@5,mIoU@0.3 | Rank@5,mIoU@0.5 | mIoU  |
+-----------------+-----------------+-----------------+-----------------+-------+
|      55.20      |      30.78      |      70.52      |      51.85      | 33.48 |
+-----------------+-----------------+-----------------+-----------------+-------+
+performance on validation set------+-----------------+-----------------+-------+
| Rank@1,mIoU@0.3 | Rank@1,mIoU@0.5 | Rank@5,mIoU@0.3 | Rank@5,mIoU@0.5 | mIoU  |
+-----------------+-----------------+-----------------+-----------------+-------+
|      19.67      |       6.56      |      37.70      |      16.39      | 11.50 |
+-----------------+-----------------+-----------------+-----------------+-------+
+performance on testing set---------+-----------------+-----------------+------+
| Rank@1,mIoU@0.3 | Rank@1,mIoU@0.5 | Rank@5,mIoU@0.3 | Rank@5,mIoU@0.5 | mIoU |
+-----------------+-----------------+-----------------+-----------------+------+
|       0.00      |       0.00      |       0.00      |       0.00      | 0.00 |
+-----------------+-----------------+-----------------+-----------------+------+

2026-04-16 04:16:19,219 
iter: 5220 train loss 0.1988 val loss 0.2259 test loss 0.0954
+performance on training set--------+-----------------+-----------------+-------+
| Rank@1,mIoU@0.3 | Rank@1,mIoU@0.5 | Rank@5,mIoU@0.3 | Rank@5,mIoU@0.5 | mIoU  |
+-----------------+-----------------+-----------------+-----------------+-------+
|      55.40      |      30.78      |      70.86      |      51.37      | 33.36 |
+-----------------+-----------------+-----------------+-----------------+-------+
+performance on validation set------+-----------------+-----------------+-------+
| Rank@1,mIoU@0.3 | Rank@1,mIoU@0.5 | Rank@5,mIoU@0.3 | Rank@5,mIoU@0.5 | mIoU  |
+-----------------+-----------------+-----------------+-----------------+-------+
|      19.67      |       6.56      |      39.34      |      19.67      | 11.40 |
+-----------------+-----------------+-----------------+-----------------+-------+
+performance on testing set---------+-----------------+-----------------+------+
| Rank@1,mIoU@0.3 | Rank@1,mIoU@0.5 | Rank@5,mIoU@0.3 | Rank@5,mIoU@0.5 | mIoU |
+-----------------+-----------------+-----------------+-----------------+------+
|       0.00      |       0.00      |       0.00      |       0.00      | 0.00 |
+-----------------+-----------------+-----------------+-----------------+------+

2026-04-16 04:18:23,862 
iter: 5265 train loss 0.2124 val loss 0.2259 test loss 0.0976
+performance on training set--------+-----------------+-----------------+-------+
| Rank@1,mIoU@0.3 | Rank@1,mIoU@0.5 | Rank@5,mIoU@0.3 | Rank@5,mIoU@0.5 | mIoU  |
+-----------------+-----------------+-----------------+-----------------+-------+
|      55.13      |      30.71      |      70.38      |      52.05      | 33.35 |
+-----------------+-----------------+-----------------+-----------------+-------+
+performance on validation set------+-----------------+-----------------+-------+
| Rank@1,mIoU@0.3 | Rank@1,mIoU@0.5 | Rank@5,mIoU@0.3 | Rank@5,mIoU@0.5 | mIoU  |
+-----------------+-----------------+-----------------+-----------------+-------+
|      19.67      |       6.56      |      37.70      |      16.39      | 11.40 |
+-----------------+-----------------+-----------------+-----------------+-------+
+performance on testing set---------+-----------------+-----------------+------+
| Rank@1,mIoU@0.3 | Rank@1,mIoU@0.5 | Rank@5,mIoU@0.3 | Rank@5,mIoU@0.5 | mIoU |
+-----------------+-----------------+-----------------+-----------------+------+
|       0.00      |       0.00      |       0.00      |       0.00      | 0.00 |
+-----------------+-----------------+-----------------+-----------------+------+

2026-04-16 04:20:27,864 
iter: 5310 train loss 0.1985 val loss 0.2275 test loss 0.1003
+performance on training set--------+-----------------+-----------------+-------+
| Rank@1,mIoU@0.3 | Rank@1,mIoU@0.5 | Rank@5,mIoU@0.3 | Rank@5,mIoU@0.5 | mIoU  |
+-----------------+-----------------+-----------------+-----------------+-------+
|      54.92      |      30.37      |      70.66      |      51.44      | 33.19 |
+-----------------+-----------------+-----------------+-----------------+-------+
+performance on validation set------+-----------------+-----------------+-------+
| Rank@1,mIoU@0.3 | Rank@1,mIoU@0.5 | Rank@5,mIoU@0.3 | Rank@5,mIoU@0.5 | mIoU  |
+-----------------+-----------------+-----------------+-----------------+-------+
|      19.67      |       6.56      |      37.70      |      16.39      | 11.14 |
+-----------------+-----------------+-----------------+-----------------+-------+
+performance on testing set---------+-----------------+-----------------+------+
| Rank@1,mIoU@0.3 | Rank@1,mIoU@0.5 | Rank@5,mIoU@0.3 | Rank@5,mIoU@0.5 | mIoU |
+-----------------+-----------------+-----------------+-----------------+------+
|       0.00      |       0.00      |       0.00      |       0.00      | 0.00 |
+-----------------+-----------------+-----------------+-----------------+------+

2026-04-16 04:22:32,542 
iter: 5355 train loss 0.2065 val loss 0.2249 test loss 0.0922
+performance on training set--------+-----------------+-----------------+-------+
| Rank@1,mIoU@0.3 | Rank@1,mIoU@0.5 | Rank@5,mIoU@0.3 | Rank@5,mIoU@0.5 | mIoU  |
+-----------------+-----------------+-----------------+-----------------+-------+
|      55.13      |      30.85      |      71.00      |      52.26      | 33.43 |
+-----------------+-----------------+-----------------+-----------------+-------+
+performance on validation set------+-----------------+-----------------+-------+
| Rank@1,mIoU@0.3 | Rank@1,mIoU@0.5 | Rank@5,mIoU@0.3 | Rank@5,mIoU@0.5 | mIoU  |
+-----------------+-----------------+-----------------+-----------------+-------+
|      19.67      |       6.56      |      40.98      |      18.03      | 11.61 |
+-----------------+-----------------+-----------------+-----------------+-------+
+performance on testing set---------+-----------------+-----------------+------+
| Rank@1,mIoU@0.3 | Rank@1,mIoU@0.5 | Rank@5,mIoU@0.3 | Rank@5,mIoU@0.5 | mIoU |
+-----------------+-----------------+-----------------+-----------------+------+
|       0.00      |       0.00      |       0.00      |       0.00      | 0.00 |
+-----------------+-----------------+-----------------+-----------------+------+

2026-04-16 04:24:36,610 
iter: 5400 train loss 0.2021 val loss 0.2247 test loss 0.0909
+performance on training set--------+-----------------+-----------------+-------+
| Rank@1,mIoU@0.3 | Rank@1,mIoU@0.5 | Rank@5,mIoU@0.3 | Rank@5,mIoU@0.5 | mIoU  |
+-----------------+-----------------+-----------------+-----------------+-------+
|      55.34      |      31.05      |      70.86      |      51.92      | 33.62 |
+-----------------+-----------------+-----------------+-----------------+-------+
+performance on validation set------+-----------------+-----------------+-------+
| Rank@1,mIoU@0.3 | Rank@1,mIoU@0.5 | Rank@5,mIoU@0.3 | Rank@5,mIoU@0.5 | mIoU  |
+-----------------+-----------------+-----------------+-----------------+-------+
|      19.67      |       6.56      |      42.62      |      21.31      | 11.75 |
+-----------------+-----------------+-----------------+-----------------+-------+
+performance on testing set---------+-----------------+-----------------+------+
| Rank@1,mIoU@0.3 | Rank@1,mIoU@0.5 | Rank@5,mIoU@0.3 | Rank@5,mIoU@0.5 | mIoU |
+-----------------+-----------------+-----------------+-----------------+------+
|       0.00      |       0.00      |       0.00      |       0.00      | 0.00 |
+-----------------+-----------------+-----------------+-----------------+------+

2026-04-16 04:26:40,727 
iter: 5445 train loss 0.2018 val loss 0.2261 test loss 0.0973
+performance on training set--------+-----------------+-----------------+-------+
| Rank@1,mIoU@0.3 | Rank@1,mIoU@0.5 | Rank@5,mIoU@0.3 | Rank@5,mIoU@0.5 | mIoU  |
+-----------------+-----------------+-----------------+-----------------+-------+
|      55.27      |      30.85      |      70.59      |      51.92      | 33.49 |
+-----------------+-----------------+-----------------+-----------------+-------+
+performance on validation set------+-----------------+-----------------+-------+
| Rank@1,mIoU@0.3 | Rank@1,mIoU@0.5 | Rank@5,mIoU@0.3 | Rank@5,mIoU@0.5 | mIoU  |
+-----------------+-----------------+-----------------+-----------------+-------+
|      19.67      |       6.56      |      34.43      |      18.03      | 11.27 |
+-----------------+-----------------+-----------------+-----------------+-------+
+performance on testing set---------+-----------------+-----------------+------+
| Rank@1,mIoU@0.3 | Rank@1,mIoU@0.5 | Rank@5,mIoU@0.3 | Rank@5,mIoU@0.5 | mIoU |
+-----------------+-----------------+-----------------+-----------------+------+
|       0.00      |       0.00      |       0.00      |       0.00      | 0.00 |
+-----------------+-----------------+-----------------+-----------------+------+

2026-04-16 04:28:43,554 
iter: 5490 train loss 0.2031 val loss 0.2249 test loss 0.0941
+performance on training set--------+-----------------+-----------------+-------+
| Rank@1,mIoU@0.3 | Rank@1,mIoU@0.5 | Rank@5,mIoU@0.3 | Rank@5,mIoU@0.5 | mIoU  |
+-----------------+-----------------+-----------------+-----------------+-------+
|      55.34      |      30.98      |      71.20      |      52.19      | 33.55 |
+-----------------+-----------------+-----------------+-----------------+-------+
+performance on validation set------+-----------------+-----------------+-------+
| Rank@1,mIoU@0.3 | Rank@1,mIoU@0.5 | Rank@5,mIoU@0.3 | Rank@5,mIoU@0.5 | mIoU  |
+-----------------+-----------------+-----------------+-----------------+-------+
|      18.03      |       6.56      |      36.07      |      16.39      | 11.06 |
+-----------------+-----------------+-----------------+-----------------+-------+
+performance on testing set---------+-----------------+-----------------+------+
| Rank@1,mIoU@0.3 | Rank@1,mIoU@0.5 | Rank@5,mIoU@0.3 | Rank@5,mIoU@0.5 | mIoU |
+-----------------+-----------------+-----------------+-----------------+------+
|       0.00      |       0.00      |       0.00      |       0.00      | 0.00 |
+-----------------+-----------------+-----------------+-----------------+------+

2026-04-16 04:30:48,658 
iter: 5535 train loss 0.2024 val loss 0.2262 test loss 0.0943
+performance on training set--------+-----------------+-----------------+-------+
| Rank@1,mIoU@0.3 | Rank@1,mIoU@0.5 | Rank@5,mIoU@0.3 | Rank@5,mIoU@0.5 | mIoU  |
+-----------------+-----------------+-----------------+-----------------+-------+
|      55.34      |      30.78      |      70.59      |      51.37      | 33.35 |
+-----------------+-----------------+-----------------+-----------------+-------+
+performance on validation set------+-----------------+-----------------+-------+
| Rank@1,mIoU@0.3 | Rank@1,mIoU@0.5 | Rank@5,mIoU@0.3 | Rank@5,mIoU@0.5 | mIoU  |
+-----------------+-----------------+-----------------+-----------------+-------+
|      18.03      |       6.56      |      40.98      |      18.03      | 11.11 |
+-----------------+-----------------+-----------------+-----------------+-------+
+performance on testing set---------+-----------------+-----------------+------+
| Rank@1,mIoU@0.3 | Rank@1,mIoU@0.5 | Rank@5,mIoU@0.3 | Rank@5,mIoU@0.5 | mIoU |
+-----------------+-----------------+-----------------+-----------------+------+
|       0.00      |       0.00      |       0.00      |       0.00      | 0.00 |
+-----------------+-----------------+-----------------+-----------------+------+

2026-04-16 04:32:46,066 
iter: 5580 train loss 0.2005 val loss 0.2236 test loss 0.0878
+performance on training set--------+-----------------+-----------------+-------+
| Rank@1,mIoU@0.3 | Rank@1,mIoU@0.5 | Rank@5,mIoU@0.3 | Rank@5,mIoU@0.5 | mIoU  |
+-----------------+-----------------+-----------------+-----------------+-------+
|      55.54      |      31.60      |      70.86      |      52.53      | 33.89 |
+-----------------+-----------------+-----------------+-----------------+-------+
+performance on validation set------+-----------------+-----------------+-------+
| Rank@1,mIoU@0.3 | Rank@1,mIoU@0.5 | Rank@5,mIoU@0.3 | Rank@5,mIoU@0.5 | mIoU  |
+-----------------+-----------------+-----------------+-----------------+-------+
|      19.67      |       6.56      |      37.70      |      19.67      | 11.75 |
+-----------------+-----------------+-----------------+-----------------+-------+
+performance on testing set---------+-----------------+-----------------+------+
| Rank@1,mIoU@0.3 | Rank@1,mIoU@0.5 | Rank@5,mIoU@0.3 | Rank@5,mIoU@0.5 | mIoU |
+-----------------+-----------------+-----------------+-----------------+------+
|       0.00      |       0.00      |       0.00      |       0.00      | 0.00 |
+-----------------+-----------------+-----------------+-----------------+------+

2026-04-16 04:34:44,176 
iter: 5625 train loss 0.2047 val loss 0.2248 test loss 0.0919
+performance on training set--------+-----------------+-----------------+-------+
| Rank@1,mIoU@0.3 | Rank@1,mIoU@0.5 | Rank@5,mIoU@0.3 | Rank@5,mIoU@0.5 | mIoU  |
+-----------------+-----------------+-----------------+-----------------+-------+
|      55.47      |      31.53      |      70.86      |      52.53      | 33.76 |
+-----------------+-----------------+-----------------+-----------------+-------+
+performance on validation set------+-----------------+-----------------+-------+
| Rank@1,mIoU@0.3 | Rank@1,mIoU@0.5 | Rank@5,mIoU@0.3 | Rank@5,mIoU@0.5 | mIoU  |
+-----------------+-----------------+-----------------+-----------------+-------+
|      19.67      |       6.56      |      40.98      |      21.31      | 11.48 |
+-----------------+-----------------+-----------------+-----------------+-------+
+performance on testing set---------+-----------------+-----------------+------+
| Rank@1,mIoU@0.3 | Rank@1,mIoU@0.5 | Rank@5,mIoU@0.3 | Rank@5,mIoU@0.5 | mIoU |
+-----------------+-----------------+-----------------+-----------------+------+
|       0.00      |       0.00      |       0.00      |       0.00      | 0.00 |
+-----------------+-----------------+-----------------+-----------------+------+

2026-04-16 04:36:42,126 
iter: 5670 train loss 0.2005 val loss 0.2278 test loss 0.0983
+performance on training set--------+-----------------+-----------------+-------+
| Rank@1,mIoU@0.3 | Rank@1,mIoU@0.5 | Rank@5,mIoU@0.3 | Rank@5,mIoU@0.5 | mIoU  |
+-----------------+-----------------+-----------------+-----------------+-------+
|      55.13      |      30.85      |      70.73      |      51.98      | 33.36 |
+-----------------+-----------------+-----------------+-----------------+-------+
+performance on validation set------+-----------------+-----------------+-------+
| Rank@1,mIoU@0.3 | Rank@1,mIoU@0.5 | Rank@5,mIoU@0.3 | Rank@5,mIoU@0.5 | mIoU  |
+-----------------+-----------------+-----------------+-----------------+-------+
|      16.39      |       6.56      |      40.98      |      18.03      | 10.88 |
+-----------------+-----------------+-----------------+-----------------+-------+
+performance on testing set---------+-----------------+-----------------+------+
| Rank@1,mIoU@0.3 | Rank@1,mIoU@0.5 | Rank@5,mIoU@0.3 | Rank@5,mIoU@0.5 | mIoU |
+-----------------+-----------------+-----------------+-----------------+------+
|       0.00      |       0.00      |       0.00      |       0.00      | 0.00 |
+-----------------+-----------------+-----------------+-----------------+------+

2026-04-16 04:38:39,803 
iter: 5715 train loss 0.2045 val loss 0.2267 test loss 0.0975
+performance on training set--------+-----------------+-----------------+-------+
| Rank@1,mIoU@0.3 | Rank@1,mIoU@0.5 | Rank@5,mIoU@0.3 | Rank@5,mIoU@0.5 | mIoU  |
+-----------------+-----------------+-----------------+-----------------+-------+
|      55.13      |      30.85      |      70.73      |      52.12      | 33.49 |
+-----------------+-----------------+-----------------+-----------------+-------+
+performance on validation set------+-----------------+-----------------+-------+
| Rank@1,mIoU@0.3 | Rank@1,mIoU@0.5 | Rank@5,mIoU@0.3 | Rank@5,mIoU@0.5 | mIoU  |
+-----------------+-----------------+-----------------+-----------------+-------+
|      18.03      |       6.56      |      36.07      |      16.39      | 10.99 |
+-----------------+-----------------+-----------------+-----------------+-------+
+performance on testing set---------+-----------------+-----------------+------+
| Rank@1,mIoU@0.3 | Rank@1,mIoU@0.5 | Rank@5,mIoU@0.3 | Rank@5,mIoU@0.5 | mIoU |
+-----------------+-----------------+-----------------+-----------------+------+
|       0.00      |       0.00      |       0.00      |       0.00      | 0.00 |
+-----------------+-----------------+-----------------+-----------------+------+

2026-04-16 04:40:38,480 
iter: 5760 train loss 0.2026 val loss 0.2253 test loss 0.0926
+performance on training set--------+-----------------+-----------------+-------+
| Rank@1,mIoU@0.3 | Rank@1,mIoU@0.5 | Rank@5,mIoU@0.3 | Rank@5,mIoU@0.5 | mIoU  |
+-----------------+-----------------+-----------------+-----------------+-------+
|      55.27      |      31.26      |      70.86      |      52.19      | 33.60 |
+-----------------+-----------------+-----------------+-----------------+-------+
+performance on validation set------+-----------------+-----------------+-------+
| Rank@1,mIoU@0.3 | Rank@1,mIoU@0.5 | Rank@5,mIoU@0.3 | Rank@5,mIoU@0.5 | mIoU  |
+-----------------+-----------------+-----------------+-----------------+-------+
|      19.67      |       6.56      |      40.98      |      18.03      | 11.68 |
+-----------------+-----------------+-----------------+-----------------+-------+
+performance on testing set---------+-----------------+-----------------+------+
| Rank@1,mIoU@0.3 | Rank@1,mIoU@0.5 | Rank@5,mIoU@0.3 | Rank@5,mIoU@0.5 | mIoU |
+-----------------+-----------------+-----------------+-----------------+------+
|       0.00      |       0.00      |       0.00      |       0.00      | 0.00 |
+-----------------+-----------------+-----------------+-----------------+------+

2026-04-16 04:42:34,393 
iter: 5805 train loss 0.2011 val loss 0.2267 test loss 0.0965
+performance on training set--------+-----------------+-----------------+-------+
| Rank@1,mIoU@0.3 | Rank@1,mIoU@0.5 | Rank@5,mIoU@0.3 | Rank@5,mIoU@0.5 | mIoU  |
+-----------------+-----------------+-----------------+-----------------+-------+
|      55.13      |      30.92      |      70.52      |      52.53      | 33.57 |
+-----------------+-----------------+-----------------+-----------------+-------+
+performance on validation set------+-----------------+-----------------+-------+
| Rank@1,mIoU@0.3 | Rank@1,mIoU@0.5 | Rank@5,mIoU@0.3 | Rank@5,mIoU@0.5 | mIoU  |
+-----------------+-----------------+-----------------+-----------------+-------+
|      16.39      |       6.56      |      37.70      |      18.03      | 10.80 |
+-----------------+-----------------+-----------------+-----------------+-------+
+performance on testing set---------+-----------------+-----------------+------+
| Rank@1,mIoU@0.3 | Rank@1,mIoU@0.5 | Rank@5,mIoU@0.3 | Rank@5,mIoU@0.5 | mIoU |
+-----------------+-----------------+-----------------+-----------------+------+
|       0.00      |       0.00      |       0.00      |       0.00      | 0.00 |
+-----------------+-----------------+-----------------+-----------------+------+

2026-04-16 04:44:30,176 
iter: 5850 train loss 0.2014 val loss 0.2250 test loss 0.0922
+performance on training set--------+-----------------+-----------------+-------+
| Rank@1,mIoU@0.3 | Rank@1,mIoU@0.5 | Rank@5,mIoU@0.3 | Rank@5,mIoU@0.5 | mIoU  |
+-----------------+-----------------+-----------------+-----------------+-------+
|      55.54      |      31.40      |      70.86      |      52.33      | 33.78 |
+-----------------+-----------------+-----------------+-----------------+-------+
+performance on validation set------+-----------------+-----------------+-------+
| Rank@1,mIoU@0.3 | Rank@1,mIoU@0.5 | Rank@5,mIoU@0.3 | Rank@5,mIoU@0.5 | mIoU  |
+-----------------+-----------------+-----------------+-----------------+-------+
|      19.67      |       6.56      |      40.98      |      18.03      | 11.65 |
+-----------------+-----------------+-----------------+-----------------+-------+
+performance on testing set---------+-----------------+-----------------+------+
| Rank@1,mIoU@0.3 | Rank@1,mIoU@0.5 | Rank@5,mIoU@0.3 | Rank@5,mIoU@0.5 | mIoU |
+-----------------+-----------------+-----------------+-----------------+------+
|       0.00      |       0.00      |       0.00      |       0.00      | 0.00 |
+-----------------+-----------------+-----------------+-----------------+------+

2026-04-16 04:46:28,490 
iter: 5895 train loss 0.2015 val loss 0.2263 test loss 0.0957
+performance on training set--------+-----------------+-----------------+-------+
| Rank@1,mIoU@0.3 | Rank@1,mIoU@0.5 | Rank@5,mIoU@0.3 | Rank@5,mIoU@0.5 | mIoU  |
+-----------------+-----------------+-----------------+-----------------+-------+
|      55.47      |      31.19      |      70.93      |      52.46      | 33.70 |
+-----------------+-----------------+-----------------+-----------------+-------+
+performance on validation set------+-----------------+-----------------+-------+
| Rank@1,mIoU@0.3 | Rank@1,mIoU@0.5 | Rank@5,mIoU@0.3 | Rank@5,mIoU@0.5 | mIoU  |
+-----------------+-----------------+-----------------+-----------------+-------+
|      16.39      |       6.56      |      39.34      |      18.03      | 10.93 |
+-----------------+-----------------+-----------------+-----------------+-------+
+performance on testing set---------+-----------------+-----------------+------+
| Rank@1,mIoU@0.3 | Rank@1,mIoU@0.5 | Rank@5,mIoU@0.3 | Rank@5,mIoU@0.5 | mIoU |
+-----------------+-----------------+-----------------+-----------------+------+
|       0.00      |       0.00      |       0.00      |       0.00      | 0.00 |
+-----------------+-----------------+-----------------+-----------------+------+

2026-04-16 04:48:26,699 
iter: 5940 train loss 0.2039 val loss 0.2277 test loss 0.1013
+performance on training set--------+-----------------+-----------------+-------+
| Rank@1,mIoU@0.3 | Rank@1,mIoU@0.5 | Rank@5,mIoU@0.3 | Rank@5,mIoU@0.5 | mIoU  |
+-----------------+-----------------+-----------------+-----------------+-------+
|      55.47      |      30.85      |      70.59      |      51.98      | 33.52 |
+-----------------+-----------------+-----------------+-----------------+-------+
+performance on validation set------+-----------------+-----------------+-------+
| Rank@1,mIoU@0.3 | Rank@1,mIoU@0.5 | Rank@5,mIoU@0.3 | Rank@5,mIoU@0.5 | mIoU  |
+-----------------+-----------------+-----------------+-----------------+-------+
|      16.39      |       6.56      |      39.34      |      14.75      | 10.89 |
+-----------------+-----------------+-----------------+-----------------+-------+
+performance on testing set---------+-----------------+-----------------+------+
| Rank@1,mIoU@0.3 | Rank@1,mIoU@0.5 | Rank@5,mIoU@0.3 | Rank@5,mIoU@0.5 | mIoU |
+-----------------+-----------------+-----------------+-----------------+------+
|       0.00      |       0.00      |       0.00      |       0.00      | 0.00 |
+-----------------+-----------------+-----------------+-----------------+------+

2026-04-16 04:50:41,316 
iter: 5985 train loss 0.2006 val loss 0.2258 test loss 0.0951
+performance on training set--------+-----------------+-----------------+-------+
| Rank@1,mIoU@0.3 | Rank@1,mIoU@0.5 | Rank@5,mIoU@0.3 | Rank@5,mIoU@0.5 | mIoU  |
+-----------------+-----------------+-----------------+-----------------+-------+
|      55.68      |      31.19      |      70.79      |      52.67      | 33.77 |
+-----------------+-----------------+-----------------+-----------------+-------+
+performance on validation set------+-----------------+-----------------+-------+
| Rank@1,mIoU@0.3 | Rank@1,mIoU@0.5 | Rank@5,mIoU@0.3 | Rank@5,mIoU@0.5 | mIoU  |
+-----------------+-----------------+-----------------+-----------------+-------+
|      14.75      |       6.56      |      37.70      |      16.39      | 10.66 |
+-----------------+-----------------+-----------------+-----------------+-------+
+performance on testing set---------+-----------------+-----------------+------+
| Rank@1,mIoU@0.3 | Rank@1,mIoU@0.5 | Rank@5,mIoU@0.3 | Rank@5,mIoU@0.5 | mIoU |
+-----------------+-----------------+-----------------+-----------------+------+
|       0.00      |       0.00      |       0.00      |       0.00      | 0.00 |
+-----------------+-----------------+-----------------+-----------------+------+

2026-04-16 04:52:56,468 
iter: 6030 train loss 0.2032 val loss 0.2237 test loss 0.0890
+performance on training set--------+-----------------+-----------------+-------+
| Rank@1,mIoU@0.3 | Rank@1,mIoU@0.5 | Rank@5,mIoU@0.3 | Rank@5,mIoU@0.5 | mIoU  |
+-----------------+-----------------+-----------------+-----------------+-------+
|      55.68      |      31.60      |      71.14      |      52.74      | 33.95 |
+-----------------+-----------------+-----------------+-----------------+-------+
+performance on validation set------+-----------------+-----------------+-------+
| Rank@1,mIoU@0.3 | Rank@1,mIoU@0.5 | Rank@5,mIoU@0.3 | Rank@5,mIoU@0.5 | mIoU  |
+-----------------+-----------------+-----------------+-----------------+-------+
|      18.03      |       6.56      |      39.34      |      19.67      | 11.49 |
+-----------------+-----------------+-----------------+-----------------+-------+
+performance on testing set---------+-----------------+-----------------+------+
| Rank@1,mIoU@0.3 | Rank@1,mIoU@0.5 | Rank@5,mIoU@0.3 | Rank@5,mIoU@0.5 | mIoU |
+-----------------+-----------------+-----------------+-----------------+------+
|       0.00      |       0.00      |       0.00      |       0.00      | 0.00 |
+-----------------+-----------------+-----------------+-----------------+------+

2026-04-16 04:55:12,957 
iter: 6075 train loss 0.2015 val loss 0.2241 test loss 0.0885
+performance on training set--------+-----------------+-----------------+-------+
| Rank@1,mIoU@0.3 | Rank@1,mIoU@0.5 | Rank@5,mIoU@0.3 | Rank@5,mIoU@0.5 | mIoU  |
+-----------------+-----------------+-----------------+-----------------+-------+
|      55.75      |      31.81      |      71.34      |      52.74      | 33.97 |
+-----------------+-----------------+-----------------+-----------------+-------+
+performance on validation set------+-----------------+-----------------+-------+
| Rank@1,mIoU@0.3 | Rank@1,mIoU@0.5 | Rank@5,mIoU@0.3 | Rank@5,mIoU@0.5 | mIoU  |
+-----------------+-----------------+-----------------+-----------------+-------+
|      18.03      |       6.56      |      42.62      |      16.39      | 11.54 |
+-----------------+-----------------+-----------------+-----------------+-------+
+performance on testing set---------+-----------------+-----------------+------+
| Rank@1,mIoU@0.3 | Rank@1,mIoU@0.5 | Rank@5,mIoU@0.3 | Rank@5,mIoU@0.5 | mIoU |
+-----------------+-----------------+-----------------+-----------------+------+
|       0.00      |       0.00      |       0.00      |       0.00      | 0.00 |
+-----------------+-----------------+-----------------+-----------------+------+

2026-04-16 04:57:20,091 
iter: 6120 train loss 0.2009 val loss 0.2248 test loss 0.0912
+performance on training set--------+-----------------+-----------------+-------+
| Rank@1,mIoU@0.3 | Rank@1,mIoU@0.5 | Rank@5,mIoU@0.3 | Rank@5,mIoU@0.5 | mIoU  |
+-----------------+-----------------+-----------------+-----------------+-------+
|      55.81      |      31.40      |      70.86      |      52.87      | 33.90 |
+-----------------+-----------------+-----------------+-----------------+-------+
+performance on validation set------+-----------------+-----------------+-------+
| Rank@1,mIoU@0.3 | Rank@1,mIoU@0.5 | Rank@5,mIoU@0.3 | Rank@5,mIoU@0.5 | mIoU  |
+-----------------+-----------------+-----------------+-----------------+-------+
|      18.03      |       6.56      |      39.34      |      18.03      | 11.41 |
+-----------------+-----------------+-----------------+-----------------+-------+
+performance on testing set---------+-----------------+-----------------+------+
| Rank@1,mIoU@0.3 | Rank@1,mIoU@0.5 | Rank@5,mIoU@0.3 | Rank@5,mIoU@0.5 | mIoU |
+-----------------+-----------------+-----------------+-----------------+------+
|       0.00      |       0.00      |       0.00      |       0.00      | 0.00 |
+-----------------+-----------------+-----------------+-----------------+------+

2026-04-16 04:59:28,944 
iter: 6165 train loss 0.2012 val loss 0.2261 test loss 0.0944
+performance on training set--------+-----------------+-----------------+-------+
| Rank@1,mIoU@0.3 | Rank@1,mIoU@0.5 | Rank@5,mIoU@0.3 | Rank@5,mIoU@0.5 | mIoU  |
+-----------------+-----------------+-----------------+-----------------+-------+
|      55.68      |      31.26      |      70.73      |      52.60      | 33.77 |
+-----------------+-----------------+-----------------+-----------------+-------+
+performance on validation set------+-----------------+-----------------+-------+
| Rank@1,mIoU@0.3 | Rank@1,mIoU@0.5 | Rank@5,mIoU@0.3 | Rank@5,mIoU@0.5 | mIoU  |
+-----------------+-----------------+-----------------+-----------------+-------+
|      14.75      |       6.56      |      36.07      |      16.39      | 10.53 |
+-----------------+-----------------+-----------------+-----------------+-------+
+performance on testing set---------+-----------------+-----------------+------+
| Rank@1,mIoU@0.3 | Rank@1,mIoU@0.5 | Rank@5,mIoU@0.3 | Rank@5,mIoU@0.5 | mIoU |
+-----------------+-----------------+-----------------+-----------------+------+
|       0.00      |       0.00      |       0.00      |       0.00      | 0.00 |
+-----------------+-----------------+-----------------+-----------------+------+

2026-04-16 05:01:39,104 
iter: 6210 train loss 0.2014 val loss 0.2245 test loss 0.0899
+performance on training set--------+-----------------+-----------------+-------+
| Rank@1,mIoU@0.3 | Rank@1,mIoU@0.5 | Rank@5,mIoU@0.3 | Rank@5,mIoU@0.5 | mIoU  |
+-----------------+-----------------+-----------------+-----------------+-------+
|      55.61      |      31.46      |      70.79      |      52.67      | 33.91 |
+-----------------+-----------------+-----------------+-----------------+-------+
+performance on validation set------+-----------------+-----------------+-------+
| Rank@1,mIoU@0.3 | Rank@1,mIoU@0.5 | Rank@5,mIoU@0.3 | Rank@5,mIoU@0.5 | mIoU  |
+-----------------+-----------------+-----------------+-----------------+-------+
|      18.03      |       6.56      |      40.98      |      18.03      | 11.41 |
+-----------------+-----------------+-----------------+-----------------+-------+
+performance on testing set---------+-----------------+-----------------+------+
| Rank@1,mIoU@0.3 | Rank@1,mIoU@0.5 | Rank@5,mIoU@0.3 | Rank@5,mIoU@0.5 | mIoU |
+-----------------+-----------------+-----------------+-----------------+------+
|       0.00      |       0.00      |       0.00      |       0.00      | 0.00 |
+-----------------+-----------------+-----------------+-----------------+------+

2026-04-16 05:03:46,238 
iter: 6255 train loss 0.2011 val loss 0.2249 test loss 0.0909
+performance on training set--------+-----------------+-----------------+-------+
| Rank@1,mIoU@0.3 | Rank@1,mIoU@0.5 | Rank@5,mIoU@0.3 | Rank@5,mIoU@0.5 | mIoU  |
+-----------------+-----------------+-----------------+-----------------+-------+
|      55.81      |      31.60      |      70.66      |      52.46      | 33.91 |
+-----------------+-----------------+-----------------+-----------------+-------+
+performance on validation set------+-----------------+-----------------+-------+
| Rank@1,mIoU@0.3 | Rank@1,mIoU@0.5 | Rank@5,mIoU@0.3 | Rank@5,mIoU@0.5 | mIoU  |
+-----------------+-----------------+-----------------+-----------------+-------+
|      18.03      |       6.56      |      39.34      |      16.39      | 11.41 |
+-----------------+-----------------+-----------------+-----------------+-------+
+performance on testing set---------+-----------------+-----------------+------+
| Rank@1,mIoU@0.3 | Rank@1,mIoU@0.5 | Rank@5,mIoU@0.3 | Rank@5,mIoU@0.5 | mIoU |
+-----------------+-----------------+-----------------+-----------------+------+
|       0.00      |       0.00      |       0.00      |       0.00      | 0.00 |
+-----------------+-----------------+-----------------+-----------------+------+

2026-04-16 05:05:54,558 
iter: 6300 train loss 0.2025 val loss 0.2256 test loss 0.0938
+performance on training set--------+-----------------+-----------------+-------+
| Rank@1,mIoU@0.3 | Rank@1,mIoU@0.5 | Rank@5,mIoU@0.3 | Rank@5,mIoU@0.5 | mIoU  |
+-----------------+-----------------+-----------------+-----------------+-------+
|      55.75      |      31.60      |      70.52      |      52.87      | 33.87 |
+-----------------+-----------------+-----------------+-----------------+-------+
+performance on validation set------+-----------------+-----------------+-------+
| Rank@1,mIoU@0.3 | Rank@1,mIoU@0.5 | Rank@5,mIoU@0.3 | Rank@5,mIoU@0.5 | mIoU  |
+-----------------+-----------------+-----------------+-----------------+-------+
|      16.39      |       6.56      |      39.34      |      18.03      | 11.36 |
+-----------------+-----------------+-----------------+-----------------+-------+
+performance on testing set---------+-----------------+-----------------+------+
| Rank@1,mIoU@0.3 | Rank@1,mIoU@0.5 | Rank@5,mIoU@0.3 | Rank@5,mIoU@0.5 | mIoU |
+-----------------+-----------------+-----------------+-----------------+------+
|       0.00      |       0.00      |       0.00      |       0.00      | 0.00 |
+-----------------+-----------------+-----------------+-----------------+------+

2026-04-16 05:08:01,938 
iter: 6345 train loss 0.1997 val loss 0.2253 test loss 0.0925
+performance on training set--------+-----------------+-----------------+-------+
| Rank@1,mIoU@0.3 | Rank@1,mIoU@0.5 | Rank@5,mIoU@0.3 | Rank@5,mIoU@0.5 | mIoU  |
+-----------------+-----------------+-----------------+-----------------+-------+
|      55.75      |      31.53      |      70.73      |      52.74      | 33.91 |
+-----------------+-----------------+-----------------+-----------------+-------+
+performance on validation set------+-----------------+-----------------+-------+
| Rank@1,mIoU@0.3 | Rank@1,mIoU@0.5 | Rank@5,mIoU@0.3 | Rank@5,mIoU@0.5 | mIoU  |
+-----------------+-----------------+-----------------+-----------------+-------+
|      16.39      |       6.56      |      37.70      |      16.39      | 11.36 |
+-----------------+-----------------+-----------------+-----------------+-------+
+performance on testing set---------+-----------------+-----------------+------+
| Rank@1,mIoU@0.3 | Rank@1,mIoU@0.5 | Rank@5,mIoU@0.3 | Rank@5,mIoU@0.5 | mIoU |
+-----------------+-----------------+-----------------+-----------------+------+
|       0.00      |       0.00      |       0.00      |       0.00      | 0.00 |
+-----------------+-----------------+-----------------+-----------------+------+

2026-04-16 05:10:10,704 
iter: 6390 train loss 0.2022 val loss 0.2267 test loss 0.0964
+performance on training set--------+-----------------+-----------------+-------+
| Rank@1,mIoU@0.3 | Rank@1,mIoU@0.5 | Rank@5,mIoU@0.3 | Rank@5,mIoU@0.5 | mIoU  |
+-----------------+-----------------+-----------------+-----------------+-------+
|      55.75      |      31.46      |      70.79      |      52.67      | 33.79 |
+-----------------+-----------------+-----------------+-----------------+-------+
+performance on validation set------+-----------------+-----------------+-------+
| Rank@1,mIoU@0.3 | Rank@1,mIoU@0.5 | Rank@5,mIoU@0.3 | Rank@5,mIoU@0.5 | mIoU  |
+-----------------+-----------------+-----------------+-----------------+-------+
|      14.75      |       6.56      |      37.70      |      14.75      | 10.64 |
+-----------------+-----------------+-----------------+-----------------+-------+
+performance on testing set---------+-----------------+-----------------+------+
| Rank@1,mIoU@0.3 | Rank@1,mIoU@0.5 | Rank@5,mIoU@0.3 | Rank@5,mIoU@0.5 | mIoU |
+-----------------+-----------------+-----------------+-----------------+------+
|       0.00      |       0.00      |       0.00      |       0.00      | 0.00 |
+-----------------+-----------------+-----------------+-----------------+------+

2026-04-16 05:12:20,774 
iter: 6435 train loss 0.2001 val loss 0.2247 test loss 0.0912
+performance on training set--------+-----------------+-----------------+-------+
| Rank@1,mIoU@0.3 | Rank@1,mIoU@0.5 | Rank@5,mIoU@0.3 | Rank@5,mIoU@0.5 | mIoU  |
+-----------------+-----------------+-----------------+-----------------+-------+
|      55.88      |      31.67      |      70.93      |      52.74      | 33.94 |
+-----------------+-----------------+-----------------+-----------------+-------+
+performance on validation set------+-----------------+-----------------+-------+
| Rank@1,mIoU@0.3 | Rank@1,mIoU@0.5 | Rank@5,mIoU@0.3 | Rank@5,mIoU@0.5 | mIoU  |
+-----------------+-----------------+-----------------+-----------------+-------+
|      16.39      |       6.56      |      37.70      |      18.03      | 11.37 |
+-----------------+-----------------+-----------------+-----------------+-------+
+performance on testing set---------+-----------------+-----------------+------+
| Rank@1,mIoU@0.3 | Rank@1,mIoU@0.5 | Rank@5,mIoU@0.3 | Rank@5,mIoU@0.5 | mIoU |
+-----------------+-----------------+-----------------+-----------------+------+
|       0.00      |       0.00      |       0.00      |       0.00      | 0.00 |
+-----------------+-----------------+-----------------+-----------------+------+

2026-04-16 05:14:31,097 
iter: 6480 train loss 0.1984 val loss 0.2295 test loss 0.1040
+performance on training set--------+-----------------+-----------------+-------+
| Rank@1,mIoU@0.3 | Rank@1,mIoU@0.5 | Rank@5,mIoU@0.3 | Rank@5,mIoU@0.5 | mIoU  |
+-----------------+-----------------+-----------------+-----------------+-------+
|      55.20      |      30.44      |      70.45      |      51.98      | 33.40 |
+-----------------+-----------------+-----------------+-----------------+-------+
+performance on validation set------+-----------------+-----------------+-------+
| Rank@1,mIoU@0.3 | Rank@1,mIoU@0.5 | Rank@5,mIoU@0.3 | Rank@5,mIoU@0.5 | mIoU  |
+-----------------+-----------------+-----------------+-----------------+-------+
|      14.75      |       6.56      |      36.07      |      14.75      | 10.82 |
+-----------------+-----------------+-----------------+-----------------+-------+
+performance on testing set---------+-----------------+-----------------+------+
| Rank@1,mIoU@0.3 | Rank@1,mIoU@0.5 | Rank@5,mIoU@0.3 | Rank@5,mIoU@0.5 | mIoU |
+-----------------+-----------------+-----------------+-----------------+------+
|       0.00      |       0.00      |       0.00      |       0.00      | 0.00 |
+-----------------+-----------------+-----------------+-----------------+------+

2026-04-16 05:16:39,272 
iter: 6525 train loss 0.2026 val loss 0.2250 test loss 0.0917
+performance on training set--------+-----------------+-----------------+-------+
| Rank@1,mIoU@0.3 | Rank@1,mIoU@0.5 | Rank@5,mIoU@0.3 | Rank@5,mIoU@0.5 | mIoU  |
+-----------------+-----------------+-----------------+-----------------+-------+
|      55.88      |      31.67      |      70.73      |      52.74      | 33.95 |
+-----------------+-----------------+-----------------+-----------------+-------+
+performance on validation set------+-----------------+-----------------+-------+
| Rank@1,mIoU@0.3 | Rank@1,mIoU@0.5 | Rank@5,mIoU@0.3 | Rank@5,mIoU@0.5 | mIoU  |
+-----------------+-----------------+-----------------+-----------------+-------+
|      16.39      |       6.56      |      39.34      |      16.39      | 11.36 |
+-----------------+-----------------+-----------------+-----------------+-------+
+performance on testing set---------+-----------------+-----------------+------+
| Rank@1,mIoU@0.3 | Rank@1,mIoU@0.5 | Rank@5,mIoU@0.3 | Rank@5,mIoU@0.5 | mIoU |
+-----------------+-----------------+-----------------+-----------------+------+
|       0.00      |       0.00      |       0.00      |       0.00      | 0.00 |
+-----------------+-----------------+-----------------+-----------------+------+

2026-04-16 05:18:48,380 
iter: 6570 train loss 0.2004 val loss 0.2264 test loss 0.0955
+performance on training set--------+-----------------+-----------------+-------+
| Rank@1,mIoU@0.3 | Rank@1,mIoU@0.5 | Rank@5,mIoU@0.3 | Rank@5,mIoU@0.5 | mIoU  |
+-----------------+-----------------+-----------------+-----------------+-------+
|      55.81      |      31.53      |      70.66      |      52.67      | 33.88 |
+-----------------+-----------------+-----------------+-----------------+-------+
+performance on validation set------+-----------------+-----------------+-------+
| Rank@1,mIoU@0.3 | Rank@1,mIoU@0.5 | Rank@5,mIoU@0.3 | Rank@5,mIoU@0.5 | mIoU  |
+-----------------+-----------------+-----------------+-----------------+-------+
|      14.75      |       6.56      |      36.07      |      13.11      | 10.65 |
+-----------------+-----------------+-----------------+-----------------+-------+
+performance on testing set---------+-----------------+-----------------+------+
| Rank@1,mIoU@0.3 | Rank@1,mIoU@0.5 | Rank@5,mIoU@0.3 | Rank@5,mIoU@0.5 | mIoU |
+-----------------+-----------------+-----------------+-----------------+------+
|       0.00      |       0.00      |       0.00      |       0.00      | 0.00 |
+-----------------+-----------------+-----------------+-----------------+------+

2026-04-16 05:20:57,341 
iter: 6615 train loss 0.2018 val loss 0.2239 test loss 0.0881
+performance on training set--------+-----------------+-----------------+-------+
| Rank@1,mIoU@0.3 | Rank@1,mIoU@0.5 | Rank@5,mIoU@0.3 | Rank@5,mIoU@0.5 | mIoU  |
+-----------------+-----------------+-----------------+-----------------+-------+
|      56.09      |      31.87      |      70.79      |      52.94      | 34.11 |
+-----------------+-----------------+-----------------+-----------------+-------+
+performance on validation set------+-----------------+-----------------+-------+
| Rank@1,mIoU@0.3 | Rank@1,mIoU@0.5 | Rank@5,mIoU@0.3 | Rank@5,mIoU@0.5 | mIoU  |
+-----------------+-----------------+-----------------+-----------------+-------+
|      18.03      |       6.56      |      39.34      |      16.39      | 11.42 |
+-----------------+-----------------+-----------------+-----------------+-------+
+performance on testing set---------+-----------------+-----------------+------+
| Rank@1,mIoU@0.3 | Rank@1,mIoU@0.5 | Rank@5,mIoU@0.3 | Rank@5,mIoU@0.5 | mIoU |
+-----------------+-----------------+-----------------+-----------------+------+
|       0.00      |       0.00      |       0.00      |       0.00      | 0.00 |
+-----------------+-----------------+-----------------+-----------------+------+

2026-04-16 05:23:06,408 
iter: 6660 train loss 0.1995 val loss 0.2260 test loss 0.0942
+performance on training set--------+-----------------+-----------------+-------+
| Rank@1,mIoU@0.3 | Rank@1,mIoU@0.5 | Rank@5,mIoU@0.3 | Rank@5,mIoU@0.5 | mIoU  |
+-----------------+-----------------+-----------------+-----------------+-------+
|      55.75      |      31.60      |      70.38      |      52.33      | 33.90 |
+-----------------+-----------------+-----------------+-----------------+-------+
+performance on validation set------+-----------------+-----------------+-------+
| Rank@1,mIoU@0.3 | Rank@1,mIoU@0.5 | Rank@5,mIoU@0.3 | Rank@5,mIoU@0.5 | mIoU  |
+-----------------+-----------------+-----------------+-----------------+-------+
|      16.39      |       6.56      |      36.07      |      14.75      | 11.36 |
+-----------------+-----------------+-----------------+-----------------+-------+
+performance on testing set---------+-----------------+-----------------+------+
| Rank@1,mIoU@0.3 | Rank@1,mIoU@0.5 | Rank@5,mIoU@0.3 | Rank@5,mIoU@0.5 | mIoU |
+-----------------+-----------------+-----------------+-----------------+------+
|       0.00      |       0.00      |       0.00      |       0.00      | 0.00 |
+-----------------+-----------------+-----------------+-----------------+------+

2026-04-16 05:25:16,383 
iter: 6705 train loss 0.2032 val loss 0.2276 test loss 0.0989
+performance on training set--------+-----------------+-----------------+-------+
| Rank@1,mIoU@0.3 | Rank@1,mIoU@0.5 | Rank@5,mIoU@0.3 | Rank@5,mIoU@0.5 | mIoU  |
+-----------------+-----------------+-----------------+-----------------+-------+
|      55.81      |      30.98      |      70.79      |      52.74      | 33.77 |
+-----------------+-----------------+-----------------+-----------------+-------+
+performance on validation set------+-----------------+-----------------+-------+
| Rank@1,mIoU@0.3 | Rank@1,mIoU@0.5 | Rank@5,mIoU@0.3 | Rank@5,mIoU@0.5 | mIoU  |
+-----------------+-----------------+-----------------+-----------------+-------+
|      14.75      |       6.56      |      36.07      |      13.11      | 10.63 |
+-----------------+-----------------+-----------------+-----------------+-------+
+performance on testing set---------+-----------------+-----------------+------+
| Rank@1,mIoU@0.3 | Rank@1,mIoU@0.5 | Rank@5,mIoU@0.3 | Rank@5,mIoU@0.5 | mIoU |
+-----------------+-----------------+-----------------+-----------------+------+
|       0.00      |       0.00      |       0.00      |       0.00      | 0.00 |
+-----------------+-----------------+-----------------+-----------------+------+

2026-04-16 05:27:24,899 
iter: 6750 train loss 0.1988 val loss 0.2248 test loss 0.0907
+performance on training set--------+-----------------+-----------------+-------+
| Rank@1,mIoU@0.3 | Rank@1,mIoU@0.5 | Rank@5,mIoU@0.3 | Rank@5,mIoU@0.5 | mIoU  |
+-----------------+-----------------+-----------------+-----------------+-------+
|      56.16      |      31.87      |      71.00      |      52.87      | 34.08 |
+-----------------+-----------------+-----------------+-----------------+-------+
+performance on validation set------+-----------------+-----------------+-------+
| Rank@1,mIoU@0.3 | Rank@1,mIoU@0.5 | Rank@5,mIoU@0.3 | Rank@5,mIoU@0.5 | mIoU  |
+-----------------+-----------------+-----------------+-----------------+-------+
|      16.39      |       6.56      |      39.34      |      16.39      | 11.37 |
+-----------------+-----------------+-----------------+-----------------+-------+
+performance on testing set---------+-----------------+-----------------+------+
| Rank@1,mIoU@0.3 | Rank@1,mIoU@0.5 | Rank@5,mIoU@0.3 | Rank@5,mIoU@0.5 | mIoU |
+-----------------+-----------------+-----------------+-----------------+------+
|       0.00      |       0.00      |       0.00      |       0.00      | 0.00 |
+-----------------+-----------------+-----------------+-----------------+------+

2026-04-16 05:29:31,730 
iter: 6795 train loss 0.2025 val loss 0.2260 test loss 0.0939
+performance on training set--------+-----------------+-----------------+-------+
| Rank@1,mIoU@0.3 | Rank@1,mIoU@0.5 | Rank@5,mIoU@0.3 | Rank@5,mIoU@0.5 | mIoU  |
+-----------------+-----------------+-----------------+-----------------+-------+
|      55.88      |      31.53      |      70.66      |      52.53      | 33.90 |
+-----------------+-----------------+-----------------+-----------------+-------+
+performance on validation set------+-----------------+-----------------+-------+
| Rank@1,mIoU@0.3 | Rank@1,mIoU@0.5 | Rank@5,mIoU@0.3 | Rank@5,mIoU@0.5 | mIoU  |
+-----------------+-----------------+-----------------+-----------------+-------+
|      16.39      |       6.56      |      37.70      |      14.75      | 11.23 |
+-----------------+-----------------+-----------------+-----------------+-------+
+performance on testing set---------+-----------------+-----------------+------+
| Rank@1,mIoU@0.3 | Rank@1,mIoU@0.5 | Rank@5,mIoU@0.3 | Rank@5,mIoU@0.5 | mIoU |
+-----------------+-----------------+-----------------+-----------------+------+
|       0.00      |       0.00      |       0.00      |       0.00      | 0.00 |
+-----------------+-----------------+-----------------+-----------------+------+

2026-04-16 05:31:39,999 
iter: 6840 train loss 0.1976 val loss 0.2246 test loss 0.0906
+performance on training set--------+-----------------+-----------------+-------+
| Rank@1,mIoU@0.3 | Rank@1,mIoU@0.5 | Rank@5,mIoU@0.3 | Rank@5,mIoU@0.5 | mIoU  |
+-----------------+-----------------+-----------------+-----------------+-------+
|      56.16      |      31.81      |      70.86      |      52.87      | 34.03 |
+-----------------+-----------------+-----------------+-----------------+-------+
+performance on validation set------+-----------------+-----------------+-------+
| Rank@1,mIoU@0.3 | Rank@1,mIoU@0.5 | Rank@5,mIoU@0.3 | Rank@5,mIoU@0.5 | mIoU  |
+-----------------+-----------------+-----------------+-----------------+-------+
|      16.39      |       6.56      |      39.34      |      16.39      | 11.37 |
+-----------------+-----------------+-----------------+-----------------+-------+
+performance on testing set---------+-----------------+-----------------+------+
| Rank@1,mIoU@0.3 | Rank@1,mIoU@0.5 | Rank@5,mIoU@0.3 | Rank@5,mIoU@0.5 | mIoU |
+-----------------+-----------------+-----------------+-----------------+------+
|       0.00      |       0.00      |       0.00      |       0.00      | 0.00 |
+-----------------+-----------------+-----------------+-----------------+------+

2026-04-16 05:33:49,982 
iter: 6885 train loss 0.2007 val loss 0.2260 test loss 0.0953
+performance on training set--------+-----------------+-----------------+-------+
| Rank@1,mIoU@0.3 | Rank@1,mIoU@0.5 | Rank@5,mIoU@0.3 | Rank@5,mIoU@0.5 | mIoU  |
+-----------------+-----------------+-----------------+-----------------+-------+
|      55.95      |      31.26      |      70.66      |      52.53      | 33.91 |
+-----------------+-----------------+-----------------+-----------------+-------+
+performance on validation set------+-----------------+-----------------+-------+
| Rank@1,mIoU@0.3 | Rank@1,mIoU@0.5 | Rank@5,mIoU@0.3 | Rank@5,mIoU@0.5 | mIoU  |
+-----------------+-----------------+-----------------+-----------------+-------+
|      16.39      |       6.56      |      37.70      |      16.39      | 11.24 |
+-----------------+-----------------+-----------------+-----------------+-------+
+performance on testing set---------+-----------------+-----------------+------+
| Rank@1,mIoU@0.3 | Rank@1,mIoU@0.5 | Rank@5,mIoU@0.3 | Rank@5,mIoU@0.5 | mIoU |
+-----------------+-----------------+-----------------+-----------------+------+
|       0.00      |       0.00      |       0.00      |       0.00      | 0.00 |
+-----------------+-----------------+-----------------+-----------------+------+

2026-04-16 05:36:00,584 
iter: 6930 train loss 0.2004 val loss 0.2269 test loss 0.0963
+performance on training set--------+-----------------+-----------------+-------+
| Rank@1,mIoU@0.3 | Rank@1,mIoU@0.5 | Rank@5,mIoU@0.3 | Rank@5,mIoU@0.5 | mIoU  |
+-----------------+-----------------+-----------------+-----------------+-------+
|      55.81      |      31.26      |      70.79      |      52.74      | 33.85 |
+-----------------+-----------------+-----------------+-----------------+-------+
+performance on validation set------+-----------------+-----------------+-------+
| Rank@1,mIoU@0.3 | Rank@1,mIoU@0.5 | Rank@5,mIoU@0.3 | Rank@5,mIoU@0.5 | mIoU  |
+-----------------+-----------------+-----------------+-----------------+-------+
|      14.75      |       6.56      |      39.34      |      14.75      | 10.77 |
+-----------------+-----------------+-----------------+-----------------+-------+
+performance on testing set---------+-----------------+-----------------+------+
| Rank@1,mIoU@0.3 | Rank@1,mIoU@0.5 | Rank@5,mIoU@0.3 | Rank@5,mIoU@0.5 | mIoU |
+-----------------+-----------------+-----------------+-----------------+------+
|       0.00      |       0.00      |       0.00      |       0.00      | 0.00 |
+-----------------+-----------------+-----------------+-----------------+------+

2026-04-16 05:38:08,710 
iter: 6975 train loss 0.1988 val loss 0.2264 test loss 0.0944
+performance on training set--------+-----------------+-----------------+-------+
| Rank@1,mIoU@0.3 | Rank@1,mIoU@0.5 | Rank@5,mIoU@0.3 | Rank@5,mIoU@0.5 | mIoU  |
+-----------------+-----------------+-----------------+-----------------+-------+
|      56.02      |      31.53      |      70.73      |      52.80      | 33.93 |
+-----------------+-----------------+-----------------+-----------------+-------+
+performance on validation set------+-----------------+-----------------+-------+
| Rank@1,mIoU@0.3 | Rank@1,mIoU@0.5 | Rank@5,mIoU@0.3 | Rank@5,mIoU@0.5 | mIoU  |
+-----------------+-----------------+-----------------+-----------------+-------+
|      14.75      |       6.56      |      37.70      |      14.75      | 10.80 |
+-----------------+-----------------+-----------------+-----------------+-------+
+performance on testing set---------+-----------------+-----------------+------+
| Rank@1,mIoU@0.3 | Rank@1,mIoU@0.5 | Rank@5,mIoU@0.3 | Rank@5,mIoU@0.5 | mIoU |
+-----------------+-----------------+-----------------+-----------------+------+
|       0.00      |       0.00      |       0.00      |       0.00      | 0.00 |
+-----------------+-----------------+-----------------+-----------------+------+

2026-04-16 05:40:12,197 
iter: 7020 train loss 0.2030 val loss 0.2277 test loss 0.0989
+performance on training set--------+-----------------+-----------------+-------+
| Rank@1,mIoU@0.3 | Rank@1,mIoU@0.5 | Rank@5,mIoU@0.3 | Rank@5,mIoU@0.5 | mIoU  |
+-----------------+-----------------+-----------------+-----------------+-------+
|      55.88      |      31.05      |      70.52      |      52.74      | 33.72 |
+-----------------+-----------------+-----------------+-----------------+-------+
+performance on validation set------+-----------------+-----------------+-------+
| Rank@1,mIoU@0.3 | Rank@1,mIoU@0.5 | Rank@5,mIoU@0.3 | Rank@5,mIoU@0.5 | mIoU  |
+-----------------+-----------------+-----------------+-----------------+-------+
|      14.75      |       6.56      |      36.07      |      11.48      | 10.77 |
+-----------------+-----------------+-----------------+-----------------+-------+
+performance on testing set---------+-----------------+-----------------+------+
| Rank@1,mIoU@0.3 | Rank@1,mIoU@0.5 | Rank@5,mIoU@0.3 | Rank@5,mIoU@0.5 | mIoU |
+-----------------+-----------------+-----------------+-----------------+------+
|       0.00      |       0.00      |       0.00      |       0.00      | 0.00 |
+-----------------+-----------------+-----------------+-----------------+------+

2026-04-16 05:42:14,748 
iter: 7065 train loss 0.1994 val loss 0.2276 test loss 0.0989
+performance on training set--------+-----------------+-----------------+-------+
| Rank@1,mIoU@0.3 | Rank@1,mIoU@0.5 | Rank@5,mIoU@0.3 | Rank@5,mIoU@0.5 | mIoU  |
+-----------------+-----------------+-----------------+-----------------+-------+
|      55.95      |      31.12      |      70.66      |      52.74      | 33.83 |
+-----------------+-----------------+-----------------+-----------------+-------+
+performance on validation set------+-----------------+-----------------+-------+
| Rank@1,mIoU@0.3 | Rank@1,mIoU@0.5 | Rank@5,mIoU@0.3 | Rank@5,mIoU@0.5 | mIoU  |
+-----------------+-----------------+-----------------+-----------------+-------+
|      14.75      |       6.56      |      39.34      |      13.11      | 10.89 |
+-----------------+-----------------+-----------------+-----------------+-------+
+performance on testing set---------+-----------------+-----------------+------+
| Rank@1,mIoU@0.3 | Rank@1,mIoU@0.5 | Rank@5,mIoU@0.3 | Rank@5,mIoU@0.5 | mIoU |
+-----------------+-----------------+-----------------+-----------------+------+
|       0.00      |       0.00      |       0.00      |       0.00      | 0.00 |
+-----------------+-----------------+-----------------+-----------------+------+

2026-04-16 05:44:19,577 
iter: 7110 train loss 0.2029 val loss 0.2260 test loss 0.0942
+performance on training set--------+-----------------+-----------------+-------+
| Rank@1,mIoU@0.3 | Rank@1,mIoU@0.5 | Rank@5,mIoU@0.3 | Rank@5,mIoU@0.5 | mIoU  |
+-----------------+-----------------+-----------------+-----------------+-------+
|      56.16      |      31.60      |      70.66      |      52.80      | 33.96 |
+-----------------+-----------------+-----------------+-----------------+-------+
+performance on validation set------+-----------------+-----------------+-------+
| Rank@1,mIoU@0.3 | Rank@1,mIoU@0.5 | Rank@5,mIoU@0.3 | Rank@5,mIoU@0.5 | mIoU  |
+-----------------+-----------------+-----------------+-----------------+-------+
|      16.39      |       6.56      |      36.07      |      14.75      | 11.38 |
+-----------------+-----------------+-----------------+-----------------+-------+
+performance on testing set---------+-----------------+-----------------+------+
| Rank@1,mIoU@0.3 | Rank@1,mIoU@0.5 | Rank@5,mIoU@0.3 | Rank@5,mIoU@0.5 | mIoU |
+-----------------+-----------------+-----------------+-----------------+------+
|       0.00      |       0.00      |       0.00      |       0.00      | 0.00 |
+-----------------+-----------------+-----------------+-----------------+------+

2026-04-16 05:46:22,000 
iter: 7155 train loss 0.1972 val loss 0.2272 test loss 0.0977
+performance on training set--------+-----------------+-----------------+-------+
| Rank@1,mIoU@0.3 | Rank@1,mIoU@0.5 | Rank@5,mIoU@0.3 | Rank@5,mIoU@0.5 | mIoU  |
+-----------------+-----------------+-----------------+-----------------+-------+
|      56.02      |      31.12      |      70.59      |      52.74      | 33.79 |
+-----------------+-----------------+-----------------+-----------------+-------+
+performance on validation set------+-----------------+-----------------+-------+
| Rank@1,mIoU@0.3 | Rank@1,mIoU@0.5 | Rank@5,mIoU@0.3 | Rank@5,mIoU@0.5 | mIoU  |
+-----------------+-----------------+-----------------+-----------------+-------+
|      14.75      |       6.56      |      39.34      |      13.11      | 10.89 |
+-----------------+-----------------+-----------------+-----------------+-------+
+performance on testing set---------+-----------------+-----------------+------+
| Rank@1,mIoU@0.3 | Rank@1,mIoU@0.5 | Rank@5,mIoU@0.3 | Rank@5,mIoU@0.5 | mIoU |
+-----------------+-----------------+-----------------+-----------------+------+
|       0.00      |       0.00      |       0.00      |       0.00      | 0.00 |
+-----------------+-----------------+-----------------+-----------------+------+

2026-04-16 05:48:25,318 
iter: 7200 train loss 0.2001 val loss 0.2248 test loss 0.0901
+performance on training set--------+-----------------+-----------------+-------+
| Rank@1,mIoU@0.3 | Rank@1,mIoU@0.5 | Rank@5,mIoU@0.3 | Rank@5,mIoU@0.5 | mIoU  |
+-----------------+-----------------+-----------------+-----------------+-------+
|      56.29      |      31.87      |      71.14      |      53.08      | 34.11 |
+-----------------+-----------------+-----------------+-----------------+-------+
+performance on validation set------+-----------------+-----------------+-------+
| Rank@1,mIoU@0.3 | Rank@1,mIoU@0.5 | Rank@5,mIoU@0.3 | Rank@5,mIoU@0.5 | mIoU  |
+-----------------+-----------------+-----------------+-----------------+-------+
|      16.39      |       6.56      |      37.70      |      18.03      | 11.37 |
+-----------------+-----------------+-----------------+-----------------+-------+
+performance on testing set---------+-----------------+-----------------+------+
| Rank@1,mIoU@0.3 | Rank@1,mIoU@0.5 | Rank@5,mIoU@0.3 | Rank@5,mIoU@0.5 | mIoU |
+-----------------+-----------------+-----------------+-----------------+------+
|       0.00      |       0.00      |       0.00      |       0.00      | 0.00 |
+-----------------+-----------------+-----------------+-----------------+------+

2026-04-16 05:50:28,080 
iter: 7245 train loss 0.2005 val loss 0.2252 test loss 0.0918
+performance on training set--------+-----------------+-----------------+-------+
| Rank@1,mIoU@0.3 | Rank@1,mIoU@0.5 | Rank@5,mIoU@0.3 | Rank@5,mIoU@0.5 | mIoU  |
+-----------------+-----------------+-----------------+-----------------+-------+
|      56.22      |      31.60      |      70.73      |      53.01      | 34.06 |
+-----------------+-----------------+-----------------+-----------------+-------+
+performance on validation set------+-----------------+-----------------+-------+
| Rank@1,mIoU@0.3 | Rank@1,mIoU@0.5 | Rank@5,mIoU@0.3 | Rank@5,mIoU@0.5 | mIoU  |
+-----------------+-----------------+-----------------+-----------------+-------+
|      16.39      |       6.56      |      37.70      |      14.75      | 11.52 |
+-----------------+-----------------+-----------------+-----------------+-------+
+performance on testing set---------+-----------------+-----------------+------+
| Rank@1,mIoU@0.3 | Rank@1,mIoU@0.5 | Rank@5,mIoU@0.3 | Rank@5,mIoU@0.5 | mIoU |
+-----------------+-----------------+-----------------+-----------------+------+
|       0.00      |       0.00      |       0.00      |       0.00      | 0.00 |
+-----------------+-----------------+-----------------+-----------------+------+

2026-04-16 05:52:34,080 
iter: 7290 train loss 0.2005 val loss 0.2275 test loss 0.0984
+performance on training set--------+-----------------+-----------------+-------+
| Rank@1,mIoU@0.3 | Rank@1,mIoU@0.5 | Rank@5,mIoU@0.3 | Rank@5,mIoU@0.5 | mIoU  |
+-----------------+-----------------+-----------------+-----------------+-------+
|      55.88      |      31.19      |      70.59      |      52.67      | 33.83 |
+-----------------+-----------------+-----------------+-----------------+-------+
+performance on validation set------+-----------------+-----------------+-------+
| Rank@1,mIoU@0.3 | Rank@1,mIoU@0.5 | Rank@5,mIoU@0.3 | Rank@5,mIoU@0.5 | mIoU  |
+-----------------+-----------------+-----------------+-----------------+-------+
|      14.75      |       6.56      |      39.34      |      13.11      | 10.89 |
+-----------------+-----------------+-----------------+-----------------+-------+
+performance on testing set---------+-----------------+-----------------+------+
| Rank@1,mIoU@0.3 | Rank@1,mIoU@0.5 | Rank@5,mIoU@0.3 | Rank@5,mIoU@0.5 | mIoU |
+-----------------+-----------------+-----------------+-----------------+------+
|       0.00      |       0.00      |       0.00      |       0.00      | 0.00 |
+-----------------+-----------------+-----------------+-----------------+------+

2026-04-16 05:54:39,385 
iter: 7335 train loss 0.1991 val loss 0.2263 test loss 0.0949
+performance on training set--------+-----------------+-----------------+-------+
| Rank@1,mIoU@0.3 | Rank@1,mIoU@0.5 | Rank@5,mIoU@0.3 | Rank@5,mIoU@0.5 | mIoU  |
+-----------------+-----------------+-----------------+-----------------+-------+
|      56.09      |      31.46      |      70.59      |      52.87      | 33.97 |
+-----------------+-----------------+-----------------+-----------------+-------+
+performance on validation set------+-----------------+-----------------+-------+
| Rank@1,mIoU@0.3 | Rank@1,mIoU@0.5 | Rank@5,mIoU@0.3 | Rank@5,mIoU@0.5 | mIoU  |
+-----------------+-----------------+-----------------+-----------------+-------+
|      14.75      |       6.56      |      39.34      |      13.11      | 10.89 |
+-----------------+-----------------+-----------------+-----------------+-------+
+performance on testing set---------+-----------------+-----------------+------+
| Rank@1,mIoU@0.3 | Rank@1,mIoU@0.5 | Rank@5,mIoU@0.3 | Rank@5,mIoU@0.5 | mIoU |
+-----------------+-----------------+-----------------+-----------------+------+
|       0.00      |       0.00      |       0.00      |       0.00      | 0.00 |
+-----------------+-----------------+-----------------+-----------------+------+

2026-04-16 05:56:44,138 
iter: 7380 train loss 0.1989 val loss 0.2249 test loss 0.0905
+performance on training set--------+-----------------+-----------------+-------+
| Rank@1,mIoU@0.3 | Rank@1,mIoU@0.5 | Rank@5,mIoU@0.3 | Rank@5,mIoU@0.5 | mIoU  |
+-----------------+-----------------+-----------------+-----------------+-------+
|      56.36      |      31.81      |      71.07      |      53.08      | 34.09 |
+-----------------+-----------------+-----------------+-----------------+-------+
+performance on validation set------+-----------------+-----------------+-------+
| Rank@1,mIoU@0.3 | Rank@1,mIoU@0.5 | Rank@5,mIoU@0.3 | Rank@5,mIoU@0.5 | mIoU  |
+-----------------+-----------------+-----------------+-----------------+-------+
|      16.39      |       6.56      |      37.70      |      16.39      | 11.37 |
+-----------------+-----------------+-----------------+-----------------+-------+
+performance on testing set---------+-----------------+-----------------+------+
| Rank@1,mIoU@0.3 | Rank@1,mIoU@0.5 | Rank@5,mIoU@0.3 | Rank@5,mIoU@0.5 | mIoU |
+-----------------+-----------------+-----------------+-----------------+------+
|       0.00      |       0.00      |       0.00      |       0.00      | 0.00 |
+-----------------+-----------------+-----------------+-----------------+------+

2026-04-16 05:58:48,884 
iter: 7425 train loss 0.1991 val loss 0.2240 test loss 0.0870
+performance on training set--------+-----------------+-----------------+-------+
| Rank@1,mIoU@0.3 | Rank@1,mIoU@0.5 | Rank@5,mIoU@0.3 | Rank@5,mIoU@0.5 | mIoU  |
+-----------------+-----------------+-----------------+-----------------+-------+
|      56.16      |      32.28      |      71.27      |      53.35      | 34.18 |
+-----------------+-----------------+-----------------+-----------------+-------+
+performance on validation set------+-----------------+-----------------+-------+
| Rank@1,mIoU@0.3 | Rank@1,mIoU@0.5 | Rank@5,mIoU@0.3 | Rank@5,mIoU@0.5 | mIoU  |
+-----------------+-----------------+-----------------+-----------------+-------+
|      16.39      |       6.56      |      40.98      |      16.39      | 11.37 |
+-----------------+-----------------+-----------------+-----------------+-------+
+performance on testing set---------+-----------------+-----------------+------+
| Rank@1,mIoU@0.3 | Rank@1,mIoU@0.5 | Rank@5,mIoU@0.3 | Rank@5,mIoU@0.5 | mIoU |
+-----------------+-----------------+-----------------+-----------------+------+
|       0.00      |       0.00      |       0.00      |       0.00      | 0.00 |
+-----------------+-----------------+-----------------+-----------------+------+

2026-04-16 06:00:53,225 
iter: 7470 train loss 0.2024 val loss 0.2261 test loss 0.0940
+performance on training set--------+-----------------+-----------------+-------+
| Rank@1,mIoU@0.3 | Rank@1,mIoU@0.5 | Rank@5,mIoU@0.3 | Rank@5,mIoU@0.5 | mIoU  |
+-----------------+-----------------+-----------------+-----------------+-------+
|      56.16      |      31.53      |      70.59      |      52.80      | 33.96 |
+-----------------+-----------------+-----------------+-----------------+-------+
+performance on validation set------+-----------------+-----------------+-------+
| Rank@1,mIoU@0.3 | Rank@1,mIoU@0.5 | Rank@5,mIoU@0.3 | Rank@5,mIoU@0.5 | mIoU  |
+-----------------+-----------------+-----------------+-----------------+-------+
|      16.39      |       6.56      |      37.70      |      13.11      | 11.46 |
+-----------------+-----------------+-----------------+-----------------+-------+
+performance on testing set---------+-----------------+-----------------+------+
| Rank@1,mIoU@0.3 | Rank@1,mIoU@0.5 | Rank@5,mIoU@0.3 | Rank@5,mIoU@0.5 | mIoU |
+-----------------+-----------------+-----------------+-----------------+------+
|       0.00      |       0.00      |       0.00      |       0.00      | 0.00 |
+-----------------+-----------------+-----------------+-----------------+------+

2026-04-16 06:02:59,342 
iter: 7515 train loss 0.1984 val loss 0.2261 test loss 0.0943
+performance on training set--------+-----------------+-----------------+-------+
| Rank@1,mIoU@0.3 | Rank@1,mIoU@0.5 | Rank@5,mIoU@0.3 | Rank@5,mIoU@0.5 | mIoU  |
+-----------------+-----------------+-----------------+-----------------+-------+
|      56.29      |      31.67      |      70.73      |      52.94      | 34.01 |
+-----------------+-----------------+-----------------+-----------------+-------+
+performance on validation set------+-----------------+-----------------+-------+
| Rank@1,mIoU@0.3 | Rank@1,mIoU@0.5 | Rank@5,mIoU@0.3 | Rank@5,mIoU@0.5 | mIoU  |
+-----------------+-----------------+-----------------+-----------------+-------+
|      16.39      |       6.56      |      37.70      |      13.11      | 11.35 |
+-----------------+-----------------+-----------------+-----------------+-------+
+performance on testing set---------+-----------------+-----------------+------+
| Rank@1,mIoU@0.3 | Rank@1,mIoU@0.5 | Rank@5,mIoU@0.3 | Rank@5,mIoU@0.5 | mIoU |
+-----------------+-----------------+-----------------+-----------------+------+
|       0.00      |       0.00      |       0.00      |       0.00      | 0.00 |
+-----------------+-----------------+-----------------+-----------------+------+

2026-04-16 06:05:07,648 
iter: 7560 train loss 0.2006 val loss 0.2272 test loss 0.0968
+performance on training set--------+-----------------+-----------------+-------+
| Rank@1,mIoU@0.3 | Rank@1,mIoU@0.5 | Rank@5,mIoU@0.3 | Rank@5,mIoU@0.5 | mIoU  |
+-----------------+-----------------+-----------------+-----------------+-------+
|      56.02      |      31.19      |      70.59      |      52.87      | 33.87 |
+-----------------+-----------------+-----------------+-----------------+-------+
+performance on validation set------+-----------------+-----------------+-------+
| Rank@1,mIoU@0.3 | Rank@1,mIoU@0.5 | Rank@5,mIoU@0.3 | Rank@5,mIoU@0.5 | mIoU  |
+-----------------+-----------------+-----------------+-----------------+-------+
|      14.75      |       6.56      |      39.34      |      13.11      | 10.89 |
+-----------------+-----------------+-----------------+-----------------+-------+
+performance on testing set---------+-----------------+-----------------+------+
| Rank@1,mIoU@0.3 | Rank@1,mIoU@0.5 | Rank@5,mIoU@0.3 | Rank@5,mIoU@0.5 | mIoU |
+-----------------+-----------------+-----------------+-----------------+------+
|       0.00      |       0.00      |       0.00      |       0.00      | 0.00 |
+-----------------+-----------------+-----------------+-----------------+------+

2026-04-16 06:07:13,105 
iter: 7605 train loss 0.1967 val loss 0.2253 test loss 0.0913
+performance on training set--------+-----------------+-----------------+-------+
| Rank@1,mIoU@0.3 | Rank@1,mIoU@0.5 | Rank@5,mIoU@0.3 | Rank@5,mIoU@0.5 | mIoU  |
+-----------------+-----------------+-----------------+-----------------+-------+
|      56.36      |      31.74      |      71.14      |      53.08      | 34.07 |
+-----------------+-----------------+-----------------+-----------------+-------+
+performance on validation set------+-----------------+-----------------+-------+
| Rank@1,mIoU@0.3 | Rank@1,mIoU@0.5 | Rank@5,mIoU@0.3 | Rank@5,mIoU@0.5 | mIoU  |
+-----------------+-----------------+-----------------+-----------------+-------+
|      16.39      |       6.56      |      37.70      |      14.75      | 11.52 |
+-----------------+-----------------+-----------------+-----------------+-------+
+performance on testing set---------+-----------------+-----------------+------+
| Rank@1,mIoU@0.3 | Rank@1,mIoU@0.5 | Rank@5,mIoU@0.3 | Rank@5,mIoU@0.5 | mIoU |
+-----------------+-----------------+-----------------+-----------------+------+
|       0.00      |       0.00      |       0.00      |       0.00      | 0.00 |
+-----------------+-----------------+-----------------+-----------------+------+

2026-04-16 06:09:17,762 
iter: 7650 train loss 0.2033 val loss 0.2252 test loss 0.0908
+performance on training set--------+-----------------+-----------------+-------+
| Rank@1,mIoU@0.3 | Rank@1,mIoU@0.5 | Rank@5,mIoU@0.3 | Rank@5,mIoU@0.5 | mIoU  |
+-----------------+-----------------+-----------------+-----------------+-------+
|      56.36      |      31.81      |      71.14      |      53.01      | 34.10 |
+-----------------+-----------------+-----------------+-----------------+-------+
+performance on validation set------+-----------------+-----------------+-------+
| Rank@1,mIoU@0.3 | Rank@1,mIoU@0.5 | Rank@5,mIoU@0.3 | Rank@5,mIoU@0.5 | mIoU  |
+-----------------+-----------------+-----------------+-----------------+-------+
|      16.39      |       6.56      |      37.70      |      14.75      | 11.38 |
+-----------------+-----------------+-----------------+-----------------+-------+
+performance on testing set---------+-----------------+-----------------+------+
| Rank@1,mIoU@0.3 | Rank@1,mIoU@0.5 | Rank@5,mIoU@0.3 | Rank@5,mIoU@0.5 | mIoU |
+-----------------+-----------------+-----------------+-----------------+------+
|       0.00      |       0.00      |       0.00      |       0.00      | 0.00 |
+-----------------+-----------------+-----------------+-----------------+------+

2026-04-16 06:11:23,077 
iter: 7695 train loss 0.1981 val loss 0.2256 test loss 0.0924
+performance on training set--------+-----------------+-----------------+-------+
| Rank@1,mIoU@0.3 | Rank@1,mIoU@0.5 | Rank@5,mIoU@0.3 | Rank@5,mIoU@0.5 | mIoU  |
+-----------------+-----------------+-----------------+-----------------+-------+
|      56.43      |      31.81      |      71.00      |      52.94      | 34.05 |
+-----------------+-----------------+-----------------+-----------------+-------+
+performance on validation set------+-----------------+-----------------+-------+
| Rank@1,mIoU@0.3 | Rank@1,mIoU@0.5 | Rank@5,mIoU@0.3 | Rank@5,mIoU@0.5 | mIoU  |
+-----------------+-----------------+-----------------+-----------------+-------+
|      16.39      |       6.56      |      37.70      |      14.75      | 11.38 |
+-----------------+-----------------+-----------------+-----------------+-------+
+performance on testing set---------+-----------------+-----------------+------+
| Rank@1,mIoU@0.3 | Rank@1,mIoU@0.5 | Rank@5,mIoU@0.3 | Rank@5,mIoU@0.5 | mIoU |
+-----------------+-----------------+-----------------+-----------------+------+
|       0.00      |       0.00      |       0.00      |       0.00      | 0.00 |
+-----------------+-----------------+-----------------+-----------------+------+

2026-04-16 06:13:28,656 
iter: 7740 train loss 0.2018 val loss 0.2258 test loss 0.0932
+performance on training set--------+-----------------+-----------------+-------+
| Rank@1,mIoU@0.3 | Rank@1,mIoU@0.5 | Rank@5,mIoU@0.3 | Rank@5,mIoU@0.5 | mIoU  |
+-----------------+-----------------+-----------------+-----------------+-------+
|      56.29      |      31.67      |      70.59      |      52.94      | 34.03 |
+-----------------+-----------------+-----------------+-----------------+-------+
+performance on validation set------+-----------------+-----------------+-------+
| Rank@1,mIoU@0.3 | Rank@1,mIoU@0.5 | Rank@5,mIoU@0.3 | Rank@5,mIoU@0.5 | mIoU  |
+-----------------+-----------------+-----------------+-----------------+-------+
|      16.39      |       6.56      |      37.70      |      13.11      | 11.50 |
+-----------------+-----------------+-----------------+-----------------+-------+
+performance on testing set---------+-----------------+-----------------+------+
| Rank@1,mIoU@0.3 | Rank@1,mIoU@0.5 | Rank@5,mIoU@0.3 | Rank@5,mIoU@0.5 | mIoU |
+-----------------+-----------------+-----------------+-----------------+------+
|       0.00      |       0.00      |       0.00      |       0.00      | 0.00 |
+-----------------+-----------------+-----------------+-----------------+------+

2026-04-16 06:15:37,059 
iter: 7785 train loss 0.1981 val loss 0.2261 test loss 0.0938
+performance on training set--------+-----------------+-----------------+-------+
| Rank@1,mIoU@0.3 | Rank@1,mIoU@0.5 | Rank@5,mIoU@0.3 | Rank@5,mIoU@0.5 | mIoU  |
+-----------------+-----------------+-----------------+-----------------+-------+
|      56.22      |      31.60      |      70.59      |      52.87      | 33.99 |
+-----------------+-----------------+-----------------+-----------------+-------+
+performance on validation set------+-----------------+-----------------+-------+
| Rank@1,mIoU@0.3 | Rank@1,mIoU@0.5 | Rank@5,mIoU@0.3 | Rank@5,mIoU@0.5 | mIoU  |
+-----------------+-----------------+-----------------+-----------------+-------+
|      16.39      |       6.56      |      37.70      |      13.11      | 11.46 |
+-----------------+-----------------+-----------------+-----------------+-------+
+performance on testing set---------+-----------------+-----------------+------+
| Rank@1,mIoU@0.3 | Rank@1,mIoU@0.5 | Rank@5,mIoU@0.3 | Rank@5,mIoU@0.5 | mIoU |
+-----------------+-----------------+-----------------+-----------------+------+
|       0.00      |       0.00      |       0.00      |       0.00      | 0.00 |
+-----------------+-----------------+-----------------+-----------------+------+

2026-04-16 06:17:49,661 
iter: 7830 train loss 0.2009 val loss 0.2258 test loss 0.0928
+performance on training set--------+-----------------+-----------------+-------+
| Rank@1,mIoU@0.3 | Rank@1,mIoU@0.5 | Rank@5,mIoU@0.3 | Rank@5,mIoU@0.5 | mIoU  |
+-----------------+-----------------+-----------------+-----------------+-------+
|      56.36      |      31.67      |      70.79      |      53.08      | 34.02 |
+-----------------+-----------------+-----------------+-----------------+-------+
+performance on validation set------+-----------------+-----------------+-------+
| Rank@1,mIoU@0.3 | Rank@1,mIoU@0.5 | Rank@5,mIoU@0.3 | Rank@5,mIoU@0.5 | mIoU  |
+-----------------+-----------------+-----------------+-----------------+-------+
|      16.39      |       6.56      |      37.70      |      14.75      | 11.38 |
+-----------------+-----------------+-----------------+-----------------+-------+
+performance on testing set---------+-----------------+-----------------+------+
| Rank@1,mIoU@0.3 | Rank@1,mIoU@0.5 | Rank@5,mIoU@0.3 | Rank@5,mIoU@0.5 | mIoU |
+-----------------+-----------------+-----------------+-----------------+------+
|       0.00      |       0.00      |       0.00      |       0.00      | 0.00 |
+-----------------+-----------------+-----------------+-----------------+------+

2026-04-16 06:20:04,618 
iter: 7875 train loss 0.1980 val loss 0.2254 test loss 0.0914
+performance on training set--------+-----------------+-----------------+-------+
| Rank@1,mIoU@0.3 | Rank@1,mIoU@0.5 | Rank@5,mIoU@0.3 | Rank@5,mIoU@0.5 | mIoU  |
+-----------------+-----------------+-----------------+-----------------+-------+
|      56.43      |      31.81      |      71.27      |      53.15      | 34.09 |
+-----------------+-----------------+-----------------+-----------------+-------+
+performance on validation set------+-----------------+-----------------+-------+
| Rank@1,mIoU@0.3 | Rank@1,mIoU@0.5 | Rank@5,mIoU@0.3 | Rank@5,mIoU@0.5 | mIoU  |
+-----------------+-----------------+-----------------+-----------------+-------+
|      16.39      |       6.56      |      37.70      |      14.75      | 11.38 |
+-----------------+-----------------+-----------------+-----------------+-------+
+performance on testing set---------+-----------------+-----------------+------+
| Rank@1,mIoU@0.3 | Rank@1,mIoU@0.5 | Rank@5,mIoU@0.3 | Rank@5,mIoU@0.5 | mIoU |
+-----------------+-----------------+-----------------+-----------------+------+
|       0.00      |       0.00      |       0.00      |       0.00      | 0.00 |
+-----------------+-----------------+-----------------+-----------------+------+

2026-04-16 06:22:19,202 
iter: 7920 train loss 0.2019 val loss 0.2267 test loss 0.0959
+performance on training set--------+-----------------+-----------------+-------+
| Rank@1,mIoU@0.3 | Rank@1,mIoU@0.5 | Rank@5,mIoU@0.3 | Rank@5,mIoU@0.5 | mIoU  |
+-----------------+-----------------+-----------------+-----------------+-------+
|      56.02      |      31.33      |      70.73      |      52.74      | 33.92 |
+-----------------+-----------------+-----------------+-----------------+-------+
+performance on validation set------+-----------------+-----------------+-------+
| Rank@1,mIoU@0.3 | Rank@1,mIoU@0.5 | Rank@5,mIoU@0.3 | Rank@5,mIoU@0.5 | mIoU  |
+-----------------+-----------------+-----------------+-----------------+-------+
|      16.39      |       6.56      |      37.70      |      11.48      | 11.46 |
+-----------------+-----------------+-----------------+-----------------+-------+
+performance on testing set---------+-----------------+-----------------+------+
| Rank@1,mIoU@0.3 | Rank@1,mIoU@0.5 | Rank@5,mIoU@0.3 | Rank@5,mIoU@0.5 | mIoU |
+-----------------+-----------------+-----------------+-----------------+------+
|       0.00      |       0.00      |       0.00      |       0.00      | 0.00 |
+-----------------+-----------------+-----------------+-----------------+------+

2026-04-16 06:24:33,658 
iter: 7965 train loss 0.1969 val loss 0.2256 test loss 0.0920
+performance on training set--------+-----------------+-----------------+-------+
| Rank@1,mIoU@0.3 | Rank@1,mIoU@0.5 | Rank@5,mIoU@0.3 | Rank@5,mIoU@0.5 | mIoU  |
+-----------------+-----------------+-----------------+-----------------+-------+
|      56.43      |      31.81      |      71.14      |      53.15      | 34.06 |
+-----------------+-----------------+-----------------+-----------------+-------+
+performance on validation set------+-----------------+-----------------+-------+
| Rank@1,mIoU@0.3 | Rank@1,mIoU@0.5 | Rank@5,mIoU@0.3 | Rank@5,mIoU@0.5 | mIoU  |
+-----------------+-----------------+-----------------+-----------------+-------+
|      16.39      |       6.56      |      37.70      |      14.75      | 11.42 |
+-----------------+-----------------+-----------------+-----------------+-------+
+performance on testing set---------+-----------------+-----------------+------+
| Rank@1,mIoU@0.3 | Rank@1,mIoU@0.5 | Rank@5,mIoU@0.3 | Rank@5,mIoU@0.5 | mIoU |
+-----------------+-----------------+-----------------+-----------------+------+
|       0.00      |       0.00      |       0.00      |       0.00      | 0.00 |
+-----------------+-----------------+-----------------+-----------------+------+

2026-04-16 06:26:46,837 
iter: 8010 train loss 0.2006 val loss 0.2260 test loss 0.0935
+performance on training set--------+-----------------+-----------------+-------+
| Rank@1,mIoU@0.3 | Rank@1,mIoU@0.5 | Rank@5,mIoU@0.3 | Rank@5,mIoU@0.5 | mIoU  |
+-----------------+-----------------+-----------------+-----------------+-------+
|      56.36      |      31.53      |      70.79      |      52.87      | 34.02 |
+-----------------+-----------------+-----------------+-----------------+-------+
+performance on validation set------+-----------------+-----------------+-------+
| Rank@1,mIoU@0.3 | Rank@1,mIoU@0.5 | Rank@5,mIoU@0.3 | Rank@5,mIoU@0.5 | mIoU  |
+-----------------+-----------------+-----------------+-----------------+-------+
|      16.39      |       6.56      |      37.70      |      13.11      | 11.46 |
+-----------------+-----------------+-----------------+-----------------+-------+
+performance on testing set---------+-----------------+-----------------+------+
| Rank@1,mIoU@0.3 | Rank@1,mIoU@0.5 | Rank@5,mIoU@0.3 | Rank@5,mIoU@0.5 | mIoU |
+-----------------+-----------------+-----------------+-----------------+------+
|       0.00      |       0.00      |       0.00      |       0.00      | 0.00 |
+-----------------+-----------------+-----------------+-----------------+------+

2026-04-16 06:29:01,836 
iter: 8055 train loss 0.2010 val loss 0.2255 test loss 0.0919
+performance on training set--------+-----------------+-----------------+-------+
| Rank@1,mIoU@0.3 | Rank@1,mIoU@0.5 | Rank@5,mIoU@0.3 | Rank@5,mIoU@0.5 | mIoU  |
+-----------------+-----------------+-----------------+-----------------+-------+
|      56.50      |      31.74      |      71.34      |      53.15      | 34.07 |
+-----------------+-----------------+-----------------+-----------------+-------+
+performance on validation set------+-----------------+-----------------+-------+
| Rank@1,mIoU@0.3 | Rank@1,mIoU@0.5 | Rank@5,mIoU@0.3 | Rank@5,mIoU@0.5 | mIoU  |
+-----------------+-----------------+-----------------+-----------------+-------+
|      16.39      |       6.56      |      37.70      |      14.75      | 11.42 |
+-----------------+-----------------+-----------------+-----------------+-------+
+performance on testing set---------+-----------------+-----------------+------+
| Rank@1,mIoU@0.3 | Rank@1,mIoU@0.5 | Rank@5,mIoU@0.3 | Rank@5,mIoU@0.5 | mIoU |
+-----------------+-----------------+-----------------+-----------------+------+
|       0.00      |       0.00      |       0.00      |       0.00      | 0.00 |
+-----------------+-----------------+-----------------+-----------------+------+

2026-04-16 06:31:17,301 
iter: 8100 train loss 0.1983 val loss 0.2267 test loss 0.0958
+performance on training set--------+-----------------+-----------------+-------+
| Rank@1,mIoU@0.3 | Rank@1,mIoU@0.5 | Rank@5,mIoU@0.3 | Rank@5,mIoU@0.5 | mIoU  |
+-----------------+-----------------+-----------------+-----------------+-------+
|      56.09      |      31.19      |      70.73      |      52.74      | 33.90 |
+-----------------+-----------------+-----------------+-----------------+-------+
+performance on validation set------+-----------------+-----------------+-------+
| Rank@1,mIoU@0.3 | Rank@1,mIoU@0.5 | Rank@5,mIoU@0.3 | Rank@5,mIoU@0.5 | mIoU  |
+-----------------+-----------------+-----------------+-----------------+-------+
|      16.39      |       6.56      |      39.34      |      11.48      | 11.45 |
+-----------------+-----------------+-----------------+-----------------+-------+
+performance on testing set---------+-----------------+-----------------+------+
| Rank@1,mIoU@0.3 | Rank@1,mIoU@0.5 | Rank@5,mIoU@0.3 | Rank@5,mIoU@0.5 | mIoU |
+-----------------+-----------------+-----------------+-----------------+------+
|       0.00      |       0.00      |       0.00      |       0.00      | 0.00 |
+-----------------+-----------------+-----------------+-----------------+------+

2026-04-16 06:33:31,961 
iter: 8145 train loss 0.1989 val loss 0.2267 test loss 0.0958
+performance on training set--------+-----------------+-----------------+-------+
| Rank@1,mIoU@0.3 | Rank@1,mIoU@0.5 | Rank@5,mIoU@0.3 | Rank@5,mIoU@0.5 | mIoU  |
+-----------------+-----------------+-----------------+-----------------+-------+
|      56.09      |      31.26      |      70.79      |      52.74      | 33.90 |
+-----------------+-----------------+-----------------+-----------------+-------+
+performance on validation set------+-----------------+-----------------+-------+
| Rank@1,mIoU@0.3 | Rank@1,mIoU@0.5 | Rank@5,mIoU@0.3 | Rank@5,mIoU@0.5 | mIoU  |
+-----------------+-----------------+-----------------+-----------------+-------+
|      16.39      |       6.56      |      39.34      |      11.48      | 11.45 |
+-----------------+-----------------+-----------------+-----------------+-------+
+performance on testing set---------+-----------------+-----------------+------+
| Rank@1,mIoU@0.3 | Rank@1,mIoU@0.5 | Rank@5,mIoU@0.3 | Rank@5,mIoU@0.5 | mIoU |
+-----------------+-----------------+-----------------+-----------------+------+
|       0.00      |       0.00      |       0.00      |       0.00      | 0.00 |
+-----------------+-----------------+-----------------+-----------------+------+

2026-04-16 06:35:36,281 
iter: 8190 train loss 0.2010 val loss 0.2269 test loss 0.0966
+performance on training set--------+-----------------+-----------------+-------+
| Rank@1,mIoU@0.3 | Rank@1,mIoU@0.5 | Rank@5,mIoU@0.3 | Rank@5,mIoU@0.5 | mIoU  |
+-----------------+-----------------+-----------------+-----------------+-------+
|      55.95      |      31.12      |      70.52      |      52.80      | 33.88 |
+-----------------+-----------------+-----------------+-----------------+-------+
+performance on validation set------+-----------------+-----------------+-------+
| Rank@1,mIoU@0.3 | Rank@1,mIoU@0.5 | Rank@5,mIoU@0.3 | Rank@5,mIoU@0.5 | mIoU  |
+-----------------+-----------------+-----------------+-----------------+-------+
|      14.75      |       6.56      |      39.34      |      11.48      | 10.89 |
+-----------------+-----------------+-----------------+-----------------+-------+
+performance on testing set---------+-----------------+-----------------+------+
| Rank@1,mIoU@0.3 | Rank@1,mIoU@0.5 | Rank@5,mIoU@0.3 | Rank@5,mIoU@0.5 | mIoU |
+-----------------+-----------------+-----------------+-----------------+------+
|       0.00      |       0.00      |       0.00      |       0.00      | 0.00 |
+-----------------+-----------------+-----------------+-----------------+------+

2026-04-16 06:37:33,294 
iter: 8235 train loss 0.1988 val loss 0.2263 test loss 0.0944
+performance on training set--------+-----------------+-----------------+-------+
| Rank@1,mIoU@0.3 | Rank@1,mIoU@0.5 | Rank@5,mIoU@0.3 | Rank@5,mIoU@0.5 | mIoU  |
+-----------------+-----------------+-----------------+-----------------+-------+
|      56.36      |      31.40      |      70.86      |      52.87      | 33.99 |
+-----------------+-----------------+-----------------+-----------------+-------+
+performance on validation set------+-----------------+-----------------+-------+
| Rank@1,mIoU@0.3 | Rank@1,mIoU@0.5 | Rank@5,mIoU@0.3 | Rank@5,mIoU@0.5 | mIoU  |
+-----------------+-----------------+-----------------+-----------------+-------+
|      16.39      |       6.56      |      37.70      |      11.48      | 11.46 |
+-----------------+-----------------+-----------------+-----------------+-------+
+performance on testing set---------+-----------------+-----------------+------+
| Rank@1,mIoU@0.3 | Rank@1,mIoU@0.5 | Rank@5,mIoU@0.3 | Rank@5,mIoU@0.5 | mIoU |
+-----------------+-----------------+-----------------+-----------------+------+
|       0.00      |       0.00      |       0.00      |       0.00      | 0.00 |
+-----------------+-----------------+-----------------+-----------------+------+

2026-04-16 06:39:31,284 
iter: 8280 train loss 0.1993 val loss 0.2259 test loss 0.0931
+performance on training set--------+-----------------+-----------------+-------+
| Rank@1,mIoU@0.3 | Rank@1,mIoU@0.5 | Rank@5,mIoU@0.3 | Rank@5,mIoU@0.5 | mIoU  |
+-----------------+-----------------+-----------------+-----------------+-------+
|      56.36      |      31.60      |      71.07      |      53.15      | 34.03 |
+-----------------+-----------------+-----------------+-----------------+-------+
+performance on validation set------+-----------------+-----------------+-------+
| Rank@1,mIoU@0.3 | Rank@1,mIoU@0.5 | Rank@5,mIoU@0.3 | Rank@5,mIoU@0.5 | mIoU  |
+-----------------+-----------------+-----------------+-----------------+-------+
|      16.39      |       6.56      |      37.70      |      13.11      | 11.46 |
+-----------------+-----------------+-----------------+-----------------+-------+
+performance on testing set---------+-----------------+-----------------+------+
| Rank@1,mIoU@0.3 | Rank@1,mIoU@0.5 | Rank@5,mIoU@0.3 | Rank@5,mIoU@0.5 | mIoU |
+-----------------+-----------------+-----------------+-----------------+------+
|       0.00      |       0.00      |       0.00      |       0.00      | 0.00 |
+-----------------+-----------------+-----------------+-----------------+------+

2026-04-16 06:41:29,097 
iter: 8325 train loss 0.1993 val loss 0.2265 test loss 0.0948
+performance on training set--------+-----------------+-----------------+-------+
| Rank@1,mIoU@0.3 | Rank@1,mIoU@0.5 | Rank@5,mIoU@0.3 | Rank@5,mIoU@0.5 | mIoU  |
+-----------------+-----------------+-----------------+-----------------+-------+
|      56.36      |      31.46      |      70.93      |      52.80      | 33.99 |
+-----------------+-----------------+-----------------+-----------------+-------+
+performance on validation set------+-----------------+-----------------+-------+
| Rank@1,mIoU@0.3 | Rank@1,mIoU@0.5 | Rank@5,mIoU@0.3 | Rank@5,mIoU@0.5 | mIoU  |
+-----------------+-----------------+-----------------+-----------------+-------+
|      16.39      |       6.56      |      37.70      |      11.48      | 11.46 |
+-----------------+-----------------+-----------------+-----------------+-------+
+performance on testing set---------+-----------------+-----------------+------+
| Rank@1,mIoU@0.3 | Rank@1,mIoU@0.5 | Rank@5,mIoU@0.3 | Rank@5,mIoU@0.5 | mIoU |
+-----------------+-----------------+-----------------+-----------------+------+
|       0.00      |       0.00      |       0.00      |       0.00      | 0.00 |
+-----------------+-----------------+-----------------+-----------------+------+

2026-04-16 06:43:28,888 
iter: 8370 train loss 0.2004 val loss 0.2263 test loss 0.0945
+performance on training set--------+-----------------+-----------------+-------+
| Rank@1,mIoU@0.3 | Rank@1,mIoU@0.5 | Rank@5,mIoU@0.3 | Rank@5,mIoU@0.5 | mIoU  |
+-----------------+-----------------+-----------------+-----------------+-------+
|      56.36      |      31.53      |      70.86      |      52.87      | 34.02 |
+-----------------+-----------------+-----------------+-----------------+-------+
+performance on validation set------+-----------------+-----------------+-------+
| Rank@1,mIoU@0.3 | Rank@1,mIoU@0.5 | Rank@5,mIoU@0.3 | Rank@5,mIoU@0.5 | mIoU  |
+-----------------+-----------------+-----------------+-----------------+-------+
|      16.39      |       6.56      |      37.70      |      11.48      | 11.46 |
+-----------------+-----------------+-----------------+-----------------+-------+
+performance on testing set---------+-----------------+-----------------+------+
| Rank@1,mIoU@0.3 | Rank@1,mIoU@0.5 | Rank@5,mIoU@0.3 | Rank@5,mIoU@0.5 | mIoU |
+-----------------+-----------------+-----------------+-----------------+------+
|       0.00      |       0.00      |       0.00      |       0.00      | 0.00 |
+-----------------+-----------------+-----------------+-----------------+------+

2026-04-16 06:45:47,031 
iter: 8415 train loss 0.1984 val loss 0.2257 test loss 0.0922
+performance on training set--------+-----------------+-----------------+-------+
| Rank@1,mIoU@0.3 | Rank@1,mIoU@0.5 | Rank@5,mIoU@0.3 | Rank@5,mIoU@0.5 | mIoU  |
+-----------------+-----------------+-----------------+-----------------+-------+
|      56.57      |      31.67      |      71.48      |      53.21      | 34.09 |
+-----------------+-----------------+-----------------+-----------------+-------+
+performance on validation set------+-----------------+-----------------+-------+
| Rank@1,mIoU@0.3 | Rank@1,mIoU@0.5 | Rank@5,mIoU@0.3 | Rank@5,mIoU@0.5 | mIoU  |
+-----------------+-----------------+-----------------+-----------------+-------+
|      16.39      |       6.56      |      37.70      |      14.75      | 11.35 |
+-----------------+-----------------+-----------------+-----------------+-------+
+performance on testing set---------+-----------------+-----------------+------+
| Rank@1,mIoU@0.3 | Rank@1,mIoU@0.5 | Rank@5,mIoU@0.3 | Rank@5,mIoU@0.5 | mIoU |
+-----------------+-----------------+-----------------+-----------------+------+
|       0.00      |       0.00      |       0.00      |       0.00      | 0.00 |
+-----------------+-----------------+-----------------+-----------------+------+

2026-04-16 06:48:08,483 
iter: 8460 train loss 0.1973 val loss 0.2269 test loss 0.0961
+performance on training set--------+-----------------+-----------------+-------+
| Rank@1,mIoU@0.3 | Rank@1,mIoU@0.5 | Rank@5,mIoU@0.3 | Rank@5,mIoU@0.5 | mIoU  |
+-----------------+-----------------+-----------------+-----------------+-------+
|      56.09      |      31.12      |      70.79      |      52.74      | 33.87 |
+-----------------+-----------------+-----------------+-----------------+-------+
+performance on validation set------+-----------------+-----------------+-------+
| Rank@1,mIoU@0.3 | Rank@1,mIoU@0.5 | Rank@5,mIoU@0.3 | Rank@5,mIoU@0.5 | mIoU  |
+-----------------+-----------------+-----------------+-----------------+-------+
|      16.39      |       6.56      |      40.98      |      11.48      | 11.45 |
+-----------------+-----------------+-----------------+-----------------+-------+
+performance on testing set---------+-----------------+-----------------+------+
| Rank@1,mIoU@0.3 | Rank@1,mIoU@0.5 | Rank@5,mIoU@0.3 | Rank@5,mIoU@0.5 | mIoU |
+-----------------+-----------------+-----------------+-----------------+------+
|       0.00      |       0.00      |       0.00      |       0.00      | 0.00 |
+-----------------+-----------------+-----------------+-----------------+------+

2026-04-16 06:50:19,905 
iter: 8505 train loss 0.2015 val loss 0.2259 test loss 0.0935
+performance on training set--------+-----------------+-----------------+-------+
| Rank@1,mIoU@0.3 | Rank@1,mIoU@0.5 | Rank@5,mIoU@0.3 | Rank@5,mIoU@0.5 | mIoU  |
+-----------------+-----------------+-----------------+-----------------+-------+
|      56.43      |      31.67      |      71.34      |      53.15      | 34.08 |
+-----------------+-----------------+-----------------+-----------------+-------+
+performance on validation set------+-----------------+-----------------+-------+
| Rank@1,mIoU@0.3 | Rank@1,mIoU@0.5 | Rank@5,mIoU@0.3 | Rank@5,mIoU@0.5 | mIoU  |
+-----------------+-----------------+-----------------+-----------------+-------+
|      16.39      |       6.56      |      37.70      |      11.48      | 11.46 |
+-----------------+-----------------+-----------------+-----------------+-------+
+performance on testing set---------+-----------------+-----------------+------+
| Rank@1,mIoU@0.3 | Rank@1,mIoU@0.5 | Rank@5,mIoU@0.3 | Rank@5,mIoU@0.5 | mIoU |
+-----------------+-----------------+-----------------+-----------------+------+
|       0.00      |       0.00      |       0.00      |       0.00      | 0.00 |
+-----------------+-----------------+-----------------+-----------------+------+

2026-04-16 06:52:16,487 
iter: 8550 train loss 0.1986 val loss 0.2268 test loss 0.0957
+performance on training set--------+-----------------+-----------------+-------+
| Rank@1,mIoU@0.3 | Rank@1,mIoU@0.5 | Rank@5,mIoU@0.3 | Rank@5,mIoU@0.5 | mIoU  |
+-----------------+-----------------+-----------------+-----------------+-------+
|      56.22      |      31.19      |      70.86      |      52.74      | 33.94 |
+-----------------+-----------------+-----------------+-----------------+-------+
+performance on validation set------+-----------------+-----------------+-------+
| Rank@1,mIoU@0.3 | Rank@1,mIoU@0.5 | Rank@5,mIoU@0.3 | Rank@5,mIoU@0.5 | mIoU  |
+-----------------+-----------------+-----------------+-----------------+-------+
|      16.39      |       6.56      |      39.34      |      11.48      | 11.46 |
+-----------------+-----------------+-----------------+-----------------+-------+
+performance on testing set---------+-----------------+-----------------+------+
| Rank@1,mIoU@0.3 | Rank@1,mIoU@0.5 | Rank@5,mIoU@0.3 | Rank@5,mIoU@0.5 | mIoU |
+-----------------+-----------------+-----------------+-----------------+------+
|       0.00      |       0.00      |       0.00      |       0.00      | 0.00 |
+-----------------+-----------------+-----------------+-----------------+------+

2026-04-16 06:54:13,871 
iter: 8595 train loss 0.1970 val loss 0.2266 test loss 0.0945
+performance on training set--------+-----------------+-----------------+-------+
| Rank@1,mIoU@0.3 | Rank@1,mIoU@0.5 | Rank@5,mIoU@0.3 | Rank@5,mIoU@0.5 | mIoU  |
+-----------------+-----------------+-----------------+-----------------+-------+
|      56.36      |      31.33      |      71.20      |      52.80      | 33.98 |
+-----------------+-----------------+-----------------+-----------------+-------+
+performance on validation set------+-----------------+-----------------+-------+
| Rank@1,mIoU@0.3 | Rank@1,mIoU@0.5 | Rank@5,mIoU@0.3 | Rank@5,mIoU@0.5 | mIoU  |
+-----------------+-----------------+-----------------+-----------------+-------+
|      16.39      |       6.56      |      39.34      |      13.11      | 11.45 |
+-----------------+-----------------+-----------------+-----------------+-------+
+performance on testing set---------+-----------------+-----------------+------+
| Rank@1,mIoU@0.3 | Rank@1,mIoU@0.5 | Rank@5,mIoU@0.3 | Rank@5,mIoU@0.5 | mIoU |
+-----------------+-----------------+-----------------+-----------------+------+
|       0.00      |       0.00      |       0.00      |       0.00      | 0.00 |
+-----------------+-----------------+-----------------+-----------------+------+

2026-04-16 06:56:12,220 
iter: 8640 train loss 0.2020 val loss 0.2254 test loss 0.0921
+performance on training set--------+-----------------+-----------------+-------+
| Rank@1,mIoU@0.3 | Rank@1,mIoU@0.5 | Rank@5,mIoU@0.3 | Rank@5,mIoU@0.5 | mIoU  |
+-----------------+-----------------+-----------------+-----------------+-------+
|      56.57      |      31.87      |      71.48      |      53.15      | 34.15 |
+-----------------+-----------------+-----------------+-----------------+-------+
+performance on validation set------+-----------------+-----------------+-------+
| Rank@1,mIoU@0.3 | Rank@1,mIoU@0.5 | Rank@5,mIoU@0.3 | Rank@5,mIoU@0.5 | mIoU  |
+-----------------+-----------------+-----------------+-----------------+-------+
|      16.39      |       6.56      |      37.70      |      13.11      | 11.38 |
+-----------------+-----------------+-----------------+-----------------+-------+
+performance on testing set---------+-----------------+-----------------+------+
| Rank@1,mIoU@0.3 | Rank@1,mIoU@0.5 | Rank@5,mIoU@0.3 | Rank@5,mIoU@0.5 | mIoU |
+-----------------+-----------------+-----------------+-----------------+------+
|       0.00      |       0.00      |       0.00      |       0.00      | 0.00 |
+-----------------+-----------------+-----------------+-----------------+------+

2026-04-16 06:58:10,377 
iter: 8685 train loss 0.1992 val loss 0.2259 test loss 0.0924
+performance on training set--------+-----------------+-----------------+-------+
| Rank@1,mIoU@0.3 | Rank@1,mIoU@0.5 | Rank@5,mIoU@0.3 | Rank@5,mIoU@0.5 | mIoU  |
+-----------------+-----------------+-----------------+-----------------+-------+
|      56.36      |      31.67      |      71.41      |      53.28      | 34.07 |
+-----------------+-----------------+-----------------+-----------------+-------+
+performance on validation set------+-----------------+-----------------+-------+
| Rank@1,mIoU@0.3 | Rank@1,mIoU@0.5 | Rank@5,mIoU@0.3 | Rank@5,mIoU@0.5 | mIoU  |
+-----------------+-----------------+-----------------+-----------------+-------+
|      16.39      |       6.56      |      37.70      |      13.11      | 11.46 |
+-----------------+-----------------+-----------------+-----------------+-------+
+performance on testing set---------+-----------------+-----------------+------+
| Rank@1,mIoU@0.3 | Rank@1,mIoU@0.5 | Rank@5,mIoU@0.3 | Rank@5,mIoU@0.5 | mIoU |
+-----------------+-----------------+-----------------+-----------------+------+
|       0.00      |       0.00      |       0.00      |       0.00      | 0.00 |
+-----------------+-----------------+-----------------+-----------------+------+

2026-04-16 07:00:07,838 
iter: 8730 train loss 0.1998 val loss 0.2259 test loss 0.0931
+performance on training set--------+-----------------+-----------------+-------+
| Rank@1,mIoU@0.3 | Rank@1,mIoU@0.5 | Rank@5,mIoU@0.3 | Rank@5,mIoU@0.5 | mIoU  |
+-----------------+-----------------+-----------------+-----------------+-------+
|      56.36      |      31.53      |      71.27      |      53.21      | 34.07 |
+-----------------+-----------------+-----------------+-----------------+-------+
+performance on validation set------+-----------------+-----------------+-------+
| Rank@1,mIoU@0.3 | Rank@1,mIoU@0.5 | Rank@5,mIoU@0.3 | Rank@5,mIoU@0.5 | mIoU  |
+-----------------+-----------------+-----------------+-----------------+-------+
|      16.39      |       6.56      |      37.70      |      11.48      | 11.46 |
+-----------------+-----------------+-----------------+-----------------+-------+
+performance on testing set---------+-----------------+-----------------+------+
| Rank@1,mIoU@0.3 | Rank@1,mIoU@0.5 | Rank@5,mIoU@0.3 | Rank@5,mIoU@0.5 | mIoU |
+-----------------+-----------------+-----------------+-----------------+------+
|       0.00      |       0.00      |       0.00      |       0.00      | 0.00 |
+-----------------+-----------------+-----------------+-----------------+------+

2026-04-16 07:02:05,825 
iter: 8775 train loss 0.1975 val loss 0.2258 test loss 0.0927
+performance on training set--------+-----------------+-----------------+-------+
| Rank@1,mIoU@0.3 | Rank@1,mIoU@0.5 | Rank@5,mIoU@0.3 | Rank@5,mIoU@0.5 | mIoU  |
+-----------------+-----------------+-----------------+-----------------+-------+
|      56.43      |      31.67      |      71.41      |      53.21      | 34.08 |
+-----------------+-----------------+-----------------+-----------------+-------+
+performance on validation set------+-----------------+-----------------+-------+
| Rank@1,mIoU@0.3 | Rank@1,mIoU@0.5 | Rank@5,mIoU@0.3 | Rank@5,mIoU@0.5 | mIoU  |
+-----------------+-----------------+-----------------+-----------------+-------+
|      16.39      |       6.56      |      37.70      |      11.48      | 11.46 |
+-----------------+-----------------+-----------------+-----------------+-------+
+performance on testing set---------+-----------------+-----------------+------+
| Rank@1,mIoU@0.3 | Rank@1,mIoU@0.5 | Rank@5,mIoU@0.3 | Rank@5,mIoU@0.5 | mIoU |
+-----------------+-----------------+-----------------+-----------------+------+
|       0.00      |       0.00      |       0.00      |       0.00      | 0.00 |
+-----------------+-----------------+-----------------+-----------------+------+

2026-04-16 07:04:01,968 
iter: 8820 train loss 0.2021 val loss 0.2263 test loss 0.0938
+performance on training set--------+-----------------+-----------------+-------+
| Rank@1,mIoU@0.3 | Rank@1,mIoU@0.5 | Rank@5,mIoU@0.3 | Rank@5,mIoU@0.5 | mIoU  |
+-----------------+-----------------+-----------------+-----------------+-------+
|      56.43      |      31.60      |      71.48      |      53.15      | 34.05 |
+-----------------+-----------------+-----------------+-----------------+-------+
+performance on validation set------+-----------------+-----------------+-------+
| Rank@1,mIoU@0.3 | Rank@1,mIoU@0.5 | Rank@5,mIoU@0.3 | Rank@5,mIoU@0.5 | mIoU  |
+-----------------+-----------------+-----------------+-----------------+-------+
|      16.39      |       6.56      |      37.70      |      11.48      | 11.46 |
+-----------------+-----------------+-----------------+-----------------+-------+
+performance on testing set---------+-----------------+-----------------+------+
| Rank@1,mIoU@0.3 | Rank@1,mIoU@0.5 | Rank@5,mIoU@0.3 | Rank@5,mIoU@0.5 | mIoU |
+-----------------+-----------------+-----------------+-----------------+------+
|       0.00      |       0.00      |       0.00      |       0.00      | 0.00 |
+-----------------+-----------------+-----------------+-----------------+------+

2026-04-16 07:05:59,166 
iter: 8865 train loss 0.1961 val loss 0.2264 test loss 0.0940
+performance on training set--------+-----------------+-----------------+-------+
| Rank@1,mIoU@0.3 | Rank@1,mIoU@0.5 | Rank@5,mIoU@0.3 | Rank@5,mIoU@0.5 | mIoU  |
+-----------------+-----------------+-----------------+-----------------+-------+
|      56.29      |      31.40      |      71.07      |      52.80      | 33.99 |
+-----------------+-----------------+-----------------+-----------------+-------+
+performance on validation set------+-----------------+-----------------+-------+
| Rank@1,mIoU@0.3 | Rank@1,mIoU@0.5 | Rank@5,mIoU@0.3 | Rank@5,mIoU@0.5 | mIoU  |
+-----------------+-----------------+-----------------+-----------------+-------+
|      16.39      |       6.56      |      39.34      |      11.48      | 11.46 |
+-----------------+-----------------+-----------------+-----------------+-------+
+performance on testing set---------+-----------------+-----------------+------+
| Rank@1,mIoU@0.3 | Rank@1,mIoU@0.5 | Rank@5,mIoU@0.3 | Rank@5,mIoU@0.5 | mIoU |
+-----------------+-----------------+-----------------+-----------------+------+
|       0.00      |       0.00      |       0.00      |       0.00      | 0.00 |
+-----------------+-----------------+-----------------+-----------------+------+

2026-04-16 07:08:00,074 
iter: 8910 train loss 0.1975 val loss 0.2252 test loss 0.0905
+performance on training set--------+-----------------+-----------------+-------+
| Rank@1,mIoU@0.3 | Rank@1,mIoU@0.5 | Rank@5,mIoU@0.3 | Rank@5,mIoU@0.5 | mIoU  |
+-----------------+-----------------+-----------------+-----------------+-------+
|      56.50      |      32.08      |      71.55      |      53.08      | 34.21 |
+-----------------+-----------------+-----------------+-----------------+-------+
+performance on validation set------+-----------------+-----------------+-------+
| Rank@1,mIoU@0.3 | Rank@1,mIoU@0.5 | Rank@5,mIoU@0.3 | Rank@5,mIoU@0.5 | mIoU  |
+-----------------+-----------------+-----------------+-----------------+-------+
|      16.39      |       6.56      |      37.70      |      13.11      | 11.42 |
+-----------------+-----------------+-----------------+-----------------+-------+
+performance on testing set---------+-----------------+-----------------+------+
| Rank@1,mIoU@0.3 | Rank@1,mIoU@0.5 | Rank@5,mIoU@0.3 | Rank@5,mIoU@0.5 | mIoU |
+-----------------+-----------------+-----------------+-----------------+------+
|       0.00      |       0.00      |       0.00      |       0.00      | 0.00 |
+-----------------+-----------------+-----------------+-----------------+------+

2026-04-16 07:10:04,883 
iter: 8955 train loss 0.2018 val loss 0.2257 test loss 0.0926
+performance on training set--------+-----------------+-----------------+-------+
| Rank@1,mIoU@0.3 | Rank@1,mIoU@0.5 | Rank@5,mIoU@0.3 | Rank@5,mIoU@0.5 | mIoU  |
+-----------------+-----------------+-----------------+-----------------+-------+
|      56.50      |      31.67      |      71.55      |      53.15      | 34.09 |
+-----------------+-----------------+-----------------+-----------------+-------+
+performance on validation set------+-----------------+-----------------+-------+
| Rank@1,mIoU@0.3 | Rank@1,mIoU@0.5 | Rank@5,mIoU@0.3 | Rank@5,mIoU@0.5 | mIoU  |
+-----------------+-----------------+-----------------+-----------------+-------+
|      16.39      |       6.56      |      37.70      |      11.48      | 11.46 |
+-----------------+-----------------+-----------------+-----------------+-------+
+performance on testing set---------+-----------------+-----------------+------+
| Rank@1,mIoU@0.3 | Rank@1,mIoU@0.5 | Rank@5,mIoU@0.3 | Rank@5,mIoU@0.5 | mIoU |
+-----------------+-----------------+-----------------+-----------------+------+
|       0.00      |       0.00      |       0.00      |       0.00      | 0.00 |
+-----------------+-----------------+-----------------+-----------------+------+

2026-04-16 07:12:08,701 
iter: 9000 train loss 0.1983 val loss 0.2266 test loss 0.0952
+performance on training set--------+-----------------+-----------------+-------+
| Rank@1,mIoU@0.3 | Rank@1,mIoU@0.5 | Rank@5,mIoU@0.3 | Rank@5,mIoU@0.5 | mIoU  |
+-----------------+-----------------+-----------------+-----------------+-------+
|      56.29      |      31.40      |      71.27      |      52.67      | 33.97 |
+-----------------+-----------------+-----------------+-----------------+-------+
+performance on validation set------+-----------------+-----------------+-------+
| Rank@1,mIoU@0.3 | Rank@1,mIoU@0.5 | Rank@5,mIoU@0.3 | Rank@5,mIoU@0.5 | mIoU  |
+-----------------+-----------------+-----------------+-----------------+-------+
|      16.39      |       6.56      |      40.98      |      11.48      | 11.45 |
+-----------------+-----------------+-----------------+-----------------+-------+
+performance on testing set---------+-----------------+-----------------+------+
| Rank@1,mIoU@0.3 | Rank@1,mIoU@0.5 | Rank@5,mIoU@0.3 | Rank@5,mIoU@0.5 | mIoU |
+-----------------+-----------------+-----------------+-----------------+------+
|       0.00      |       0.00      |       0.00      |       0.00      | 0.00 |
+-----------------+-----------------+-----------------+-----------------+------+

2026-04-16 07:14:13,150 
iter: 9045 train loss 0.1989 val loss 0.2259 test loss 0.0927
+performance on training set--------+-----------------+-----------------+-------+
| Rank@1,mIoU@0.3 | Rank@1,mIoU@0.5 | Rank@5,mIoU@0.3 | Rank@5,mIoU@0.5 | mIoU  |
+-----------------+-----------------+-----------------+-----------------+-------+
|      56.43      |      31.67      |      71.48      |      53.21      | 34.09 |
+-----------------+-----------------+-----------------+-----------------+-------+
+performance on validation set------+-----------------+-----------------+-------+
| Rank@1,mIoU@0.3 | Rank@1,mIoU@0.5 | Rank@5,mIoU@0.3 | Rank@5,mIoU@0.5 | mIoU  |
+-----------------+-----------------+-----------------+-----------------+-------+
|      16.39      |       6.56      |      37.70      |      11.48      | 11.46 |
+-----------------+-----------------+-----------------+-----------------+-------+
+performance on testing set---------+-----------------+-----------------+------+
| Rank@1,mIoU@0.3 | Rank@1,mIoU@0.5 | Rank@5,mIoU@0.3 | Rank@5,mIoU@0.5 | mIoU |
+-----------------+-----------------+-----------------+-----------------+------+
|       0.00      |       0.00      |       0.00      |       0.00      | 0.00 |
+-----------------+-----------------+-----------------+-----------------+------+

2026-04-16 07:16:17,054 
iter: 9090 train loss 0.1986 val loss 0.2263 test loss 0.0940
+performance on training set--------+-----------------+-----------------+-------+
| Rank@1,mIoU@0.3 | Rank@1,mIoU@0.5 | Rank@5,mIoU@0.3 | Rank@5,mIoU@0.5 | mIoU  |
+-----------------+-----------------+-----------------+-----------------+-------+
|      56.29      |      31.40      |      71.14      |      53.01      | 33.99 |
+-----------------+-----------------+-----------------+-----------------+-------+
+performance on validation set------+-----------------+-----------------+-------+
| Rank@1,mIoU@0.3 | Rank@1,mIoU@0.5 | Rank@5,mIoU@0.3 | Rank@5,mIoU@0.5 | mIoU  |
+-----------------+-----------------+-----------------+-----------------+-------+
|      16.39      |       6.56      |      37.70      |      11.48      | 11.46 |
+-----------------+-----------------+-----------------+-----------------+-------+
+performance on testing set---------+-----------------+-----------------+------+
| Rank@1,mIoU@0.3 | Rank@1,mIoU@0.5 | Rank@5,mIoU@0.3 | Rank@5,mIoU@0.5 | mIoU |
+-----------------+-----------------+-----------------+-----------------+------+
|       0.00      |       0.00      |       0.00      |       0.00      | 0.00 |
+-----------------+-----------------+-----------------+-----------------+------+

2026-04-16 07:18:21,605 
iter: 9135 train loss 0.1982 val loss 0.2263 test loss 0.0940
+performance on training set--------+-----------------+-----------------+-------+
| Rank@1,mIoU@0.3 | Rank@1,mIoU@0.5 | Rank@5,mIoU@0.3 | Rank@5,mIoU@0.5 | mIoU  |
+-----------------+-----------------+-----------------+-----------------+-------+
|      56.36      |      31.53      |      71.27      |      53.01      | 34.05 |
+-----------------+-----------------+-----------------+-----------------+-------+
+performance on validation set------+-----------------+-----------------+-------+
| Rank@1,mIoU@0.3 | Rank@1,mIoU@0.5 | Rank@5,mIoU@0.3 | Rank@5,mIoU@0.5 | mIoU  |
+-----------------+-----------------+-----------------+-----------------+-------+
|      16.39      |       6.56      |      37.70      |      11.48      | 11.46 |
+-----------------+-----------------+-----------------+-----------------+-------+
+performance on testing set---------+-----------------+-----------------+------+
| Rank@1,mIoU@0.3 | Rank@1,mIoU@0.5 | Rank@5,mIoU@0.3 | Rank@5,mIoU@0.5 | mIoU |
+-----------------+-----------------+-----------------+-----------------+------+
|       0.00      |       0.00      |       0.00      |       0.00      | 0.00 |
+-----------------+-----------------+-----------------+-----------------+------+

2026-04-16 07:20:28,642 
iter: 9180 train loss 0.1990 val loss 0.2260 test loss 0.0927
+performance on training set--------+-----------------+-----------------+-------+
| Rank@1,mIoU@0.3 | Rank@1,mIoU@0.5 | Rank@5,mIoU@0.3 | Rank@5,mIoU@0.5 | mIoU  |
+-----------------+-----------------+-----------------+-----------------+-------+
|      56.43      |      31.67      |      71.48      |      53.21      | 34.07 |
+-----------------+-----------------+-----------------+-----------------+-------+
+performance on validation set------+-----------------+-----------------+-------+
| Rank@1,mIoU@0.3 | Rank@1,mIoU@0.5 | Rank@5,mIoU@0.3 | Rank@5,mIoU@0.5 | mIoU  |
+-----------------+-----------------+-----------------+-----------------+-------+
|      16.39      |       6.56      |      37.70      |      11.48      | 11.46 |
+-----------------+-----------------+-----------------+-----------------+-------+
+performance on testing set---------+-----------------+-----------------+------+
| Rank@1,mIoU@0.3 | Rank@1,mIoU@0.5 | Rank@5,mIoU@0.3 | Rank@5,mIoU@0.5 | mIoU |
+-----------------+-----------------+-----------------+-----------------+------+
|       0.00      |       0.00      |       0.00      |       0.00      | 0.00 |
+-----------------+-----------------+-----------------+-----------------+------+

