2026-04-21 21:24:56,713 
Namespace(cfg='/DATA/Ego4d/episodic-memory/NLQ/2D-TAN/experiments/ego4d/2D-TAN-40x40-K9L4-pool-window-std-sf.yaml', gpus=None, workers=None, dataDir=None, modelDir=None, logDir=None, verbose=True, tag=None, debug=False)
2026-04-21 21:24:56,714 
{'CUDNN': {'BENCHMARK': True, 'DETERMINISTIC': False, 'ENABLED': True},
 'DATASET': {'BIAS': 0,
             'DOWNSAMPLING_STRIDE': 16,
             'MODALITY': '',
             'NAME': 'Ego4DClip',
             'NEGWINDOW': False,
             'NORMALIZE': True,
             'NO_VAL': False,
             'NUM_SAMPLE_CLIPS': 40,
             'RANDOM_SAMPLING': False,
             'ROOT': '',
             'SPLIT': '',
             'TARGET_STRIDE': 1,
             'TXT_FEATURE': 'bert',
             'VIS_INPUT_TYPE': 'EgoVLP',
             'WINDOW': 45},
 'DATA_DIR': './data/Ego4D_clip',
 'DEBUG': False,
 'LOG_DIR': './log',
 'LOSS': {'NAME': 'bce_rescale_loss',
          'PARAMS': {'BIAS': 0.3, 'MAX_IOU': 1.0, 'MIN_IOU': 0.3}},
 'MODEL': {'CHECKPOINT': 'checkpoints/Ego4DClip/TAN_slowfast/iter005030-0.0530-0.1242.pkl',
           'NAME': 'TAN'},
 'MODEL_DIR': './checkpoints',
 'RESULT_DIR': './results2',
 'TAG': '',
 'TAN': {'FRAME_MODULE': {'NAME': 'FrameAvgPool',
                          'PARAMS': {'HIDDEN_SIZE': 256,
                                     'INPUT_SIZE': 256,
                                     'KERNEL_SIZE': 1,
                                     'STRIDE': 1}},
         'FUSION_MODULE': {'NAME': 'BaseFusion',
                           'PARAMS': {'HIDDEN_SIZE': 256,
                                      'LSTM': {'BIDIRECTIONAL': False,
                                               'NUM_LAYERS': 3},
                                      'TXT_HIDDEN_SIZE': 768,
                                      'TXT_INPUT_SIZE': 300}},
         'MAP_MODULE': {'NAME': 'MapConv',
                        'PARAMS': {'DILATIONS': [1, 1, 1, 1],
                                   'HIDDEN_SIZES': [256, 256, 256, 256],
                                   'INPUT_SIZE': 256,
                                   'KERNEL_SIZES': [9, 9, 9, 9],
                                   'PADDINGS': [16, 0, 0, 0],
                                   'STRIDES': [1, 1, 1, 1]}},
         'PRED_INPUT_SIZE': 256,
         'PROP_MODULE': {'NAME': 'SparsePropMaxPool',
                         'PARAMS': {'NUM_SCALE_LAYERS': [16, 8, 8]}}},
 'TEST': {'BATCH_SIZE': 16,
          'EVAL_TRAIN': True,
          'INTERVAL': 1,
          'NMS_THRESH': 0.5,
          'RECALL': '1,5',
          'TIOU': '0.3,0.5',
          'TOP_K': 10},
 'TRAIN': {'BATCH_SIZE': 32,
           'CONTINUE': False,
           'FACTOR': 0.8,
           'LR': 5e-05,
           'MAX_EPOCH': 600,
           'PATIENCE': 7,
           'SHUFFLE': True,
           'WEIGHT_DECAY': 0.0001},
 'VERBOSE': True,
 'WORKERS': 0}
2026-04-21 21:32:30,965 
iter: 362 train loss 0.6736 val loss 0.6669 test loss 0.6653
+performance on training set--------+-----------------+-----------------+------+
| Rank@1,mIoU@0.3 | Rank@1,mIoU@0.5 | Rank@5,mIoU@0.3 | Rank@5,mIoU@0.5 | mIoU |
+-----------------+-----------------+-----------------+-----------------+------+
|       0.00      |       0.00      |      22.81      |      10.84      | 1.51 |
+-----------------+-----------------+-----------------+-----------------+------+
+performance on validation set------+-----------------+-----------------+------+
| Rank@1,mIoU@0.3 | Rank@1,mIoU@0.5 | Rank@5,mIoU@0.3 | Rank@5,mIoU@0.5 | mIoU |
+-----------------+-----------------+-----------------+-----------------+------+
|       0.00      |       0.00      |      14.37      |       5.94      | 0.96 |
+-----------------+-----------------+-----------------+-----------------+------+
+performance on testing set---------+-----------------+-----------------+------+
| Rank@1,mIoU@0.3 | Rank@1,mIoU@0.5 | Rank@5,mIoU@0.3 | Rank@5,mIoU@0.5 | mIoU |
+-----------------+-----------------+-----------------+-----------------+------+
|       0.00      |       0.00      |       0.00      |       0.00      | 0.00 |
+-----------------+-----------------+-----------------+-----------------+------+

2026-04-21 21:38:47,406 
iter: 724 train loss 0.6644 val loss 0.6549 test loss 0.6526
+performance on training set--------+-----------------+-----------------+-------+
| Rank@1,mIoU@0.3 | Rank@1,mIoU@0.5 | Rank@5,mIoU@0.3 | Rank@5,mIoU@0.5 | mIoU  |
+-----------------+-----------------+-----------------+-----------------+-------+
|      20.89      |       8.30      |      45.16      |      27.81      | 16.36 |
+-----------------+-----------------+-----------------+-----------------+-------+
+performance on validation set------+-----------------+-----------------+-------+
| Rank@1,mIoU@0.3 | Rank@1,mIoU@0.5 | Rank@5,mIoU@0.3 | Rank@5,mIoU@0.5 | mIoU  |
+-----------------+-----------------+-----------------+-----------------+-------+
|      10.94      |       5.00      |      35.94      |      22.50      | 10.81 |
+-----------------+-----------------+-----------------+-----------------+-------+
+performance on testing set---------+-----------------+-----------------+------+
| Rank@1,mIoU@0.3 | Rank@1,mIoU@0.5 | Rank@5,mIoU@0.3 | Rank@5,mIoU@0.5 | mIoU |
+-----------------+-----------------+-----------------+-----------------+------+
|       0.00      |       0.00      |       0.00      |       0.00      | 0.00 |
+-----------------+-----------------+-----------------+-----------------+------+

2026-04-21 21:45:05,599 
iter: 1086 train loss 0.4691 val loss 0.1411 test loss 0.0722
+performance on training set--------+-----------------+-----------------+-------+
| Rank@1,mIoU@0.3 | Rank@1,mIoU@0.5 | Rank@5,mIoU@0.3 | Rank@5,mIoU@0.5 | mIoU  |
+-----------------+-----------------+-----------------+-----------------+-------+
|      21.55      |       9.31      |      52.80      |      27.06      | 17.08 |
+-----------------+-----------------+-----------------+-----------------+-------+
+performance on validation set------+-----------------+-----------------+------+
| Rank@1,mIoU@0.3 | Rank@1,mIoU@0.5 | Rank@5,mIoU@0.3 | Rank@5,mIoU@0.5 | mIoU |
+-----------------+-----------------+-----------------+-----------------+------+
|       7.50      |       2.81      |      32.19      |      14.06      | 6.97 |
+-----------------+-----------------+-----------------+-----------------+------+
+performance on testing set---------+-----------------+-----------------+------+
| Rank@1,mIoU@0.3 | Rank@1,mIoU@0.5 | Rank@5,mIoU@0.3 | Rank@5,mIoU@0.5 | mIoU |
+-----------------+-----------------+-----------------+-----------------+------+
|       0.00      |       0.00      |       0.00      |       0.00      | 0.00 |
+-----------------+-----------------+-----------------+-----------------+------+

2026-04-21 21:51:19,299 
iter: 1448 train loss 0.2512 val loss 0.1441 test loss 0.0776
+performance on training set--------+-----------------+-----------------+-------+
| Rank@1,mIoU@0.3 | Rank@1,mIoU@0.5 | Rank@5,mIoU@0.3 | Rank@5,mIoU@0.5 | mIoU  |
+-----------------+-----------------+-----------------+-----------------+-------+
|      21.74      |       9.23      |      53.76      |      28.20      | 16.63 |
+-----------------+-----------------+-----------------+-----------------+-------+
+performance on validation set------+-----------------+-----------------+------+
| Rank@1,mIoU@0.3 | Rank@1,mIoU@0.5 | Rank@5,mIoU@0.3 | Rank@5,mIoU@0.5 | mIoU |
+-----------------+-----------------+-----------------+-----------------+------+
|       7.50      |       2.19      |      35.62      |      13.75      | 6.67 |
+-----------------+-----------------+-----------------+-----------------+------+
+performance on testing set---------+-----------------+-----------------+------+
| Rank@1,mIoU@0.3 | Rank@1,mIoU@0.5 | Rank@5,mIoU@0.3 | Rank@5,mIoU@0.5 | mIoU |
+-----------------+-----------------+-----------------+-----------------+------+
|       0.00      |       0.00      |       0.00      |       0.00      | 0.00 |
+-----------------+-----------------+-----------------+-----------------+------+

2026-04-21 21:57:33,302 
iter: 1810 train loss 0.2511 val loss 0.1448 test loss 0.0789
+performance on training set--------+-----------------+-----------------+-------+
| Rank@1,mIoU@0.3 | Rank@1,mIoU@0.5 | Rank@5,mIoU@0.3 | Rank@5,mIoU@0.5 | mIoU  |
+-----------------+-----------------+-----------------+-----------------+-------+
|      21.65      |       8.83      |      53.88      |      28.83      | 16.11 |
+-----------------+-----------------+-----------------+-----------------+-------+
+performance on validation set------+-----------------+-----------------+------+
| Rank@1,mIoU@0.3 | Rank@1,mIoU@0.5 | Rank@5,mIoU@0.3 | Rank@5,mIoU@0.5 | mIoU |
+-----------------+-----------------+-----------------+-----------------+------+
|       7.81      |       3.12      |      35.31      |      14.37      | 7.24 |
+-----------------+-----------------+-----------------+-----------------+------+
+performance on testing set---------+-----------------+-----------------+------+
| Rank@1,mIoU@0.3 | Rank@1,mIoU@0.5 | Rank@5,mIoU@0.3 | Rank@5,mIoU@0.5 | mIoU |
+-----------------+-----------------+-----------------+-----------------+------+
|       0.00      |       0.00      |       0.00      |       0.00      | 0.00 |
+-----------------+-----------------+-----------------+-----------------+------+

2026-04-21 22:03:47,375 
iter: 2172 train loss 0.2508 val loss 0.1457 test loss 0.0804
+performance on training set--------+-----------------+-----------------+-------+
| Rank@1,mIoU@0.3 | Rank@1,mIoU@0.5 | Rank@5,mIoU@0.3 | Rank@5,mIoU@0.5 | mIoU  |
+-----------------+-----------------+-----------------+-----------------+-------+
|      21.65      |       8.83      |      53.88      |      28.83      | 16.11 |
+-----------------+-----------------+-----------------+-----------------+-------+
+performance on validation set------+-----------------+-----------------+------+
| Rank@1,mIoU@0.3 | Rank@1,mIoU@0.5 | Rank@5,mIoU@0.3 | Rank@5,mIoU@0.5 | mIoU |
+-----------------+-----------------+-----------------+-----------------+------+
|       8.44      |       4.38      |      33.75      |      13.12      | 7.66 |
+-----------------+-----------------+-----------------+-----------------+------+
+performance on testing set---------+-----------------+-----------------+------+
| Rank@1,mIoU@0.3 | Rank@1,mIoU@0.5 | Rank@5,mIoU@0.3 | Rank@5,mIoU@0.5 | mIoU |
+-----------------+-----------------+-----------------+-----------------+------+
|       0.00      |       0.00      |       0.00      |       0.00      | 0.00 |
+-----------------+-----------------+-----------------+-----------------+------+

2026-04-21 22:10:00,135 
iter: 2534 train loss 0.2506 val loss 0.1460 test loss 0.0810
+performance on training set--------+-----------------+-----------------+-------+
| Rank@1,mIoU@0.3 | Rank@1,mIoU@0.5 | Rank@5,mIoU@0.3 | Rank@5,mIoU@0.5 | mIoU  |
+-----------------+-----------------+-----------------+-----------------+-------+
|      21.65      |       8.83      |      53.89      |      28.83      | 16.11 |
+-----------------+-----------------+-----------------+-----------------+-------+
+performance on validation set------+-----------------+-----------------+------+
| Rank@1,mIoU@0.3 | Rank@1,mIoU@0.5 | Rank@5,mIoU@0.3 | Rank@5,mIoU@0.5 | mIoU |
+-----------------+-----------------+-----------------+-----------------+------+
|      10.00      |       4.06      |      32.81      |      12.19      | 8.24 |
+-----------------+-----------------+-----------------+-----------------+------+
+performance on testing set---------+-----------------+-----------------+------+
| Rank@1,mIoU@0.3 | Rank@1,mIoU@0.5 | Rank@5,mIoU@0.3 | Rank@5,mIoU@0.5 | mIoU |
+-----------------+-----------------+-----------------+-----------------+------+
|       0.00      |       0.00      |       0.00      |       0.00      | 0.00 |
+-----------------+-----------------+-----------------+-----------------+------+

2026-04-21 22:16:16,651 
iter: 2896 train loss 0.2505 val loss 0.1375 test loss 0.0669
+performance on training set--------+-----------------+-----------------+-------+
| Rank@1,mIoU@0.3 | Rank@1,mIoU@0.5 | Rank@5,mIoU@0.3 | Rank@5,mIoU@0.5 | mIoU  |
+-----------------+-----------------+-----------------+-----------------+-------+
|      21.65      |       8.84      |      53.63      |      28.05      | 16.11 |
+-----------------+-----------------+-----------------+-----------------+-------+
+performance on validation set------+-----------------+-----------------+------+
| Rank@1,mIoU@0.3 | Rank@1,mIoU@0.5 | Rank@5,mIoU@0.3 | Rank@5,mIoU@0.5 | mIoU |
+-----------------+-----------------+-----------------+-----------------+------+
|       8.44      |       4.06      |      33.75      |      13.12      | 7.61 |
+-----------------+-----------------+-----------------+-----------------+------+
+performance on testing set---------+-----------------+-----------------+------+
| Rank@1,mIoU@0.3 | Rank@1,mIoU@0.5 | Rank@5,mIoU@0.3 | Rank@5,mIoU@0.5 | mIoU |
+-----------------+-----------------+-----------------+-----------------+------+
|       0.00      |       0.00      |       0.00      |       0.00      | 0.00 |
+-----------------+-----------------+-----------------+-----------------+------+

2026-04-21 22:22:31,715 
iter: 3258 train loss 0.2503 val loss 0.1466 test loss 0.0815
+performance on training set--------+-----------------+-----------------+-------+
| Rank@1,mIoU@0.3 | Rank@1,mIoU@0.5 | Rank@5,mIoU@0.3 | Rank@5,mIoU@0.5 | mIoU  |
+-----------------+-----------------+-----------------+-----------------+-------+
|      21.73      |       8.88      |      55.00      |      28.86      | 16.16 |
+-----------------+-----------------+-----------------+-----------------+-------+
+performance on validation set------+-----------------+-----------------+------+
| Rank@1,mIoU@0.3 | Rank@1,mIoU@0.5 | Rank@5,mIoU@0.3 | Rank@5,mIoU@0.5 | mIoU |
+-----------------+-----------------+-----------------+-----------------+------+
|       9.38      |       5.62      |      33.75      |      12.81      | 8.12 |
+-----------------+-----------------+-----------------+-----------------+------+
+performance on testing set---------+-----------------+-----------------+------+
| Rank@1,mIoU@0.3 | Rank@1,mIoU@0.5 | Rank@5,mIoU@0.3 | Rank@5,mIoU@0.5 | mIoU |
+-----------------+-----------------+-----------------+-----------------+------+
|       0.00      |       0.00      |       0.00      |       0.00      | 0.00 |
+-----------------+-----------------+-----------------+-----------------+------+

2026-04-21 22:28:47,945 
iter: 3620 train loss 0.2502 val loss 0.1470 test loss 0.0819
+performance on training set--------+-----------------+-----------------+-------+
| Rank@1,mIoU@0.3 | Rank@1,mIoU@0.5 | Rank@5,mIoU@0.3 | Rank@5,mIoU@0.5 | mIoU  |
+-----------------+-----------------+-----------------+-----------------+-------+
|      22.62      |       9.41      |      53.06      |      27.51      | 16.56 |
+-----------------+-----------------+-----------------+-----------------+-------+
+performance on validation set------+-----------------+-----------------+------+
| Rank@1,mIoU@0.3 | Rank@1,mIoU@0.5 | Rank@5,mIoU@0.3 | Rank@5,mIoU@0.5 | mIoU |
+-----------------+-----------------+-----------------+-----------------+------+
|       9.06      |       5.00      |      33.75      |      13.75      | 7.37 |
+-----------------+-----------------+-----------------+-----------------+------+
+performance on testing set---------+-----------------+-----------------+------+
| Rank@1,mIoU@0.3 | Rank@1,mIoU@0.5 | Rank@5,mIoU@0.3 | Rank@5,mIoU@0.5 | mIoU |
+-----------------+-----------------+-----------------+-----------------+------+
|       0.00      |       0.00      |       0.00      |       0.00      | 0.00 |
+-----------------+-----------------+-----------------+-----------------+------+

2026-04-21 22:35:02,549 
iter: 3982 train loss 0.2502 val loss 0.1451 test loss 0.0777
+performance on training set--------+-----------------+-----------------+-------+
| Rank@1,mIoU@0.3 | Rank@1,mIoU@0.5 | Rank@5,mIoU@0.3 | Rank@5,mIoU@0.5 | mIoU  |
+-----------------+-----------------+-----------------+-----------------+-------+
|      25.12      |      10.95      |      53.82      |      28.14      | 18.08 |
+-----------------+-----------------+-----------------+-----------------+-------+
+performance on validation set------+-----------------+-----------------+------+
| Rank@1,mIoU@0.3 | Rank@1,mIoU@0.5 | Rank@5,mIoU@0.3 | Rank@5,mIoU@0.5 | mIoU |
+-----------------+-----------------+-----------------+-----------------+------+
|       8.75      |       4.06      |      26.88      |      12.81      | 7.22 |
+-----------------+-----------------+-----------------+-----------------+------+
+performance on testing set---------+-----------------+-----------------+------+
| Rank@1,mIoU@0.3 | Rank@1,mIoU@0.5 | Rank@5,mIoU@0.3 | Rank@5,mIoU@0.5 | mIoU |
+-----------------+-----------------+-----------------+-----------------+------+
|       0.00      |       0.00      |       0.00      |       0.00      | 0.00 |
+-----------------+-----------------+-----------------+-----------------+------+

2026-04-21 22:41:17,534 
iter: 4344 train loss 0.2497 val loss 0.1432 test loss 0.0755
+performance on training set--------+-----------------+-----------------+-------+
| Rank@1,mIoU@0.3 | Rank@1,mIoU@0.5 | Rank@5,mIoU@0.3 | Rank@5,mIoU@0.5 | mIoU  |
+-----------------+-----------------+-----------------+-----------------+-------+
|      25.21      |      10.90      |      53.47      |      27.83      | 18.06 |
+-----------------+-----------------+-----------------+-----------------+-------+
+performance on validation set------+-----------------+-----------------+------+
| Rank@1,mIoU@0.3 | Rank@1,mIoU@0.5 | Rank@5,mIoU@0.3 | Rank@5,mIoU@0.5 | mIoU |
+-----------------+-----------------+-----------------+-----------------+------+
|       8.44      |       4.06      |      26.88      |      13.12      | 6.93 |
+-----------------+-----------------+-----------------+-----------------+------+
+performance on testing set---------+-----------------+-----------------+------+
| Rank@1,mIoU@0.3 | Rank@1,mIoU@0.5 | Rank@5,mIoU@0.3 | Rank@5,mIoU@0.5 | mIoU |
+-----------------+-----------------+-----------------+-----------------+------+
|       0.00      |       0.00      |       0.00      |       0.00      | 0.00 |
+-----------------+-----------------+-----------------+-----------------+------+

2026-04-21 22:47:30,041 
iter: 4706 train loss 0.2485 val loss 0.1437 test loss 0.0760
+performance on training set--------+-----------------+-----------------+-------+
| Rank@1,mIoU@0.3 | Rank@1,mIoU@0.5 | Rank@5,mIoU@0.3 | Rank@5,mIoU@0.5 | mIoU  |
+-----------------+-----------------+-----------------+-----------------+-------+
|      26.55      |      11.75      |      53.63      |      27.59      | 18.79 |
+-----------------+-----------------+-----------------+-----------------+-------+
+performance on validation set------+-----------------+-----------------+------+
| Rank@1,mIoU@0.3 | Rank@1,mIoU@0.5 | Rank@5,mIoU@0.3 | Rank@5,mIoU@0.5 | mIoU |
+-----------------+-----------------+-----------------+-----------------+------+
|       9.06      |       3.44      |      20.94      |      10.31      | 7.06 |
+-----------------+-----------------+-----------------+-----------------+------+
+performance on testing set---------+-----------------+-----------------+------+
| Rank@1,mIoU@0.3 | Rank@1,mIoU@0.5 | Rank@5,mIoU@0.3 | Rank@5,mIoU@0.5 | mIoU |
+-----------------+-----------------+-----------------+-----------------+------+
|       0.00      |       0.00      |       0.00      |       0.00      | 0.00 |
+-----------------+-----------------+-----------------+-----------------+------+

2026-04-21 22:53:44,621 
iter: 5068 train loss 0.2485 val loss 0.1491 test loss 0.0814
+performance on training set--------+-----------------+-----------------+-------+
| Rank@1,mIoU@0.3 | Rank@1,mIoU@0.5 | Rank@5,mIoU@0.3 | Rank@5,mIoU@0.5 | mIoU  |
+-----------------+-----------------+-----------------+-----------------+-------+
|      27.10      |      12.02      |      53.21      |      28.35      | 19.12 |
+-----------------+-----------------+-----------------+-----------------+-------+
+performance on validation set------+-----------------+-----------------+------+
| Rank@1,mIoU@0.3 | Rank@1,mIoU@0.5 | Rank@5,mIoU@0.3 | Rank@5,mIoU@0.5 | mIoU |
+-----------------+-----------------+-----------------+-----------------+------+
|      10.31      |       4.06      |      22.50      |       9.69      | 7.38 |
+-----------------+-----------------+-----------------+-----------------+------+
+performance on testing set---------+-----------------+-----------------+------+
| Rank@1,mIoU@0.3 | Rank@1,mIoU@0.5 | Rank@5,mIoU@0.3 | Rank@5,mIoU@0.5 | mIoU |
+-----------------+-----------------+-----------------+-----------------+------+
|       0.00      |       0.00      |       0.00      |       0.00      | 0.00 |
+-----------------+-----------------+-----------------+-----------------+------+

2026-04-21 23:00:01,313 
iter: 5430 train loss 0.2483 val loss 0.1413 test loss 0.0712
+performance on training set--------+-----------------+-----------------+-------+
| Rank@1,mIoU@0.3 | Rank@1,mIoU@0.5 | Rank@5,mIoU@0.3 | Rank@5,mIoU@0.5 | mIoU  |
+-----------------+-----------------+-----------------+-----------------+-------+
|      27.79      |      12.58      |      53.22      |      28.56      | 19.44 |
+-----------------+-----------------+-----------------+-----------------+-------+
+performance on validation set------+-----------------+-----------------+------+
| Rank@1,mIoU@0.3 | Rank@1,mIoU@0.5 | Rank@5,mIoU@0.3 | Rank@5,mIoU@0.5 | mIoU |
+-----------------+-----------------+-----------------+-----------------+------+
|       9.38      |       4.38      |      21.56      |      10.94      | 7.04 |
+-----------------+-----------------+-----------------+-----------------+------+
+performance on testing set---------+-----------------+-----------------+------+
| Rank@1,mIoU@0.3 | Rank@1,mIoU@0.5 | Rank@5,mIoU@0.3 | Rank@5,mIoU@0.5 | mIoU |
+-----------------+-----------------+-----------------+-----------------+------+
|       0.00      |       0.00      |       0.00      |       0.00      | 0.00 |
+-----------------+-----------------+-----------------+-----------------+------+

2026-04-21 23:06:17,253 
iter: 5792 train loss 0.2469 val loss 0.1508 test loss 0.0853
+performance on training set--------+-----------------+-----------------+-------+
| Rank@1,mIoU@0.3 | Rank@1,mIoU@0.5 | Rank@5,mIoU@0.3 | Rank@5,mIoU@0.5 | mIoU  |
+-----------------+-----------------+-----------------+-----------------+-------+
|      29.29      |      13.31      |      53.67      |      29.13      | 20.27 |
+-----------------+-----------------+-----------------+-----------------+-------+
+performance on validation set------+-----------------+-----------------+------+
| Rank@1,mIoU@0.3 | Rank@1,mIoU@0.5 | Rank@5,mIoU@0.3 | Rank@5,mIoU@0.5 | mIoU |
+-----------------+-----------------+-----------------+-----------------+------+
|       9.06      |       4.38      |      21.56      |      12.50      | 6.90 |
+-----------------+-----------------+-----------------+-----------------+------+
+performance on testing set---------+-----------------+-----------------+------+
| Rank@1,mIoU@0.3 | Rank@1,mIoU@0.5 | Rank@5,mIoU@0.3 | Rank@5,mIoU@0.5 | mIoU |
+-----------------+-----------------+-----------------+-----------------+------+
|       0.00      |       0.00      |       0.00      |       0.00      | 0.00 |
+-----------------+-----------------+-----------------+-----------------+------+

2026-04-21 23:12:30,982 
iter: 6154 train loss 0.2466 val loss 0.1444 test loss 0.0732
+performance on training set--------+-----------------+-----------------+-------+
| Rank@1,mIoU@0.3 | Rank@1,mIoU@0.5 | Rank@5,mIoU@0.3 | Rank@5,mIoU@0.5 | mIoU  |
+-----------------+-----------------+-----------------+-----------------+-------+
|      30.05      |      13.89      |      53.75      |      29.49      | 20.44 |
+-----------------+-----------------+-----------------+-----------------+-------+
+performance on validation set------+-----------------+-----------------+------+
| Rank@1,mIoU@0.3 | Rank@1,mIoU@0.5 | Rank@5,mIoU@0.3 | Rank@5,mIoU@0.5 | mIoU |
+-----------------+-----------------+-----------------+-----------------+------+
|      10.00      |       3.75      |      23.75      |      11.88      | 6.89 |
+-----------------+-----------------+-----------------+-----------------+------+
+performance on testing set---------+-----------------+-----------------+------+
| Rank@1,mIoU@0.3 | Rank@1,mIoU@0.5 | Rank@5,mIoU@0.3 | Rank@5,mIoU@0.5 | mIoU |
+-----------------+-----------------+-----------------+-----------------+------+
|       0.00      |       0.00      |       0.00      |       0.00      | 0.00 |
+-----------------+-----------------+-----------------+-----------------+------+

2026-04-21 23:18:44,469 
iter: 6516 train loss 0.2445 val loss 0.1437 test loss 0.0716
+performance on training set--------+-----------------+-----------------+-------+
| Rank@1,mIoU@0.3 | Rank@1,mIoU@0.5 | Rank@5,mIoU@0.3 | Rank@5,mIoU@0.5 | mIoU  |
+-----------------+-----------------+-----------------+-----------------+-------+
|      31.49      |      14.64      |      55.06      |      30.43      | 21.19 |
+-----------------+-----------------+-----------------+-----------------+-------+
+performance on validation set------+-----------------+-----------------+------+
| Rank@1,mIoU@0.3 | Rank@1,mIoU@0.5 | Rank@5,mIoU@0.3 | Rank@5,mIoU@0.5 | mIoU |
+-----------------+-----------------+-----------------+-----------------+------+
|      10.00      |       3.75      |      21.25      |      10.00      | 7.05 |
+-----------------+-----------------+-----------------+-----------------+------+
+performance on testing set---------+-----------------+-----------------+------+
| Rank@1,mIoU@0.3 | Rank@1,mIoU@0.5 | Rank@5,mIoU@0.3 | Rank@5,mIoU@0.5 | mIoU |
+-----------------+-----------------+-----------------+-----------------+------+
|       0.00      |       0.00      |       0.00      |       0.00      | 0.00 |
+-----------------+-----------------+-----------------+-----------------+------+

2026-04-21 23:25:00,240 
iter: 6878 train loss 0.2439 val loss 0.1425 test loss 0.0716
+performance on training set--------+-----------------+-----------------+-------+
| Rank@1,mIoU@0.3 | Rank@1,mIoU@0.5 | Rank@5,mIoU@0.3 | Rank@5,mIoU@0.5 | mIoU  |
+-----------------+-----------------+-----------------+-----------------+-------+
|      32.83      |      15.42      |      55.56      |      30.86      | 21.80 |
+-----------------+-----------------+-----------------+-----------------+-------+
+performance on validation set------+-----------------+-----------------+------+
| Rank@1,mIoU@0.3 | Rank@1,mIoU@0.5 | Rank@5,mIoU@0.3 | Rank@5,mIoU@0.5 | mIoU |
+-----------------+-----------------+-----------------+-----------------+------+
|      10.00      |       2.81      |      23.44      |      10.62      | 6.84 |
+-----------------+-----------------+-----------------+-----------------+------+
+performance on testing set---------+-----------------+-----------------+------+
| Rank@1,mIoU@0.3 | Rank@1,mIoU@0.5 | Rank@5,mIoU@0.3 | Rank@5,mIoU@0.5 | mIoU |
+-----------------+-----------------+-----------------+-----------------+------+
|       0.00      |       0.00      |       0.00      |       0.00      | 0.00 |
+-----------------+-----------------+-----------------+-----------------+------+

2026-04-21 23:31:14,556 
iter: 7240 train loss 0.2420 val loss 0.1458 test loss 0.0714
+performance on training set--------+-----------------+-----------------+-------+
| Rank@1,mIoU@0.3 | Rank@1,mIoU@0.5 | Rank@5,mIoU@0.3 | Rank@5,mIoU@0.5 | mIoU  |
+-----------------+-----------------+-----------------+-----------------+-------+
|      33.60      |      15.43      |      56.83      |      32.42      | 22.28 |
+-----------------+-----------------+-----------------+-----------------+-------+
+performance on validation set------+-----------------+-----------------+------+
| Rank@1,mIoU@0.3 | Rank@1,mIoU@0.5 | Rank@5,mIoU@0.3 | Rank@5,mIoU@0.5 | mIoU |
+-----------------+-----------------+-----------------+-----------------+------+
|       9.69      |       2.50      |      21.25      |      10.31      | 6.64 |
+-----------------+-----------------+-----------------+-----------------+------+
+performance on testing set---------+-----------------+-----------------+------+
| Rank@1,mIoU@0.3 | Rank@1,mIoU@0.5 | Rank@5,mIoU@0.3 | Rank@5,mIoU@0.5 | mIoU |
+-----------------+-----------------+-----------------+-----------------+------+
|       0.00      |       0.00      |       0.00      |       0.00      | 0.00 |
+-----------------+-----------------+-----------------+-----------------+------+

2026-04-21 23:37:26,358 
iter: 7602 train loss 0.2418 val loss 0.1434 test loss 0.0681
+performance on training set--------+-----------------+-----------------+-------+
| Rank@1,mIoU@0.3 | Rank@1,mIoU@0.5 | Rank@5,mIoU@0.3 | Rank@5,mIoU@0.5 | mIoU  |
+-----------------+-----------------+-----------------+-----------------+-------+
|      34.37      |      16.10      |      56.84      |      32.31      | 22.56 |
+-----------------+-----------------+-----------------+-----------------+-------+
+performance on validation set------+-----------------+-----------------+------+
| Rank@1,mIoU@0.3 | Rank@1,mIoU@0.5 | Rank@5,mIoU@0.3 | Rank@5,mIoU@0.5 | mIoU |
+-----------------+-----------------+-----------------+-----------------+------+
|       9.06      |       2.50      |      21.25      |      10.31      | 6.50 |
+-----------------+-----------------+-----------------+-----------------+------+
+performance on testing set---------+-----------------+-----------------+------+
| Rank@1,mIoU@0.3 | Rank@1,mIoU@0.5 | Rank@5,mIoU@0.3 | Rank@5,mIoU@0.5 | mIoU |
+-----------------+-----------------+-----------------+-----------------+------+
|       0.00      |       0.00      |       0.00      |       0.00      | 0.00 |
+-----------------+-----------------+-----------------+-----------------+------+

2026-04-21 23:43:43,524 
iter: 7964 train loss 0.2399 val loss 0.1421 test loss 0.0676
+performance on training set--------+-----------------+-----------------+-------+
| Rank@1,mIoU@0.3 | Rank@1,mIoU@0.5 | Rank@5,mIoU@0.3 | Rank@5,mIoU@0.5 | mIoU  |
+-----------------+-----------------+-----------------+-----------------+-------+
|      35.52      |      17.13      |      57.29      |      32.73      | 23.19 |
+-----------------+-----------------+-----------------+-----------------+-------+
+performance on validation set------+-----------------+-----------------+------+
| Rank@1,mIoU@0.3 | Rank@1,mIoU@0.5 | Rank@5,mIoU@0.3 | Rank@5,mIoU@0.5 | mIoU |
+-----------------+-----------------+-----------------+-----------------+------+
|       7.81      |       2.50      |      22.19      |      10.62      | 5.74 |
+-----------------+-----------------+-----------------+-----------------+------+
+performance on testing set---------+-----------------+-----------------+------+
| Rank@1,mIoU@0.3 | Rank@1,mIoU@0.5 | Rank@5,mIoU@0.3 | Rank@5,mIoU@0.5 | mIoU |
+-----------------+-----------------+-----------------+-----------------+------+
|       0.00      |       0.00      |       0.00      |       0.00      | 0.00 |
+-----------------+-----------------+-----------------+-----------------+------+

2026-04-21 23:50:08,419 
iter: 8326 train loss 0.2371 val loss 0.1411 test loss 0.0662
+performance on training set--------+-----------------+-----------------+-------+
| Rank@1,mIoU@0.3 | Rank@1,mIoU@0.5 | Rank@5,mIoU@0.3 | Rank@5,mIoU@0.5 | mIoU  |
+-----------------+-----------------+-----------------+-----------------+-------+
|      35.59      |      17.42      |      57.33      |      32.93      | 23.52 |
+-----------------+-----------------+-----------------+-----------------+-------+
+performance on validation set------+-----------------+-----------------+------+
| Rank@1,mIoU@0.3 | Rank@1,mIoU@0.5 | Rank@5,mIoU@0.3 | Rank@5,mIoU@0.5 | mIoU |
+-----------------+-----------------+-----------------+-----------------+------+
|       8.75      |       2.81      |      20.94      |      10.00      | 6.30 |
+-----------------+-----------------+-----------------+-----------------+------+
+performance on testing set---------+-----------------+-----------------+------+
| Rank@1,mIoU@0.3 | Rank@1,mIoU@0.5 | Rank@5,mIoU@0.3 | Rank@5,mIoU@0.5 | mIoU |
+-----------------+-----------------+-----------------+-----------------+------+
|       0.00      |       0.00      |       0.00      |       0.00      | 0.00 |
+-----------------+-----------------+-----------------+-----------------+------+

2026-04-21 23:56:27,315 
iter: 8688 train loss 0.2373 val loss 0.1396 test loss 0.0632
+performance on training set--------+-----------------+-----------------+-------+
| Rank@1,mIoU@0.3 | Rank@1,mIoU@0.5 | Rank@5,mIoU@0.3 | Rank@5,mIoU@0.5 | mIoU  |
+-----------------+-----------------+-----------------+-----------------+-------+
|      37.31      |      18.35      |      59.12      |      34.45      | 24.12 |
+-----------------+-----------------+-----------------+-----------------+-------+
+performance on validation set------+-----------------+-----------------+------+
| Rank@1,mIoU@0.3 | Rank@1,mIoU@0.5 | Rank@5,mIoU@0.3 | Rank@5,mIoU@0.5 | mIoU |
+-----------------+-----------------+-----------------+-----------------+------+
|       7.19      |       2.81      |      22.19      |      12.19      | 5.49 |
+-----------------+-----------------+-----------------+-----------------+------+
+performance on testing set---------+-----------------+-----------------+------+
| Rank@1,mIoU@0.3 | Rank@1,mIoU@0.5 | Rank@5,mIoU@0.3 | Rank@5,mIoU@0.5 | mIoU |
+-----------------+-----------------+-----------------+-----------------+------+
|       0.00      |       0.00      |       0.00      |       0.00      | 0.00 |
+-----------------+-----------------+-----------------+-----------------+------+

2026-04-22 00:02:40,993 
iter: 9050 train loss 0.2348 val loss 0.1531 test loss 0.0735
+performance on training set--------+-----------------+-----------------+-------+
| Rank@1,mIoU@0.3 | Rank@1,mIoU@0.5 | Rank@5,mIoU@0.3 | Rank@5,mIoU@0.5 | mIoU  |
+-----------------+-----------------+-----------------+-----------------+-------+
|      37.55      |      18.15      |      58.98      |      35.53      | 24.46 |
+-----------------+-----------------+-----------------+-----------------+-------+
+performance on validation set------+-----------------+-----------------+------+
| Rank@1,mIoU@0.3 | Rank@1,mIoU@0.5 | Rank@5,mIoU@0.3 | Rank@5,mIoU@0.5 | mIoU |
+-----------------+-----------------+-----------------+-----------------+------+
|       6.88      |       2.81      |      20.94      |      10.94      | 5.85 |
+-----------------+-----------------+-----------------+-----------------+------+
+performance on testing set---------+-----------------+-----------------+------+
| Rank@1,mIoU@0.3 | Rank@1,mIoU@0.5 | Rank@5,mIoU@0.3 | Rank@5,mIoU@0.5 | mIoU |
+-----------------+-----------------+-----------------+-----------------+------+
|       0.00      |       0.00      |       0.00      |       0.00      | 0.00 |
+-----------------+-----------------+-----------------+-----------------+------+

2026-04-22 00:08:54,124 
iter: 9412 train loss 0.2317 val loss 0.1415 test loss 0.0613
+performance on training set--------+-----------------+-----------------+-------+
| Rank@1,mIoU@0.3 | Rank@1,mIoU@0.5 | Rank@5,mIoU@0.3 | Rank@5,mIoU@0.5 | mIoU  |
+-----------------+-----------------+-----------------+-----------------+-------+
|      38.60      |      19.12      |      59.63      |      35.33      | 24.92 |
+-----------------+-----------------+-----------------+-----------------+-------+
+performance on validation set------+-----------------+-----------------+------+
| Rank@1,mIoU@0.3 | Rank@1,mIoU@0.5 | Rank@5,mIoU@0.3 | Rank@5,mIoU@0.5 | mIoU |
+-----------------+-----------------+-----------------+-----------------+------+
|       8.44      |       2.81      |      20.94      |       9.38      | 5.95 |
+-----------------+-----------------+-----------------+-----------------+------+
+performance on testing set---------+-----------------+-----------------+------+
| Rank@1,mIoU@0.3 | Rank@1,mIoU@0.5 | Rank@5,mIoU@0.3 | Rank@5,mIoU@0.5 | mIoU |
+-----------------+-----------------+-----------------+-----------------+------+
|       0.00      |       0.00      |       0.00      |       0.00      | 0.00 |
+-----------------+-----------------+-----------------+-----------------+------+

2026-04-22 00:15:08,706 
iter: 9774 train loss 0.2317 val loss 0.1468 test loss 0.0686
+performance on training set--------+-----------------+-----------------+-------+
| Rank@1,mIoU@0.3 | Rank@1,mIoU@0.5 | Rank@5,mIoU@0.3 | Rank@5,mIoU@0.5 | mIoU  |
+-----------------+-----------------+-----------------+-----------------+-------+
|      39.11      |      19.38      |      59.95      |      36.37      | 25.26 |
+-----------------+-----------------+-----------------+-----------------+-------+
+performance on validation set------+-----------------+-----------------+------+
| Rank@1,mIoU@0.3 | Rank@1,mIoU@0.5 | Rank@5,mIoU@0.3 | Rank@5,mIoU@0.5 | mIoU |
+-----------------+-----------------+-----------------+-----------------+------+
|       9.06      |       2.81      |      20.31      |      11.25      | 6.54 |
+-----------------+-----------------+-----------------+-----------------+------+
+performance on testing set---------+-----------------+-----------------+------+
| Rank@1,mIoU@0.3 | Rank@1,mIoU@0.5 | Rank@5,mIoU@0.3 | Rank@5,mIoU@0.5 | mIoU |
+-----------------+-----------------+-----------------+-----------------+------+
|       0.00      |       0.00      |       0.00      |       0.00      | 0.00 |
+-----------------+-----------------+-----------------+-----------------+------+

2026-04-22 00:21:23,742 
iter: 10136 train loss 0.2302 val loss 0.1410 test loss 0.0575
+performance on training set--------+-----------------+-----------------+-------+
| Rank@1,mIoU@0.3 | Rank@1,mIoU@0.5 | Rank@5,mIoU@0.3 | Rank@5,mIoU@0.5 | mIoU  |
+-----------------+-----------------+-----------------+-----------------+-------+
|      39.78      |      19.80      |      60.70      |      36.72      | 25.54 |
+-----------------+-----------------+-----------------+-----------------+-------+
+performance on validation set------+-----------------+-----------------+------+
| Rank@1,mIoU@0.3 | Rank@1,mIoU@0.5 | Rank@5,mIoU@0.3 | Rank@5,mIoU@0.5 | mIoU |
+-----------------+-----------------+-----------------+-----------------+------+
|       8.44      |       2.81      |      20.94      |      10.00      | 6.13 |
+-----------------+-----------------+-----------------+-----------------+------+
+performance on testing set---------+-----------------+-----------------+------+
| Rank@1,mIoU@0.3 | Rank@1,mIoU@0.5 | Rank@5,mIoU@0.3 | Rank@5,mIoU@0.5 | mIoU |
+-----------------+-----------------+-----------------+-----------------+------+
|       0.00      |       0.00      |       0.00      |       0.00      | 0.00 |
+-----------------+-----------------+-----------------+-----------------+------+

2026-04-22 00:27:38,224 
iter: 10498 train loss 0.2286 val loss 0.1583 test loss 0.0724
+performance on training set--------+-----------------+-----------------+-------+
| Rank@1,mIoU@0.3 | Rank@1,mIoU@0.5 | Rank@5,mIoU@0.3 | Rank@5,mIoU@0.5 | mIoU  |
+-----------------+-----------------+-----------------+-----------------+-------+
|      39.98      |      19.62      |      60.99      |      37.98      | 25.73 |
+-----------------+-----------------+-----------------+-----------------+-------+
+performance on validation set------+-----------------+-----------------+------+
| Rank@1,mIoU@0.3 | Rank@1,mIoU@0.5 | Rank@5,mIoU@0.3 | Rank@5,mIoU@0.5 | mIoU |
+-----------------+-----------------+-----------------+-----------------+------+
|       8.12      |       3.12      |      22.81      |      11.88      | 6.46 |
+-----------------+-----------------+-----------------+-----------------+------+
+performance on testing set---------+-----------------+-----------------+------+
| Rank@1,mIoU@0.3 | Rank@1,mIoU@0.5 | Rank@5,mIoU@0.3 | Rank@5,mIoU@0.5 | mIoU |
+-----------------+-----------------+-----------------+-----------------+------+
|       0.00      |       0.00      |       0.00      |       0.00      | 0.00 |
+-----------------+-----------------+-----------------+-----------------+------+

2026-04-22 00:33:51,939 
iter: 10860 train loss 0.2286 val loss 0.1731 test loss 0.1026
+performance on training set--------+-----------------+-----------------+-------+
| Rank@1,mIoU@0.3 | Rank@1,mIoU@0.5 | Rank@5,mIoU@0.3 | Rank@5,mIoU@0.5 | mIoU  |
+-----------------+-----------------+-----------------+-----------------+-------+
|      40.32      |      19.63      |      61.16      |      38.25      | 25.94 |
+-----------------+-----------------+-----------------+-----------------+-------+
+performance on validation set------+-----------------+-----------------+------+
| Rank@1,mIoU@0.3 | Rank@1,mIoU@0.5 | Rank@5,mIoU@0.3 | Rank@5,mIoU@0.5 | mIoU |
+-----------------+-----------------+-----------------+-----------------+------+
|       8.44      |       3.12      |      22.19      |      11.56      | 6.82 |
+-----------------+-----------------+-----------------+-----------------+------+
+performance on testing set---------+-----------------+-----------------+------+
| Rank@1,mIoU@0.3 | Rank@1,mIoU@0.5 | Rank@5,mIoU@0.3 | Rank@5,mIoU@0.5 | mIoU |
+-----------------+-----------------+-----------------+-----------------+------+
|       0.00      |       0.00      |       0.00      |       0.00      | 0.00 |
+-----------------+-----------------+-----------------+-----------------+------+

2026-04-22 00:40:06,855 
iter: 11222 train loss 0.2266 val loss 0.1536 test loss 0.0721
+performance on training set--------+-----------------+-----------------+-------+
| Rank@1,mIoU@0.3 | Rank@1,mIoU@0.5 | Rank@5,mIoU@0.3 | Rank@5,mIoU@0.5 | mIoU  |
+-----------------+-----------------+-----------------+-----------------+-------+
|      40.97      |      20.53      |      61.21      |      38.37      | 26.17 |
+-----------------+-----------------+-----------------+-----------------+-------+
+performance on validation set------+-----------------+-----------------+------+
| Rank@1,mIoU@0.3 | Rank@1,mIoU@0.5 | Rank@5,mIoU@0.3 | Rank@5,mIoU@0.5 | mIoU |
+-----------------+-----------------+-----------------+-----------------+------+
|       8.44      |       3.44      |      22.19      |      12.50      | 6.81 |
+-----------------+-----------------+-----------------+-----------------+------+
+performance on testing set---------+-----------------+-----------------+------+
| Rank@1,mIoU@0.3 | Rank@1,mIoU@0.5 | Rank@5,mIoU@0.3 | Rank@5,mIoU@0.5 | mIoU |
+-----------------+-----------------+-----------------+-----------------+------+
|       0.00      |       0.00      |       0.00      |       0.00      | 0.00 |
+-----------------+-----------------+-----------------+-----------------+------+

2026-04-22 00:46:21,082 
iter: 11584 train loss 0.2256 val loss 0.1415 test loss 0.0534
+performance on training set--------+-----------------+-----------------+-------+
| Rank@1,mIoU@0.3 | Rank@1,mIoU@0.5 | Rank@5,mIoU@0.3 | Rank@5,mIoU@0.5 | mIoU  |
+-----------------+-----------------+-----------------+-----------------+-------+
|      42.20      |      21.41      |      61.69      |      39.00      | 26.69 |
+-----------------+-----------------+-----------------+-----------------+-------+
+performance on validation set------+-----------------+-----------------+------+
| Rank@1,mIoU@0.3 | Rank@1,mIoU@0.5 | Rank@5,mIoU@0.3 | Rank@5,mIoU@0.5 | mIoU |
+-----------------+-----------------+-----------------+-----------------+------+
|       8.75      |       3.12      |      19.69      |      10.00      | 6.49 |
+-----------------+-----------------+-----------------+-----------------+------+
+performance on testing set---------+-----------------+-----------------+------+
| Rank@1,mIoU@0.3 | Rank@1,mIoU@0.5 | Rank@5,mIoU@0.3 | Rank@5,mIoU@0.5 | mIoU |
+-----------------+-----------------+-----------------+-----------------+------+
|       0.00      |       0.00      |       0.00      |       0.00      | 0.00 |
+-----------------+-----------------+-----------------+-----------------+------+

2026-04-22 00:52:36,157 
iter: 11946 train loss 0.2252 val loss 0.1490 test loss 0.0668
+performance on training set--------+-----------------+-----------------+-------+
| Rank@1,mIoU@0.3 | Rank@1,mIoU@0.5 | Rank@5,mIoU@0.3 | Rank@5,mIoU@0.5 | mIoU  |
+-----------------+-----------------+-----------------+-----------------+-------+
|      42.32      |      21.46      |      62.56      |      38.50      | 26.86 |
+-----------------+-----------------+-----------------+-----------------+-------+
+performance on validation set------+-----------------+-----------------+------+
| Rank@1,mIoU@0.3 | Rank@1,mIoU@0.5 | Rank@5,mIoU@0.3 | Rank@5,mIoU@0.5 | mIoU |
+-----------------+-----------------+-----------------+-----------------+------+
|       9.38      |       3.12      |      21.88      |      10.31      | 6.49 |
+-----------------+-----------------+-----------------+-----------------+------+
+performance on testing set---------+-----------------+-----------------+------+
| Rank@1,mIoU@0.3 | Rank@1,mIoU@0.5 | Rank@5,mIoU@0.3 | Rank@5,mIoU@0.5 | mIoU |
+-----------------+-----------------+-----------------+-----------------+------+
|       0.00      |       0.00      |       0.00      |       0.00      | 0.00 |
+-----------------+-----------------+-----------------+-----------------+------+

2026-04-22 00:58:51,038 
iter: 12308 train loss 0.2234 val loss 0.1402 test loss 0.0535
+performance on training set--------+-----------------+-----------------+-------+
| Rank@1,mIoU@0.3 | Rank@1,mIoU@0.5 | Rank@5,mIoU@0.3 | Rank@5,mIoU@0.5 | mIoU  |
+-----------------+-----------------+-----------------+-----------------+-------+
|      42.76      |      21.65      |      62.60      |      39.68      | 27.02 |
+-----------------+-----------------+-----------------+-----------------+-------+
+performance on validation set------+-----------------+-----------------+------+
| Rank@1,mIoU@0.3 | Rank@1,mIoU@0.5 | Rank@5,mIoU@0.3 | Rank@5,mIoU@0.5 | mIoU |
+-----------------+-----------------+-----------------+-----------------+------+
|       8.75      |       3.12      |      21.56      |      10.94      | 7.01 |
+-----------------+-----------------+-----------------+-----------------+------+
+performance on testing set---------+-----------------+-----------------+------+
| Rank@1,mIoU@0.3 | Rank@1,mIoU@0.5 | Rank@5,mIoU@0.3 | Rank@5,mIoU@0.5 | mIoU |
+-----------------+-----------------+-----------------+-----------------+------+
|       0.00      |       0.00      |       0.00      |       0.00      | 0.00 |
+-----------------+-----------------+-----------------+-----------------+------+

2026-04-22 01:05:06,116 
iter: 12670 train loss 0.2227 val loss 0.1491 test loss 0.0664
+performance on training set--------+-----------------+-----------------+-------+
| Rank@1,mIoU@0.3 | Rank@1,mIoU@0.5 | Rank@5,mIoU@0.3 | Rank@5,mIoU@0.5 | mIoU  |
+-----------------+-----------------+-----------------+-----------------+-------+
|      43.63      |      21.91      |      63.07      |      40.34      | 27.44 |
+-----------------+-----------------+-----------------+-----------------+-------+
+performance on validation set------+-----------------+-----------------+------+
| Rank@1,mIoU@0.3 | Rank@1,mIoU@0.5 | Rank@5,mIoU@0.3 | Rank@5,mIoU@0.5 | mIoU |
+-----------------+-----------------+-----------------+-----------------+------+
|       8.44      |       2.81      |      22.81      |      11.25      | 5.98 |
+-----------------+-----------------+-----------------+-----------------+------+
+performance on testing set---------+-----------------+-----------------+------+
| Rank@1,mIoU@0.3 | Rank@1,mIoU@0.5 | Rank@5,mIoU@0.3 | Rank@5,mIoU@0.5 | mIoU |
+-----------------+-----------------+-----------------+-----------------+------+
|       0.00      |       0.00      |       0.00      |       0.00      | 0.00 |
+-----------------+-----------------+-----------------+-----------------+------+

2026-04-22 01:11:22,396 
iter: 13032 train loss 0.2215 val loss 0.1492 test loss 0.0666
+performance on training set--------+-----------------+-----------------+-------+
| Rank@1,mIoU@0.3 | Rank@1,mIoU@0.5 | Rank@5,mIoU@0.3 | Rank@5,mIoU@0.5 | mIoU  |
+-----------------+-----------------+-----------------+-----------------+-------+
|      44.20      |      22.64      |      63.07      |      40.44      | 27.69 |
+-----------------+-----------------+-----------------+-----------------+-------+
+performance on validation set------+-----------------+-----------------+------+
| Rank@1,mIoU@0.3 | Rank@1,mIoU@0.5 | Rank@5,mIoU@0.3 | Rank@5,mIoU@0.5 | mIoU |
+-----------------+-----------------+-----------------+-----------------+------+
|       7.81      |       2.19      |      21.88      |       9.38      | 5.97 |
+-----------------+-----------------+-----------------+-----------------+------+
+performance on testing set---------+-----------------+-----------------+------+
| Rank@1,mIoU@0.3 | Rank@1,mIoU@0.5 | Rank@5,mIoU@0.3 | Rank@5,mIoU@0.5 | mIoU |
+-----------------+-----------------+-----------------+-----------------+------+
|       0.00      |       0.00      |       0.00      |       0.00      | 0.00 |
+-----------------+-----------------+-----------------+-----------------+------+

2026-04-22 01:17:36,126 
iter: 13394 train loss 0.2207 val loss 0.1705 test loss 0.0899
+performance on training set--------+-----------------+-----------------+-------+
| Rank@1,mIoU@0.3 | Rank@1,mIoU@0.5 | Rank@5,mIoU@0.3 | Rank@5,mIoU@0.5 | mIoU  |
+-----------------+-----------------+-----------------+-----------------+-------+
|      43.46      |      21.58      |      63.44      |      41.61      | 27.50 |
+-----------------+-----------------+-----------------+-----------------+-------+
+performance on validation set------+-----------------+-----------------+------+
| Rank@1,mIoU@0.3 | Rank@1,mIoU@0.5 | Rank@5,mIoU@0.3 | Rank@5,mIoU@0.5 | mIoU |
+-----------------+-----------------+-----------------+-----------------+------+
|       8.12      |       2.50      |      23.44      |      10.31      | 6.50 |
+-----------------+-----------------+-----------------+-----------------+------+
+performance on testing set---------+-----------------+-----------------+------+
| Rank@1,mIoU@0.3 | Rank@1,mIoU@0.5 | Rank@5,mIoU@0.3 | Rank@5,mIoU@0.5 | mIoU |
+-----------------+-----------------+-----------------+-----------------+------+
|       0.00      |       0.00      |       0.00      |       0.00      | 0.00 |
+-----------------+-----------------+-----------------+-----------------+------+

2026-04-22 01:23:50,695 
iter: 13756 train loss 0.2196 val loss 0.1523 test loss 0.0681
+performance on training set--------+-----------------+-----------------+-------+
| Rank@1,mIoU@0.3 | Rank@1,mIoU@0.5 | Rank@5,mIoU@0.3 | Rank@5,mIoU@0.5 | mIoU  |
+-----------------+-----------------+-----------------+-----------------+-------+
|      43.68      |      21.97      |      63.38      |      41.73      | 27.64 |
+-----------------+-----------------+-----------------+-----------------+-------+
+performance on validation set------+-----------------+-----------------+------+
| Rank@1,mIoU@0.3 | Rank@1,mIoU@0.5 | Rank@5,mIoU@0.3 | Rank@5,mIoU@0.5 | mIoU |
+-----------------+-----------------+-----------------+-----------------+------+
|       9.06      |       2.81      |      22.50      |       9.69      | 6.78 |
+-----------------+-----------------+-----------------+-----------------+------+
+performance on testing set---------+-----------------+-----------------+------+
| Rank@1,mIoU@0.3 | Rank@1,mIoU@0.5 | Rank@5,mIoU@0.3 | Rank@5,mIoU@0.5 | mIoU |
+-----------------+-----------------+-----------------+-----------------+------+
|       0.00      |       0.00      |       0.00      |       0.00      | 0.00 |
+-----------------+-----------------+-----------------+-----------------+------+

2026-04-22 01:30:04,506 
iter: 14118 train loss 0.2203 val loss 0.1513 test loss 0.0649
+performance on training set--------+-----------------+-----------------+-------+
| Rank@1,mIoU@0.3 | Rank@1,mIoU@0.5 | Rank@5,mIoU@0.3 | Rank@5,mIoU@0.5 | mIoU  |
+-----------------+-----------------+-----------------+-----------------+-------+
|      45.34      |      22.93      |      64.04      |      41.96      | 28.29 |
+-----------------+-----------------+-----------------+-----------------+-------+
+performance on validation set------+-----------------+-----------------+------+
| Rank@1,mIoU@0.3 | Rank@1,mIoU@0.5 | Rank@5,mIoU@0.3 | Rank@5,mIoU@0.5 | mIoU |
+-----------------+-----------------+-----------------+-----------------+------+
|       7.81      |       2.81      |      23.12      |      12.19      | 6.57 |
+-----------------+-----------------+-----------------+-----------------+------+
+performance on testing set---------+-----------------+-----------------+------+
| Rank@1,mIoU@0.3 | Rank@1,mIoU@0.5 | Rank@5,mIoU@0.3 | Rank@5,mIoU@0.5 | mIoU |
+-----------------+-----------------+-----------------+-----------------+------+
|       0.00      |       0.00      |       0.00      |       0.00      | 0.00 |
+-----------------+-----------------+-----------------+-----------------+------+

2026-04-22 01:36:18,207 
iter: 14480 train loss 0.2182 val loss 0.1493 test loss 0.0621
+performance on training set--------+-----------------+-----------------+-------+
| Rank@1,mIoU@0.3 | Rank@1,mIoU@0.5 | Rank@5,mIoU@0.3 | Rank@5,mIoU@0.5 | mIoU  |
+-----------------+-----------------+-----------------+-----------------+-------+
|      44.73      |      23.11      |      64.02      |      42.25      | 28.14 |
+-----------------+-----------------+-----------------+-----------------+-------+
+performance on validation set------+-----------------+-----------------+------+
| Rank@1,mIoU@0.3 | Rank@1,mIoU@0.5 | Rank@5,mIoU@0.3 | Rank@5,mIoU@0.5 | mIoU |
+-----------------+-----------------+-----------------+-----------------+------+
|       8.75      |       2.50      |      24.06      |      12.19      | 6.46 |
+-----------------+-----------------+-----------------+-----------------+------+
+performance on testing set---------+-----------------+-----------------+------+
| Rank@1,mIoU@0.3 | Rank@1,mIoU@0.5 | Rank@5,mIoU@0.3 | Rank@5,mIoU@0.5 | mIoU |
+-----------------+-----------------+-----------------+-----------------+------+
|       0.00      |       0.00      |       0.00      |       0.00      | 0.00 |
+-----------------+-----------------+-----------------+-----------------+------+

2026-04-22 01:42:33,717 
iter: 14842 train loss 0.2191 val loss 0.1515 test loss 0.0686
+performance on training set--------+-----------------+-----------------+-------+
| Rank@1,mIoU@0.3 | Rank@1,mIoU@0.5 | Rank@5,mIoU@0.3 | Rank@5,mIoU@0.5 | mIoU  |
+-----------------+-----------------+-----------------+-----------------+-------+
|      44.94      |      22.89      |      64.31      |      42.40      | 28.25 |
+-----------------+-----------------+-----------------+-----------------+-------+
+performance on validation set------+-----------------+-----------------+------+
| Rank@1,mIoU@0.3 | Rank@1,mIoU@0.5 | Rank@5,mIoU@0.3 | Rank@5,mIoU@0.5 | mIoU |
+-----------------+-----------------+-----------------+-----------------+------+
|       7.81      |       1.88      |      24.69      |      10.62      | 6.30 |
+-----------------+-----------------+-----------------+-----------------+------+
+performance on testing set---------+-----------------+-----------------+------+
| Rank@1,mIoU@0.3 | Rank@1,mIoU@0.5 | Rank@5,mIoU@0.3 | Rank@5,mIoU@0.5 | mIoU |
+-----------------+-----------------+-----------------+-----------------+------+
|       0.00      |       0.00      |       0.00      |       0.00      | 0.00 |
+-----------------+-----------------+-----------------+-----------------+------+

2026-04-22 01:48:47,563 
iter: 15204 train loss 0.2160 val loss 0.1449 test loss 0.0579
+performance on training set--------+-----------------+-----------------+-------+
| Rank@1,mIoU@0.3 | Rank@1,mIoU@0.5 | Rank@5,mIoU@0.3 | Rank@5,mIoU@0.5 | mIoU  |
+-----------------+-----------------+-----------------+-----------------+-------+
|      45.92      |      23.51      |      64.22      |      41.77      | 28.66 |
+-----------------+-----------------+-----------------+-----------------+-------+
+performance on validation set------+-----------------+-----------------+------+
| Rank@1,mIoU@0.3 | Rank@1,mIoU@0.5 | Rank@5,mIoU@0.3 | Rank@5,mIoU@0.5 | mIoU |
+-----------------+-----------------+-----------------+-----------------+------+
|       8.75      |       2.19      |      24.06      |      10.94      | 6.51 |
+-----------------+-----------------+-----------------+-----------------+------+
+performance on testing set---------+-----------------+-----------------+------+
| Rank@1,mIoU@0.3 | Rank@1,mIoU@0.5 | Rank@5,mIoU@0.3 | Rank@5,mIoU@0.5 | mIoU |
+-----------------+-----------------+-----------------+-----------------+------+
|       0.00      |       0.00      |       0.00      |       0.00      | 0.00 |
+-----------------+-----------------+-----------------+-----------------+------+

2026-04-22 01:55:01,882 
iter: 15566 train loss 0.2167 val loss 0.1453 test loss 0.0585
+performance on training set--------+-----------------+-----------------+-------+
| Rank@1,mIoU@0.3 | Rank@1,mIoU@0.5 | Rank@5,mIoU@0.3 | Rank@5,mIoU@0.5 | mIoU  |
+-----------------+-----------------+-----------------+-----------------+-------+
|      46.13      |      23.71      |      64.48      |      42.14      | 28.87 |
+-----------------+-----------------+-----------------+-----------------+-------+
+performance on validation set------+-----------------+-----------------+------+
| Rank@1,mIoU@0.3 | Rank@1,mIoU@0.5 | Rank@5,mIoU@0.3 | Rank@5,mIoU@0.5 | mIoU |
+-----------------+-----------------+-----------------+-----------------+------+
|       8.75      |       3.12      |      25.31      |      10.31      | 6.80 |
+-----------------+-----------------+-----------------+-----------------+------+
+performance on testing set---------+-----------------+-----------------+------+
| Rank@1,mIoU@0.3 | Rank@1,mIoU@0.5 | Rank@5,mIoU@0.3 | Rank@5,mIoU@0.5 | mIoU |
+-----------------+-----------------+-----------------+-----------------+------+
|       0.00      |       0.00      |       0.00      |       0.00      | 0.00 |
+-----------------+-----------------+-----------------+-----------------+------+

2026-04-22 02:01:16,132 
iter: 15928 train loss 0.2158 val loss 0.1468 test loss 0.0576
+performance on training set--------+-----------------+-----------------+-------+
| Rank@1,mIoU@0.3 | Rank@1,mIoU@0.5 | Rank@5,mIoU@0.3 | Rank@5,mIoU@0.5 | mIoU  |
+-----------------+-----------------+-----------------+-----------------+-------+
|      46.64      |      24.45      |      65.17      |      43.04      | 29.13 |
+-----------------+-----------------+-----------------+-----------------+-------+
+performance on validation set------+-----------------+-----------------+------+
| Rank@1,mIoU@0.3 | Rank@1,mIoU@0.5 | Rank@5,mIoU@0.3 | Rank@5,mIoU@0.5 | mIoU |
+-----------------+-----------------+-----------------+-----------------+------+
|       8.44      |       2.81      |      24.06      |      10.31      | 6.51 |
+-----------------+-----------------+-----------------+-----------------+------+
+performance on testing set---------+-----------------+-----------------+------+
| Rank@1,mIoU@0.3 | Rank@1,mIoU@0.5 | Rank@5,mIoU@0.3 | Rank@5,mIoU@0.5 | mIoU |
+-----------------+-----------------+-----------------+-----------------+------+
|       0.00      |       0.00      |       0.00      |       0.00      | 0.00 |
+-----------------+-----------------+-----------------+-----------------+------+

2026-04-22 02:07:29,201 
iter: 16290 train loss 0.2142 val loss 0.1433 test loss 0.0537
+performance on training set--------+-----------------+-----------------+-------+
| Rank@1,mIoU@0.3 | Rank@1,mIoU@0.5 | Rank@5,mIoU@0.3 | Rank@5,mIoU@0.5 | mIoU  |
+-----------------+-----------------+-----------------+-----------------+-------+
|      46.80      |      24.67      |      64.92      |      43.20      | 29.22 |
+-----------------+-----------------+-----------------+-----------------+-------+
+performance on validation set------+-----------------+-----------------+------+
| Rank@1,mIoU@0.3 | Rank@1,mIoU@0.5 | Rank@5,mIoU@0.3 | Rank@5,mIoU@0.5 | mIoU |
+-----------------+-----------------+-----------------+-----------------+------+
|       9.06      |       2.50      |      25.62      |      10.62      | 6.31 |
+-----------------+-----------------+-----------------+-----------------+------+
+performance on testing set---------+-----------------+-----------------+------+
| Rank@1,mIoU@0.3 | Rank@1,mIoU@0.5 | Rank@5,mIoU@0.3 | Rank@5,mIoU@0.5 | mIoU |
+-----------------+-----------------+-----------------+-----------------+------+
|       0.00      |       0.00      |       0.00      |       0.00      | 0.00 |
+-----------------+-----------------+-----------------+-----------------+------+

2026-04-22 02:13:45,794 
iter: 16652 train loss 0.2141 val loss 0.1517 test loss 0.0650
+performance on training set--------+-----------------+-----------------+-------+
| Rank@1,mIoU@0.3 | Rank@1,mIoU@0.5 | Rank@5,mIoU@0.3 | Rank@5,mIoU@0.5 | mIoU  |
+-----------------+-----------------+-----------------+-----------------+-------+
|      46.53      |      24.20      |      65.26      |      44.00      | 29.13 |
+-----------------+-----------------+-----------------+-----------------+-------+
+performance on validation set------+-----------------+-----------------+------+
| Rank@1,mIoU@0.3 | Rank@1,mIoU@0.5 | Rank@5,mIoU@0.3 | Rank@5,mIoU@0.5 | mIoU |
+-----------------+-----------------+-----------------+-----------------+------+
|       8.12      |       2.81      |      26.56      |      11.25      | 6.36 |
+-----------------+-----------------+-----------------+-----------------+------+
+performance on testing set---------+-----------------+-----------------+------+
| Rank@1,mIoU@0.3 | Rank@1,mIoU@0.5 | Rank@5,mIoU@0.3 | Rank@5,mIoU@0.5 | mIoU |
+-----------------+-----------------+-----------------+-----------------+------+
|       0.00      |       0.00      |       0.00      |       0.00      | 0.00 |
+-----------------+-----------------+-----------------+-----------------+------+

2026-04-22 02:20:00,277 
iter: 17014 train loss 0.2150 val loss 0.1381 test loss 0.0484
+performance on training set--------+-----------------+-----------------+-------+
| Rank@1,mIoU@0.3 | Rank@1,mIoU@0.5 | Rank@5,mIoU@0.3 | Rank@5,mIoU@0.5 | mIoU  |
+-----------------+-----------------+-----------------+-----------------+-------+
|      47.22      |      24.95      |      65.18      |      43.01      | 29.46 |
+-----------------+-----------------+-----------------+-----------------+-------+
+performance on validation set------+-----------------+-----------------+------+
| Rank@1,mIoU@0.3 | Rank@1,mIoU@0.5 | Rank@5,mIoU@0.3 | Rank@5,mIoU@0.5 | mIoU |
+-----------------+-----------------+-----------------+-----------------+------+
|       8.44      |       1.88      |      21.56      |      10.62      | 5.99 |
+-----------------+-----------------+-----------------+-----------------+------+
+performance on testing set---------+-----------------+-----------------+------+
| Rank@1,mIoU@0.3 | Rank@1,mIoU@0.5 | Rank@5,mIoU@0.3 | Rank@5,mIoU@0.5 | mIoU |
+-----------------+-----------------+-----------------+-----------------+------+
|       0.00      |       0.00      |       0.00      |       0.00      | 0.00 |
+-----------------+-----------------+-----------------+-----------------+------+

2026-04-22 02:26:18,417 
iter: 17376 train loss 0.2120 val loss 0.1514 test loss 0.0660
+performance on training set--------+-----------------+-----------------+-------+
| Rank@1,mIoU@0.3 | Rank@1,mIoU@0.5 | Rank@5,mIoU@0.3 | Rank@5,mIoU@0.5 | mIoU  |
+-----------------+-----------------+-----------------+-----------------+-------+
|      47.06      |      24.61      |      65.65      |      44.63      | 29.41 |
+-----------------+-----------------+-----------------+-----------------+-------+
+performance on validation set------+-----------------+-----------------+------+
| Rank@1,mIoU@0.3 | Rank@1,mIoU@0.5 | Rank@5,mIoU@0.3 | Rank@5,mIoU@0.5 | mIoU |
+-----------------+-----------------+-----------------+-----------------+------+
|       9.06      |       2.81      |      24.38      |      10.31      | 6.75 |
+-----------------+-----------------+-----------------+-----------------+------+
+performance on testing set---------+-----------------+-----------------+------+
| Rank@1,mIoU@0.3 | Rank@1,mIoU@0.5 | Rank@5,mIoU@0.3 | Rank@5,mIoU@0.5 | mIoU |
+-----------------+-----------------+-----------------+-----------------+------+
|       0.00      |       0.00      |       0.00      |       0.00      | 0.00 |
+-----------------+-----------------+-----------------+-----------------+------+

2026-04-22 02:32:34,392 
iter: 17738 train loss 0.2130 val loss 0.1603 test loss 0.0778
+performance on training set--------+-----------------+-----------------+-------+
| Rank@1,mIoU@0.3 | Rank@1,mIoU@0.5 | Rank@5,mIoU@0.3 | Rank@5,mIoU@0.5 | mIoU  |
+-----------------+-----------------+-----------------+-----------------+-------+
|      47.05      |      24.50      |      65.87      |      45.18      | 29.50 |
+-----------------+-----------------+-----------------+-----------------+-------+
+performance on validation set------+-----------------+-----------------+------+
| Rank@1,mIoU@0.3 | Rank@1,mIoU@0.5 | Rank@5,mIoU@0.3 | Rank@5,mIoU@0.5 | mIoU |
+-----------------+-----------------+-----------------+-----------------+------+
|       9.06      |       2.81      |      24.38      |      11.88      | 7.49 |
+-----------------+-----------------+-----------------+-----------------+------+
+performance on testing set---------+-----------------+-----------------+------+
| Rank@1,mIoU@0.3 | Rank@1,mIoU@0.5 | Rank@5,mIoU@0.3 | Rank@5,mIoU@0.5 | mIoU |
+-----------------+-----------------+-----------------+-----------------+------+
|       0.00      |       0.00      |       0.00      |       0.00      | 0.00 |
+-----------------+-----------------+-----------------+-----------------+------+

2026-04-22 02:38:50,825 
iter: 18100 train loss 0.2111 val loss 0.1543 test loss 0.0667
+performance on training set--------+-----------------+-----------------+-------+
| Rank@1,mIoU@0.3 | Rank@1,mIoU@0.5 | Rank@5,mIoU@0.3 | Rank@5,mIoU@0.5 | mIoU  |
+-----------------+-----------------+-----------------+-----------------+-------+
|      47.83      |      25.08      |      66.06      |      44.98      | 29.83 |
+-----------------+-----------------+-----------------+-----------------+-------+
+performance on validation set------+-----------------+-----------------+------+
| Rank@1,mIoU@0.3 | Rank@1,mIoU@0.5 | Rank@5,mIoU@0.3 | Rank@5,mIoU@0.5 | mIoU |
+-----------------+-----------------+-----------------+-----------------+------+
|       8.75      |       2.19      |      24.38      |      11.25      | 6.76 |
+-----------------+-----------------+-----------------+-----------------+------+
+performance on testing set---------+-----------------+-----------------+------+
| Rank@1,mIoU@0.3 | Rank@1,mIoU@0.5 | Rank@5,mIoU@0.3 | Rank@5,mIoU@0.5 | mIoU |
+-----------------+-----------------+-----------------+-----------------+------+
|       0.00      |       0.00      |       0.00      |       0.00      | 0.00 |
+-----------------+-----------------+-----------------+-----------------+------+

2026-04-22 02:45:09,586 
iter: 18462 train loss 0.2110 val loss 0.1477 test loss 0.0565
+performance on training set--------+-----------------+-----------------+-------+
| Rank@1,mIoU@0.3 | Rank@1,mIoU@0.5 | Rank@5,mIoU@0.3 | Rank@5,mIoU@0.5 | mIoU  |
+-----------------+-----------------+-----------------+-----------------+-------+
|      48.24      |      25.55      |      66.23      |      45.09      | 30.10 |
+-----------------+-----------------+-----------------+-----------------+-------+
+performance on validation set------+-----------------+-----------------+------+
| Rank@1,mIoU@0.3 | Rank@1,mIoU@0.5 | Rank@5,mIoU@0.3 | Rank@5,mIoU@0.5 | mIoU |
+-----------------+-----------------+-----------------+-----------------+------+
|       8.75      |       2.81      |      24.69      |      11.25      | 6.66 |
+-----------------+-----------------+-----------------+-----------------+------+
+performance on testing set---------+-----------------+-----------------+------+
| Rank@1,mIoU@0.3 | Rank@1,mIoU@0.5 | Rank@5,mIoU@0.3 | Rank@5,mIoU@0.5 | mIoU |
+-----------------+-----------------+-----------------+-----------------+------+
|       0.00      |       0.00      |       0.00      |       0.00      | 0.00 |
+-----------------+-----------------+-----------------+-----------------+------+

2026-04-22 02:51:23,590 
iter: 18824 train loss 0.2103 val loss 0.1471 test loss 0.0589
+performance on training set--------+-----------------+-----------------+-------+
| Rank@1,mIoU@0.3 | Rank@1,mIoU@0.5 | Rank@5,mIoU@0.3 | Rank@5,mIoU@0.5 | mIoU  |
+-----------------+-----------------+-----------------+-----------------+-------+
|      48.54      |      25.62      |      66.36      |      45.34      | 30.20 |
+-----------------+-----------------+-----------------+-----------------+-------+
+performance on validation set------+-----------------+-----------------+------+
| Rank@1,mIoU@0.3 | Rank@1,mIoU@0.5 | Rank@5,mIoU@0.3 | Rank@5,mIoU@0.5 | mIoU |
+-----------------+-----------------+-----------------+-----------------+------+
|       9.38      |       2.81      |      25.62      |      11.25      | 7.17 |
+-----------------+-----------------+-----------------+-----------------+------+
+performance on testing set---------+-----------------+-----------------+------+
| Rank@1,mIoU@0.3 | Rank@1,mIoU@0.5 | Rank@5,mIoU@0.3 | Rank@5,mIoU@0.5 | mIoU |
+-----------------+-----------------+-----------------+-----------------+------+
|       0.00      |       0.00      |       0.00      |       0.00      | 0.00 |
+-----------------+-----------------+-----------------+-----------------+------+

2026-04-22 02:57:41,900 
iter: 19186 train loss 0.2093 val loss 0.1639 test loss 0.0793
+performance on training set--------+-----------------+-----------------+-------+
| Rank@1,mIoU@0.3 | Rank@1,mIoU@0.5 | Rank@5,mIoU@0.3 | Rank@5,mIoU@0.5 | mIoU  |
+-----------------+-----------------+-----------------+-----------------+-------+
|      48.34      |      25.37      |      66.18      |      46.20      | 30.04 |
+-----------------+-----------------+-----------------+-----------------+-------+
+performance on validation set------+-----------------+-----------------+------+
| Rank@1,mIoU@0.3 | Rank@1,mIoU@0.5 | Rank@5,mIoU@0.3 | Rank@5,mIoU@0.5 | mIoU |
+-----------------+-----------------+-----------------+-----------------+------+
|       9.38      |       2.19      |      25.31      |      11.25      | 7.24 |
+-----------------+-----------------+-----------------+-----------------+------+
+performance on testing set---------+-----------------+-----------------+------+
| Rank@1,mIoU@0.3 | Rank@1,mIoU@0.5 | Rank@5,mIoU@0.3 | Rank@5,mIoU@0.5 | mIoU |
+-----------------+-----------------+-----------------+-----------------+------+
|       0.00      |       0.00      |       0.00      |       0.00      | 0.00 |
+-----------------+-----------------+-----------------+-----------------+------+

2026-04-22 03:03:56,482 
iter: 19548 train loss 0.2092 val loss 0.1440 test loss 0.0513
+performance on training set--------+-----------------+-----------------+-------+
| Rank@1,mIoU@0.3 | Rank@1,mIoU@0.5 | Rank@5,mIoU@0.3 | Rank@5,mIoU@0.5 | mIoU  |
+-----------------+-----------------+-----------------+-----------------+-------+
|      49.22      |      26.38      |      66.42      |      45.19      | 30.56 |
+-----------------+-----------------+-----------------+-----------------+-------+
+performance on validation set------+-----------------+-----------------+------+
| Rank@1,mIoU@0.3 | Rank@1,mIoU@0.5 | Rank@5,mIoU@0.3 | Rank@5,mIoU@0.5 | mIoU |
+-----------------+-----------------+-----------------+-----------------+------+
|       8.44      |       2.81      |      25.94      |      11.56      | 6.41 |
+-----------------+-----------------+-----------------+-----------------+------+
+performance on testing set---------+-----------------+-----------------+------+
| Rank@1,mIoU@0.3 | Rank@1,mIoU@0.5 | Rank@5,mIoU@0.3 | Rank@5,mIoU@0.5 | mIoU |
+-----------------+-----------------+-----------------+-----------------+------+
|       0.00      |       0.00      |       0.00      |       0.00      | 0.00 |
+-----------------+-----------------+-----------------+-----------------+------+

2026-04-22 03:10:12,635 
iter: 19910 train loss 0.2094 val loss 0.1519 test loss 0.0624
+performance on training set--------+-----------------+-----------------+-------+
| Rank@1,mIoU@0.3 | Rank@1,mIoU@0.5 | Rank@5,mIoU@0.3 | Rank@5,mIoU@0.5 | mIoU  |
+-----------------+-----------------+-----------------+-----------------+-------+
|      48.86      |      25.60      |      66.79      |      45.99      | 30.39 |
+-----------------+-----------------+-----------------+-----------------+-------+
+performance on validation set------+-----------------+-----------------+------+
| Rank@1,mIoU@0.3 | Rank@1,mIoU@0.5 | Rank@5,mIoU@0.3 | Rank@5,mIoU@0.5 | mIoU |
+-----------------+-----------------+-----------------+-----------------+------+
|      10.31      |       2.19      |      25.00      |      10.62      | 7.38 |
+-----------------+-----------------+-----------------+-----------------+------+
+performance on testing set---------+-----------------+-----------------+------+
| Rank@1,mIoU@0.3 | Rank@1,mIoU@0.5 | Rank@5,mIoU@0.3 | Rank@5,mIoU@0.5 | mIoU |
+-----------------+-----------------+-----------------+-----------------+------+
|       0.00      |       0.00      |       0.00      |       0.00      | 0.00 |
+-----------------+-----------------+-----------------+-----------------+------+

2026-04-22 03:16:25,656 
iter: 20272 train loss 0.2088 val loss 0.1403 test loss 0.0461
+performance on training set--------+-----------------+-----------------+-------+
| Rank@1,mIoU@0.3 | Rank@1,mIoU@0.5 | Rank@5,mIoU@0.3 | Rank@5,mIoU@0.5 | mIoU  |
+-----------------+-----------------+-----------------+-----------------+-------+
|      48.88      |      25.86      |      66.41      |      45.56      | 30.45 |
+-----------------+-----------------+-----------------+-----------------+-------+
+performance on validation set------+-----------------+-----------------+------+
| Rank@1,mIoU@0.3 | Rank@1,mIoU@0.5 | Rank@5,mIoU@0.3 | Rank@5,mIoU@0.5 | mIoU |
+-----------------+-----------------+-----------------+-----------------+------+
|       8.75      |       3.12      |      25.00      |      11.56      | 6.56 |
+-----------------+-----------------+-----------------+-----------------+------+
+performance on testing set---------+-----------------+-----------------+------+
| Rank@1,mIoU@0.3 | Rank@1,mIoU@0.5 | Rank@5,mIoU@0.3 | Rank@5,mIoU@0.5 | mIoU |
+-----------------+-----------------+-----------------+-----------------+------+
|       0.00      |       0.00      |       0.00      |       0.00      | 0.00 |
+-----------------+-----------------+-----------------+-----------------+------+

2026-04-22 03:22:41,920 
iter: 20634 train loss 0.2075 val loss 0.1584 test loss 0.0677
+performance on training set--------+-----------------+-----------------+-------+
| Rank@1,mIoU@0.3 | Rank@1,mIoU@0.5 | Rank@5,mIoU@0.3 | Rank@5,mIoU@0.5 | mIoU  |
+-----------------+-----------------+-----------------+-----------------+-------+
|      49.53      |      26.47      |      66.98      |      46.99      | 30.73 |
+-----------------+-----------------+-----------------+-----------------+-------+
+performance on validation set------+-----------------+-----------------+------+
| Rank@1,mIoU@0.3 | Rank@1,mIoU@0.5 | Rank@5,mIoU@0.3 | Rank@5,mIoU@0.5 | mIoU |
+-----------------+-----------------+-----------------+-----------------+------+
|       9.06      |       3.12      |      25.00      |      11.56      | 7.21 |
+-----------------+-----------------+-----------------+-----------------+------+
+performance on testing set---------+-----------------+-----------------+------+
| Rank@1,mIoU@0.3 | Rank@1,mIoU@0.5 | Rank@5,mIoU@0.3 | Rank@5,mIoU@0.5 | mIoU |
+-----------------+-----------------+-----------------+-----------------+------+
|       0.00      |       0.00      |       0.00      |       0.00      | 0.00 |
+-----------------+-----------------+-----------------+-----------------+------+

2026-04-22 03:28:59,052 
iter: 20996 train loss 0.2069 val loss 0.1562 test loss 0.0674
+performance on training set--------+-----------------+-----------------+-------+
| Rank@1,mIoU@0.3 | Rank@1,mIoU@0.5 | Rank@5,mIoU@0.3 | Rank@5,mIoU@0.5 | mIoU  |
+-----------------+-----------------+-----------------+-----------------+-------+
|      49.85      |      26.46      |      67.12      |      47.47      | 30.93 |
+-----------------+-----------------+-----------------+-----------------+-------+
+performance on validation set------+-----------------+-----------------+------+
| Rank@1,mIoU@0.3 | Rank@1,mIoU@0.5 | Rank@5,mIoU@0.3 | Rank@5,mIoU@0.5 | mIoU |
+-----------------+-----------------+-----------------+-----------------+------+
|       9.06      |       2.81      |      25.94      |      11.25      | 7.39 |
+-----------------+-----------------+-----------------+-----------------+------+
+performance on testing set---------+-----------------+-----------------+------+
| Rank@1,mIoU@0.3 | Rank@1,mIoU@0.5 | Rank@5,mIoU@0.3 | Rank@5,mIoU@0.5 | mIoU |
+-----------------+-----------------+-----------------+-----------------+------+
|       0.00      |       0.00      |       0.00      |       0.00      | 0.00 |
+-----------------+-----------------+-----------------+-----------------+------+

2026-04-22 03:35:13,339 
iter: 21358 train loss 0.2050 val loss 0.1533 test loss 0.0612
+performance on training set--------+-----------------+-----------------+-------+
| Rank@1,mIoU@0.3 | Rank@1,mIoU@0.5 | Rank@5,mIoU@0.3 | Rank@5,mIoU@0.5 | mIoU  |
+-----------------+-----------------+-----------------+-----------------+-------+
|      50.03      |      26.41      |      67.22      |      47.89      | 30.95 |
+-----------------+-----------------+-----------------+-----------------+-------+
+performance on validation set------+-----------------+-----------------+------+
| Rank@1,mIoU@0.3 | Rank@1,mIoU@0.5 | Rank@5,mIoU@0.3 | Rank@5,mIoU@0.5 | mIoU |
+-----------------+-----------------+-----------------+-----------------+------+
|      10.00      |       2.81      |      26.25      |      11.25      | 7.64 |
+-----------------+-----------------+-----------------+-----------------+------+
+performance on testing set---------+-----------------+-----------------+------+
| Rank@1,mIoU@0.3 | Rank@1,mIoU@0.5 | Rank@5,mIoU@0.3 | Rank@5,mIoU@0.5 | mIoU |
+-----------------+-----------------+-----------------+-----------------+------+
|       0.00      |       0.00      |       0.00      |       0.00      | 0.00 |
+-----------------+-----------------+-----------------+-----------------+------+

2026-04-22 03:41:27,899 
iter: 21720 train loss 0.2053 val loss 0.1535 test loss 0.0615
+performance on training set--------+-----------------+-----------------+-------+
| Rank@1,mIoU@0.3 | Rank@1,mIoU@0.5 | Rank@5,mIoU@0.3 | Rank@5,mIoU@0.5 | mIoU  |
+-----------------+-----------------+-----------------+-----------------+-------+
|      50.37      |      27.08      |      67.55      |      47.68      | 31.28 |
+-----------------+-----------------+-----------------+-----------------+-------+
+performance on validation set------+-----------------+-----------------+------+
| Rank@1,mIoU@0.3 | Rank@1,mIoU@0.5 | Rank@5,mIoU@0.3 | Rank@5,mIoU@0.5 | mIoU |
+-----------------+-----------------+-----------------+-----------------+------+
|       9.38      |       2.50      |      26.25      |      11.56      | 7.44 |
+-----------------+-----------------+-----------------+-----------------+------+
+performance on testing set---------+-----------------+-----------------+------+
| Rank@1,mIoU@0.3 | Rank@1,mIoU@0.5 | Rank@5,mIoU@0.3 | Rank@5,mIoU@0.5 | mIoU |
+-----------------+-----------------+-----------------+-----------------+------+
|       0.00      |       0.00      |       0.00      |       0.00      | 0.00 |
+-----------------+-----------------+-----------------+-----------------+------+

2026-04-22 03:47:43,772 
iter: 22082 train loss 0.2058 val loss 0.1558 test loss 0.0638
+performance on training set--------+-----------------+-----------------+-------+
| Rank@1,mIoU@0.3 | Rank@1,mIoU@0.5 | Rank@5,mIoU@0.3 | Rank@5,mIoU@0.5 | mIoU  |
+-----------------+-----------------+-----------------+-----------------+-------+
|      49.98      |      26.52      |      67.47      |      47.73      | 31.08 |
+-----------------+-----------------+-----------------+-----------------+-------+
+performance on validation set------+-----------------+-----------------+------+
| Rank@1,mIoU@0.3 | Rank@1,mIoU@0.5 | Rank@5,mIoU@0.3 | Rank@5,mIoU@0.5 | mIoU |
+-----------------+-----------------+-----------------+-----------------+------+
|       9.69      |       2.19      |      25.94      |      11.88      | 7.39 |
+-----------------+-----------------+-----------------+-----------------+------+
+performance on testing set---------+-----------------+-----------------+------+
| Rank@1,mIoU@0.3 | Rank@1,mIoU@0.5 | Rank@5,mIoU@0.3 | Rank@5,mIoU@0.5 | mIoU |
+-----------------+-----------------+-----------------+-----------------+------+
|       0.00      |       0.00      |       0.00      |       0.00      | 0.00 |
+-----------------+-----------------+-----------------+-----------------+------+

2026-04-22 03:54:02,177 
iter: 22444 train loss 0.2055 val loss 0.1567 test loss 0.0669
+performance on training set--------+-----------------+-----------------+-------+
| Rank@1,mIoU@0.3 | Rank@1,mIoU@0.5 | Rank@5,mIoU@0.3 | Rank@5,mIoU@0.5 | mIoU  |
+-----------------+-----------------+-----------------+-----------------+-------+
|      50.15      |      26.72      |      67.58      |      48.02      | 31.12 |
+-----------------+-----------------+-----------------+-----------------+-------+
+performance on validation set------+-----------------+-----------------+------+
| Rank@1,mIoU@0.3 | Rank@1,mIoU@0.5 | Rank@5,mIoU@0.3 | Rank@5,mIoU@0.5 | mIoU |
+-----------------+-----------------+-----------------+-----------------+------+
|      10.62      |       2.81      |      26.88      |      11.25      | 7.74 |
+-----------------+-----------------+-----------------+-----------------+------+
+performance on testing set---------+-----------------+-----------------+------+
| Rank@1,mIoU@0.3 | Rank@1,mIoU@0.5 | Rank@5,mIoU@0.3 | Rank@5,mIoU@0.5 | mIoU |
+-----------------+-----------------+-----------------+-----------------+------+
|       0.00      |       0.00      |       0.00      |       0.00      | 0.00 |
+-----------------+-----------------+-----------------+-----------------+------+

2026-04-22 04:00:15,786 
iter: 22806 train loss 0.2041 val loss 0.1543 test loss 0.0610
+performance on training set--------+-----------------+-----------------+-------+
| Rank@1,mIoU@0.3 | Rank@1,mIoU@0.5 | Rank@5,mIoU@0.3 | Rank@5,mIoU@0.5 | mIoU  |
+-----------------+-----------------+-----------------+-----------------+-------+
|      50.39      |      26.83      |      67.70      |      48.39      | 31.26 |
+-----------------+-----------------+-----------------+-----------------+-------+
+performance on validation set------+-----------------+-----------------+------+
| Rank@1,mIoU@0.3 | Rank@1,mIoU@0.5 | Rank@5,mIoU@0.3 | Rank@5,mIoU@0.5 | mIoU |
+-----------------+-----------------+-----------------+-----------------+------+
|      10.00      |       2.50      |      28.12      |      11.25      | 7.62 |
+-----------------+-----------------+-----------------+-----------------+------+
+performance on testing set---------+-----------------+-----------------+------+
| Rank@1,mIoU@0.3 | Rank@1,mIoU@0.5 | Rank@5,mIoU@0.3 | Rank@5,mIoU@0.5 | mIoU |
+-----------------+-----------------+-----------------+-----------------+------+
|       0.00      |       0.00      |       0.00      |       0.00      | 0.00 |
+-----------------+-----------------+-----------------+-----------------+------+

2026-04-22 04:06:30,051 
iter: 23168 train loss 0.2035 val loss 0.1505 test loss 0.0565
+performance on training set--------+-----------------+-----------------+-------+
| Rank@1,mIoU@0.3 | Rank@1,mIoU@0.5 | Rank@5,mIoU@0.3 | Rank@5,mIoU@0.5 | mIoU  |
+-----------------+-----------------+-----------------+-----------------+-------+
|      51.40      |      27.92      |      68.10      |      48.55      | 31.82 |
+-----------------+-----------------+-----------------+-----------------+-------+
+performance on validation set------+-----------------+-----------------+------+
| Rank@1,mIoU@0.3 | Rank@1,mIoU@0.5 | Rank@5,mIoU@0.3 | Rank@5,mIoU@0.5 | mIoU |
+-----------------+-----------------+-----------------+-----------------+------+
|      10.31      |       2.81      |      25.62      |      13.44      | 7.41 |
+-----------------+-----------------+-----------------+-----------------+------+
+performance on testing set---------+-----------------+-----------------+------+
| Rank@1,mIoU@0.3 | Rank@1,mIoU@0.5 | Rank@5,mIoU@0.3 | Rank@5,mIoU@0.5 | mIoU |
+-----------------+-----------------+-----------------+-----------------+------+
|       0.00      |       0.00      |       0.00      |       0.00      | 0.00 |
+-----------------+-----------------+-----------------+-----------------+------+

2026-04-22 04:12:46,185 
iter: 23530 train loss 0.2035 val loss 0.1546 test loss 0.0612
+performance on training set--------+-----------------+-----------------+-------+
| Rank@1,mIoU@0.3 | Rank@1,mIoU@0.5 | Rank@5,mIoU@0.3 | Rank@5,mIoU@0.5 | mIoU  |
+-----------------+-----------------+-----------------+-----------------+-------+
|      51.39      |      27.61      |      68.15      |      48.82      | 31.76 |
+-----------------+-----------------+-----------------+-----------------+-------+
+performance on validation set------+-----------------+-----------------+------+
| Rank@1,mIoU@0.3 | Rank@1,mIoU@0.5 | Rank@5,mIoU@0.3 | Rank@5,mIoU@0.5 | mIoU |
+-----------------+-----------------+-----------------+-----------------+------+
|       9.06      |       2.50      |      25.62      |      11.88      | 7.40 |
+-----------------+-----------------+-----------------+-----------------+------+
+performance on testing set---------+-----------------+-----------------+------+
| Rank@1,mIoU@0.3 | Rank@1,mIoU@0.5 | Rank@5,mIoU@0.3 | Rank@5,mIoU@0.5 | mIoU |
+-----------------+-----------------+-----------------+-----------------+------+
|       0.00      |       0.00      |       0.00      |       0.00      | 0.00 |
+-----------------+-----------------+-----------------+-----------------+------+

2026-04-22 04:19:01,587 
iter: 23892 train loss 0.2028 val loss 0.1633 test loss 0.0717
+performance on training set--------+-----------------+-----------------+-------+
| Rank@1,mIoU@0.3 | Rank@1,mIoU@0.5 | Rank@5,mIoU@0.3 | Rank@5,mIoU@0.5 | mIoU  |
+-----------------+-----------------+-----------------+-----------------+-------+
|      51.58      |      28.09      |      68.65      |      49.03      | 31.91 |
+-----------------+-----------------+-----------------+-----------------+-------+
+performance on validation set------+-----------------+-----------------+------+
| Rank@1,mIoU@0.3 | Rank@1,mIoU@0.5 | Rank@5,mIoU@0.3 | Rank@5,mIoU@0.5 | mIoU |
+-----------------+-----------------+-----------------+-----------------+------+
|      10.31      |       3.44      |      27.50      |      14.06      | 7.67 |
+-----------------+-----------------+-----------------+-----------------+------+
+performance on testing set---------+-----------------+-----------------+------+
| Rank@1,mIoU@0.3 | Rank@1,mIoU@0.5 | Rank@5,mIoU@0.3 | Rank@5,mIoU@0.5 | mIoU |
+-----------------+-----------------+-----------------+-----------------+------+
|       0.00      |       0.00      |       0.00      |       0.00      | 0.00 |
+-----------------+-----------------+-----------------+-----------------+------+

2026-04-22 04:25:16,473 
iter: 24254 train loss 0.2021 val loss 0.1617 test loss 0.0675
+performance on training set--------+-----------------+-----------------+-------+
| Rank@1,mIoU@0.3 | Rank@1,mIoU@0.5 | Rank@5,mIoU@0.3 | Rank@5,mIoU@0.5 | mIoU  |
+-----------------+-----------------+-----------------+-----------------+-------+
|      51.01      |      27.49      |      68.11      |      49.12      | 31.71 |
+-----------------+-----------------+-----------------+-----------------+-------+
+performance on validation set------+-----------------+-----------------+------+
| Rank@1,mIoU@0.3 | Rank@1,mIoU@0.5 | Rank@5,mIoU@0.3 | Rank@5,mIoU@0.5 | mIoU |
+-----------------+-----------------+-----------------+-----------------+------+
|      10.00      |       3.75      |      27.19      |      11.88      | 7.90 |
+-----------------+-----------------+-----------------+-----------------+------+
+performance on testing set---------+-----------------+-----------------+------+
| Rank@1,mIoU@0.3 | Rank@1,mIoU@0.5 | Rank@5,mIoU@0.3 | Rank@5,mIoU@0.5 | mIoU |
+-----------------+-----------------+-----------------+-----------------+------+
|       0.00      |       0.00      |       0.00      |       0.00      | 0.00 |
+-----------------+-----------------+-----------------+-----------------+------+

2026-04-22 04:31:31,902 
iter: 24616 train loss 0.2013 val loss 0.1530 test loss 0.0597
+performance on training set--------+-----------------+-----------------+-------+
| Rank@1,mIoU@0.3 | Rank@1,mIoU@0.5 | Rank@5,mIoU@0.3 | Rank@5,mIoU@0.5 | mIoU  |
+-----------------+-----------------+-----------------+-----------------+-------+
|      52.32      |      29.01      |      68.76      |      49.25      | 32.42 |
+-----------------+-----------------+-----------------+-----------------+-------+
+performance on validation set------+-----------------+-----------------+------+
| Rank@1,mIoU@0.3 | Rank@1,mIoU@0.5 | Rank@5,mIoU@0.3 | Rank@5,mIoU@0.5 | mIoU |
+-----------------+-----------------+-----------------+-----------------+------+
|      11.56      |       3.75      |      26.56      |      12.19      | 8.47 |
+-----------------+-----------------+-----------------+-----------------+------+
+performance on testing set---------+-----------------+-----------------+------+
| Rank@1,mIoU@0.3 | Rank@1,mIoU@0.5 | Rank@5,mIoU@0.3 | Rank@5,mIoU@0.5 | mIoU |
+-----------------+-----------------+-----------------+-----------------+------+
|       0.00      |       0.00      |       0.00      |       0.00      | 0.00 |
+-----------------+-----------------+-----------------+-----------------+------+

2026-04-22 04:37:48,056 
iter: 24978 train loss 0.2027 val loss 0.1486 test loss 0.0528
+performance on training set--------+-----------------+-----------------+-------+
| Rank@1,mIoU@0.3 | Rank@1,mIoU@0.5 | Rank@5,mIoU@0.3 | Rank@5,mIoU@0.5 | mIoU  |
+-----------------+-----------------+-----------------+-----------------+-------+
|      52.42      |      28.82      |      68.91      |      49.56      | 32.40 |
+-----------------+-----------------+-----------------+-----------------+-------+
+performance on validation set------+-----------------+-----------------+------+
| Rank@1,mIoU@0.3 | Rank@1,mIoU@0.5 | Rank@5,mIoU@0.3 | Rank@5,mIoU@0.5 | mIoU |
+-----------------+-----------------+-----------------+-----------------+------+
|      10.00      |       3.75      |      25.00      |      11.88      | 7.95 |
+-----------------+-----------------+-----------------+-----------------+------+
+performance on testing set---------+-----------------+-----------------+------+
| Rank@1,mIoU@0.3 | Rank@1,mIoU@0.5 | Rank@5,mIoU@0.3 | Rank@5,mIoU@0.5 | mIoU |
+-----------------+-----------------+-----------------+-----------------+------+
|       0.00      |       0.00      |       0.00      |       0.00      | 0.00 |
+-----------------+-----------------+-----------------+-----------------+------+

2026-04-22 04:44:03,511 
iter: 25340 train loss 0.2001 val loss 0.1495 test loss 0.0526
+performance on training set--------+-----------------+-----------------+-------+
| Rank@1,mIoU@0.3 | Rank@1,mIoU@0.5 | Rank@5,mIoU@0.3 | Rank@5,mIoU@0.5 | mIoU  |
+-----------------+-----------------+-----------------+-----------------+-------+
|      52.80      |      28.99      |      69.20      |      49.71      | 32.53 |
+-----------------+-----------------+-----------------+-----------------+-------+
+performance on validation set------+-----------------+-----------------+------+
| Rank@1,mIoU@0.3 | Rank@1,mIoU@0.5 | Rank@5,mIoU@0.3 | Rank@5,mIoU@0.5 | mIoU |
+-----------------+-----------------+-----------------+-----------------+------+
|       9.69      |       3.75      |      25.62      |      12.19      | 7.70 |
+-----------------+-----------------+-----------------+-----------------+------+
+performance on testing set---------+-----------------+-----------------+------+
| Rank@1,mIoU@0.3 | Rank@1,mIoU@0.5 | Rank@5,mIoU@0.3 | Rank@5,mIoU@0.5 | mIoU |
+-----------------+-----------------+-----------------+-----------------+------+
|       0.00      |       0.00      |       0.00      |       0.00      | 0.00 |
+-----------------+-----------------+-----------------+-----------------+------+

2026-04-22 04:50:18,309 
iter: 25702 train loss 0.2009 val loss 0.1507 test loss 0.0560
+performance on training set--------+-----------------+-----------------+-------+
| Rank@1,mIoU@0.3 | Rank@1,mIoU@0.5 | Rank@5,mIoU@0.3 | Rank@5,mIoU@0.5 | mIoU  |
+-----------------+-----------------+-----------------+-----------------+-------+
|      52.30      |      28.41      |      68.91      |      49.62      | 32.33 |
+-----------------+-----------------+-----------------+-----------------+-------+
+performance on validation set------+-----------------+-----------------+------+
| Rank@1,mIoU@0.3 | Rank@1,mIoU@0.5 | Rank@5,mIoU@0.3 | Rank@5,mIoU@0.5 | mIoU |
+-----------------+-----------------+-----------------+-----------------+------+
|      10.31      |       3.44      |      26.25      |      10.94      | 7.97 |
+-----------------+-----------------+-----------------+-----------------+------+
+performance on testing set---------+-----------------+-----------------+------+
| Rank@1,mIoU@0.3 | Rank@1,mIoU@0.5 | Rank@5,mIoU@0.3 | Rank@5,mIoU@0.5 | mIoU |
+-----------------+-----------------+-----------------+-----------------+------+
|       0.00      |       0.00      |       0.00      |       0.00      | 0.00 |
+-----------------+-----------------+-----------------+-----------------+------+

2026-04-22 04:56:34,562 
iter: 26064 train loss 0.1999 val loss 0.1441 test loss 0.0456
+performance on training set--------+-----------------+-----------------+-------+
| Rank@1,mIoU@0.3 | Rank@1,mIoU@0.5 | Rank@5,mIoU@0.3 | Rank@5,mIoU@0.5 | mIoU  |
+-----------------+-----------------+-----------------+-----------------+-------+
|      52.90      |      28.88      |      69.39      |      49.82      | 32.65 |
+-----------------+-----------------+-----------------+-----------------+-------+
+performance on validation set------+-----------------+-----------------+------+
| Rank@1,mIoU@0.3 | Rank@1,mIoU@0.5 | Rank@5,mIoU@0.3 | Rank@5,mIoU@0.5 | mIoU |
+-----------------+-----------------+-----------------+-----------------+------+
|      10.00      |       4.06      |      25.94      |      12.19      | 7.79 |
+-----------------+-----------------+-----------------+-----------------+------+
+performance on testing set---------+-----------------+-----------------+------+
| Rank@1,mIoU@0.3 | Rank@1,mIoU@0.5 | Rank@5,mIoU@0.3 | Rank@5,mIoU@0.5 | mIoU |
+-----------------+-----------------+-----------------+-----------------+------+
|       0.00      |       0.00      |       0.00      |       0.00      | 0.00 |
+-----------------+-----------------+-----------------+-----------------+------+

2026-04-22 05:02:50,373 
iter: 26426 train loss 0.2003 val loss 0.1476 test loss 0.0509
+performance on training set--------+-----------------+-----------------+-------+
| Rank@1,mIoU@0.3 | Rank@1,mIoU@0.5 | Rank@5,mIoU@0.3 | Rank@5,mIoU@0.5 | mIoU  |
+-----------------+-----------------+-----------------+-----------------+-------+
|      52.65      |      28.71      |      69.11      |      50.13      | 32.54 |
+-----------------+-----------------+-----------------+-----------------+-------+
+performance on validation set------+-----------------+-----------------+------+
| Rank@1,mIoU@0.3 | Rank@1,mIoU@0.5 | Rank@5,mIoU@0.3 | Rank@5,mIoU@0.5 | mIoU |
+-----------------+-----------------+-----------------+-----------------+------+
|       9.38      |       3.44      |      26.56      |      11.56      | 7.83 |
+-----------------+-----------------+-----------------+-----------------+------+
+performance on testing set---------+-----------------+-----------------+------+
| Rank@1,mIoU@0.3 | Rank@1,mIoU@0.5 | Rank@5,mIoU@0.3 | Rank@5,mIoU@0.5 | mIoU |
+-----------------+-----------------+-----------------+-----------------+------+
|       0.00      |       0.00      |       0.00      |       0.00      | 0.00 |
+-----------------+-----------------+-----------------+-----------------+------+

2026-04-22 05:09:04,946 
iter: 26788 train loss 0.1977 val loss 0.1532 test loss 0.0602
+performance on training set--------+-----------------+-----------------+-------+
| Rank@1,mIoU@0.3 | Rank@1,mIoU@0.5 | Rank@5,mIoU@0.3 | Rank@5,mIoU@0.5 | mIoU  |
+-----------------+-----------------+-----------------+-----------------+-------+
|      52.81      |      28.87      |      69.30      |      50.46      | 32.62 |
+-----------------+-----------------+-----------------+-----------------+-------+
+performance on validation set------+-----------------+-----------------+------+
| Rank@1,mIoU@0.3 | Rank@1,mIoU@0.5 | Rank@5,mIoU@0.3 | Rank@5,mIoU@0.5 | mIoU |
+-----------------+-----------------+-----------------+-----------------+------+
|      10.62      |       4.38      |      27.50      |      12.50      | 8.07 |
+-----------------+-----------------+-----------------+-----------------+------+
+performance on testing set---------+-----------------+-----------------+------+
| Rank@1,mIoU@0.3 | Rank@1,mIoU@0.5 | Rank@5,mIoU@0.3 | Rank@5,mIoU@0.5 | mIoU |
+-----------------+-----------------+-----------------+-----------------+------+
|       0.00      |       0.00      |       0.00      |       0.00      | 0.00 |
+-----------------+-----------------+-----------------+-----------------+------+

2026-04-22 05:15:22,057 
iter: 27150 train loss 0.2002 val loss 0.1540 test loss 0.0603
+performance on training set--------+-----------------+-----------------+-------+
| Rank@1,mIoU@0.3 | Rank@1,mIoU@0.5 | Rank@5,mIoU@0.3 | Rank@5,mIoU@0.5 | mIoU  |
+-----------------+-----------------+-----------------+-----------------+-------+
|      53.26      |      29.20      |      69.64      |      50.80      | 32.80 |
+-----------------+-----------------+-----------------+-----------------+-------+
+performance on validation set------+-----------------+-----------------+------+
| Rank@1,mIoU@0.3 | Rank@1,mIoU@0.5 | Rank@5,mIoU@0.3 | Rank@5,mIoU@0.5 | mIoU |
+-----------------+-----------------+-----------------+-----------------+------+
|      10.94      |       5.00      |      26.88      |      12.50      | 8.54 |
+-----------------+-----------------+-----------------+-----------------+------+
+performance on testing set---------+-----------------+-----------------+------+
| Rank@1,mIoU@0.3 | Rank@1,mIoU@0.5 | Rank@5,mIoU@0.3 | Rank@5,mIoU@0.5 | mIoU |
+-----------------+-----------------+-----------------+-----------------+------+
|       0.00      |       0.00      |       0.00      |       0.00      | 0.00 |
+-----------------+-----------------+-----------------+-----------------+------+

2026-04-22 05:21:37,093 
iter: 27512 train loss 0.1983 val loss 0.1499 test loss 0.0554
+performance on training set--------+-----------------+-----------------+-------+
| Rank@1,mIoU@0.3 | Rank@1,mIoU@0.5 | Rank@5,mIoU@0.3 | Rank@5,mIoU@0.5 | mIoU  |
+-----------------+-----------------+-----------------+-----------------+-------+
|      53.26      |      29.21      |      69.75      |      50.46      | 32.87 |
+-----------------+-----------------+-----------------+-----------------+-------+
+performance on validation set------+-----------------+-----------------+------+
| Rank@1,mIoU@0.3 | Rank@1,mIoU@0.5 | Rank@5,mIoU@0.3 | Rank@5,mIoU@0.5 | mIoU |
+-----------------+-----------------+-----------------+-----------------+------+
|      10.00      |       4.69      |      27.50      |      13.12      | 8.19 |
+-----------------+-----------------+-----------------+-----------------+------+
+performance on testing set---------+-----------------+-----------------+------+
| Rank@1,mIoU@0.3 | Rank@1,mIoU@0.5 | Rank@5,mIoU@0.3 | Rank@5,mIoU@0.5 | mIoU |
+-----------------+-----------------+-----------------+-----------------+------+
|       0.00      |       0.00      |       0.00      |       0.00      | 0.00 |
+-----------------+-----------------+-----------------+-----------------+------+

2026-04-22 05:27:54,482 
iter: 27874 train loss 0.1972 val loss 0.1553 test loss 0.0619
+performance on training set--------+-----------------+-----------------+-------+
| Rank@1,mIoU@0.3 | Rank@1,mIoU@0.5 | Rank@5,mIoU@0.3 | Rank@5,mIoU@0.5 | mIoU  |
+-----------------+-----------------+-----------------+-----------------+-------+
|      53.19      |      29.12      |      69.68      |      50.91      | 32.81 |
+-----------------+-----------------+-----------------+-----------------+-------+
+performance on validation set------+-----------------+-----------------+------+
| Rank@1,mIoU@0.3 | Rank@1,mIoU@0.5 | Rank@5,mIoU@0.3 | Rank@5,mIoU@0.5 | mIoU |
+-----------------+-----------------+-----------------+-----------------+------+
|      10.31      |       4.38      |      29.06      |      13.12      | 8.12 |
+-----------------+-----------------+-----------------+-----------------+------+
+performance on testing set---------+-----------------+-----------------+------+
| Rank@1,mIoU@0.3 | Rank@1,mIoU@0.5 | Rank@5,mIoU@0.3 | Rank@5,mIoU@0.5 | mIoU |
+-----------------+-----------------+-----------------+-----------------+------+
|       0.00      |       0.00      |       0.00      |       0.00      | 0.00 |
+-----------------+-----------------+-----------------+-----------------+------+

2026-04-22 05:34:12,787 
iter: 28236 train loss 0.1974 val loss 0.1493 test loss 0.0521
+performance on training set--------+-----------------+-----------------+-------+
| Rank@1,mIoU@0.3 | Rank@1,mIoU@0.5 | Rank@5,mIoU@0.3 | Rank@5,mIoU@0.5 | mIoU  |
+-----------------+-----------------+-----------------+-----------------+-------+
|      53.90      |      29.67      |      70.05      |      50.98      | 33.22 |
+-----------------+-----------------+-----------------+-----------------+-------+
+performance on validation set------+-----------------+-----------------+------+
| Rank@1,mIoU@0.3 | Rank@1,mIoU@0.5 | Rank@5,mIoU@0.3 | Rank@5,mIoU@0.5 | mIoU |
+-----------------+-----------------+-----------------+-----------------+------+
|       9.06      |       4.69      |      27.50      |      12.81      | 8.01 |
+-----------------+-----------------+-----------------+-----------------+------+
+performance on testing set---------+-----------------+-----------------+------+
| Rank@1,mIoU@0.3 | Rank@1,mIoU@0.5 | Rank@5,mIoU@0.3 | Rank@5,mIoU@0.5 | mIoU |
+-----------------+-----------------+-----------------+-----------------+------+
|       0.00      |       0.00      |       0.00      |       0.00      | 0.00 |
+-----------------+-----------------+-----------------+-----------------+------+

2026-04-22 05:40:29,425 
iter: 28598 train loss 0.1983 val loss 0.1569 test loss 0.0599
+performance on training set--------+-----------------+-----------------+-------+
| Rank@1,mIoU@0.3 | Rank@1,mIoU@0.5 | Rank@5,mIoU@0.3 | Rank@5,mIoU@0.5 | mIoU  |
+-----------------+-----------------+-----------------+-----------------+-------+
|      53.51      |      29.38      |      69.94      |      51.34      | 32.99 |
+-----------------+-----------------+-----------------+-----------------+-------+
+performance on validation set------+-----------------+-----------------+------+
| Rank@1,mIoU@0.3 | Rank@1,mIoU@0.5 | Rank@5,mIoU@0.3 | Rank@5,mIoU@0.5 | mIoU |
+-----------------+-----------------+-----------------+-----------------+------+
|       9.38      |       4.06      |      27.81      |      12.19      | 7.86 |
+-----------------+-----------------+-----------------+-----------------+------+
+performance on testing set---------+-----------------+-----------------+------+
| Rank@1,mIoU@0.3 | Rank@1,mIoU@0.5 | Rank@5,mIoU@0.3 | Rank@5,mIoU@0.5 | mIoU |
+-----------------+-----------------+-----------------+-----------------+------+
|       0.00      |       0.00      |       0.00      |       0.00      | 0.00 |
+-----------------+-----------------+-----------------+-----------------+------+

2026-04-22 05:46:43,148 
iter: 28960 train loss 0.1960 val loss 0.1521 test loss 0.0552
+performance on training set--------+-----------------+-----------------+-------+
| Rank@1,mIoU@0.3 | Rank@1,mIoU@0.5 | Rank@5,mIoU@0.3 | Rank@5,mIoU@0.5 | mIoU  |
+-----------------+-----------------+-----------------+-----------------+-------+
|      54.02      |      30.17      |      70.14      |      51.32      | 33.35 |
+-----------------+-----------------+-----------------+-----------------+-------+
+performance on validation set------+-----------------+-----------------+------+
| Rank@1,mIoU@0.3 | Rank@1,mIoU@0.5 | Rank@5,mIoU@0.3 | Rank@5,mIoU@0.5 | mIoU |
+-----------------+-----------------+-----------------+-----------------+------+
|      10.62      |       5.00      |      27.50      |      12.50      | 8.12 |
+-----------------+-----------------+-----------------+-----------------+------+
+performance on testing set---------+-----------------+-----------------+------+
| Rank@1,mIoU@0.3 | Rank@1,mIoU@0.5 | Rank@5,mIoU@0.3 | Rank@5,mIoU@0.5 | mIoU |
+-----------------+-----------------+-----------------+-----------------+------+
|       0.00      |       0.00      |       0.00      |       0.00      | 0.00 |
+-----------------+-----------------+-----------------+-----------------+------+

2026-04-22 05:53:00,476 
iter: 29322 train loss 0.1969 val loss 0.1532 test loss 0.0580
+performance on training set--------+-----------------+-----------------+-------+
| Rank@1,mIoU@0.3 | Rank@1,mIoU@0.5 | Rank@5,mIoU@0.3 | Rank@5,mIoU@0.5 | mIoU  |
+-----------------+-----------------+-----------------+-----------------+-------+
|      54.39      |      30.03      |      70.46      |      51.19      | 33.52 |
+-----------------+-----------------+-----------------+-----------------+-------+
+performance on validation set------+-----------------+-----------------+------+
| Rank@1,mIoU@0.3 | Rank@1,mIoU@0.5 | Rank@5,mIoU@0.3 | Rank@5,mIoU@0.5 | mIoU |
+-----------------+-----------------+-----------------+-----------------+------+
|       9.69      |       4.69      |      29.69      |      13.12      | 8.08 |
+-----------------+-----------------+-----------------+-----------------+------+
+performance on testing set---------+-----------------+-----------------+------+
| Rank@1,mIoU@0.3 | Rank@1,mIoU@0.5 | Rank@5,mIoU@0.3 | Rank@5,mIoU@0.5 | mIoU |
+-----------------+-----------------+-----------------+-----------------+------+
|       0.00      |       0.00      |       0.00      |       0.00      | 0.00 |
+-----------------+-----------------+-----------------+-----------------+------+

2026-04-22 05:59:17,911 
iter: 29684 train loss 0.1962 val loss 0.1496 test loss 0.0516
+performance on training set--------+-----------------+-----------------+-------+
| Rank@1,mIoU@0.3 | Rank@1,mIoU@0.5 | Rank@5,mIoU@0.3 | Rank@5,mIoU@0.5 | mIoU  |
+-----------------+-----------------+-----------------+-----------------+-------+
|      54.57      |      30.35      |      70.28      |      51.63      | 33.60 |
+-----------------+-----------------+-----------------+-----------------+-------+
+performance on validation set------+-----------------+-----------------+------+
| Rank@1,mIoU@0.3 | Rank@1,mIoU@0.5 | Rank@5,mIoU@0.3 | Rank@5,mIoU@0.5 | mIoU |
+-----------------+-----------------+-----------------+-----------------+------+
|      10.00      |       5.00      |      28.75      |      12.81      | 8.19 |
+-----------------+-----------------+-----------------+-----------------+------+
+performance on testing set---------+-----------------+-----------------+------+
| Rank@1,mIoU@0.3 | Rank@1,mIoU@0.5 | Rank@5,mIoU@0.3 | Rank@5,mIoU@0.5 | mIoU |
+-----------------+-----------------+-----------------+-----------------+------+
|       0.00      |       0.00      |       0.00      |       0.00      | 0.00 |
+-----------------+-----------------+-----------------+-----------------+------+

2026-04-22 06:05:32,969 
iter: 30046 train loss 0.1963 val loss 0.1524 test loss 0.0553
+performance on training set--------+-----------------+-----------------+-------+
| Rank@1,mIoU@0.3 | Rank@1,mIoU@0.5 | Rank@5,mIoU@0.3 | Rank@5,mIoU@0.5 | mIoU  |
+-----------------+-----------------+-----------------+-----------------+-------+
|      54.16      |      29.58      |      70.17      |      51.82      | 33.34 |
+-----------------+-----------------+-----------------+-----------------+-------+
+performance on validation set------+-----------------+-----------------+------+
| Rank@1,mIoU@0.3 | Rank@1,mIoU@0.5 | Rank@5,mIoU@0.3 | Rank@5,mIoU@0.5 | mIoU |
+-----------------+-----------------+-----------------+-----------------+------+
|       9.69      |       4.69      |      28.44      |      12.50      | 8.01 |
+-----------------+-----------------+-----------------+-----------------+------+
+performance on testing set---------+-----------------+-----------------+------+
| Rank@1,mIoU@0.3 | Rank@1,mIoU@0.5 | Rank@5,mIoU@0.3 | Rank@5,mIoU@0.5 | mIoU |
+-----------------+-----------------+-----------------+-----------------+------+
|       0.00      |       0.00      |       0.00      |       0.00      | 0.00 |
+-----------------+-----------------+-----------------+-----------------+------+

2026-04-22 06:11:50,670 
iter: 30408 train loss 0.1948 val loss 0.1594 test loss 0.0627
+performance on training set--------+-----------------+-----------------+-------+
| Rank@1,mIoU@0.3 | Rank@1,mIoU@0.5 | Rank@5,mIoU@0.3 | Rank@5,mIoU@0.5 | mIoU  |
+-----------------+-----------------+-----------------+-----------------+-------+
|      53.59      |      29.33      |      70.09      |      51.64      | 33.14 |
+-----------------+-----------------+-----------------+-----------------+-------+
+performance on validation set------+-----------------+-----------------+------+
| Rank@1,mIoU@0.3 | Rank@1,mIoU@0.5 | Rank@5,mIoU@0.3 | Rank@5,mIoU@0.5 | mIoU |
+-----------------+-----------------+-----------------+-----------------+------+
|      10.31      |       5.00      |      28.44      |      12.50      | 8.68 |
+-----------------+-----------------+-----------------+-----------------+------+
+performance on testing set---------+-----------------+-----------------+------+
| Rank@1,mIoU@0.3 | Rank@1,mIoU@0.5 | Rank@5,mIoU@0.3 | Rank@5,mIoU@0.5 | mIoU |
+-----------------+-----------------+-----------------+-----------------+------+
|       0.00      |       0.00      |       0.00      |       0.00      | 0.00 |
+-----------------+-----------------+-----------------+-----------------+------+

2026-04-22 06:18:07,668 
iter: 30770 train loss 0.1947 val loss 0.1561 test loss 0.0588
+performance on training set--------+-----------------+-----------------+-------+
| Rank@1,mIoU@0.3 | Rank@1,mIoU@0.5 | Rank@5,mIoU@0.3 | Rank@5,mIoU@0.5 | mIoU  |
+-----------------+-----------------+-----------------+-----------------+-------+
|      54.54      |      30.18      |      70.22      |      52.20      | 33.52 |
+-----------------+-----------------+-----------------+-----------------+-------+
+performance on validation set------+-----------------+-----------------+------+
| Rank@1,mIoU@0.3 | Rank@1,mIoU@0.5 | Rank@5,mIoU@0.3 | Rank@5,mIoU@0.5 | mIoU |
+-----------------+-----------------+-----------------+-----------------+------+
|      10.31      |       5.00      |      29.69      |      13.12      | 8.22 |
+-----------------+-----------------+-----------------+-----------------+------+
+performance on testing set---------+-----------------+-----------------+------+
| Rank@1,mIoU@0.3 | Rank@1,mIoU@0.5 | Rank@5,mIoU@0.3 | Rank@5,mIoU@0.5 | mIoU |
+-----------------+-----------------+-----------------+-----------------+------+
|       0.00      |       0.00      |       0.00      |       0.00      | 0.00 |
+-----------------+-----------------+-----------------+-----------------+------+

2026-04-22 06:24:26,953 
iter: 31132 train loss 0.1954 val loss 0.1551 test loss 0.0578
+performance on training set--------+-----------------+-----------------+-------+
| Rank@1,mIoU@0.3 | Rank@1,mIoU@0.5 | Rank@5,mIoU@0.3 | Rank@5,mIoU@0.5 | mIoU  |
+-----------------+-----------------+-----------------+-----------------+-------+
|      54.65      |      29.91      |      70.61      |      52.16      | 33.61 |
+-----------------+-----------------+-----------------+-----------------+-------+
+performance on validation set------+-----------------+-----------------+------+
| Rank@1,mIoU@0.3 | Rank@1,mIoU@0.5 | Rank@5,mIoU@0.3 | Rank@5,mIoU@0.5 | mIoU |
+-----------------+-----------------+-----------------+-----------------+------+
|      10.00      |       5.31      |      29.38      |      12.81      | 8.14 |
+-----------------+-----------------+-----------------+-----------------+------+
+performance on testing set---------+-----------------+-----------------+------+
| Rank@1,mIoU@0.3 | Rank@1,mIoU@0.5 | Rank@5,mIoU@0.3 | Rank@5,mIoU@0.5 | mIoU |
+-----------------+-----------------+-----------------+-----------------+------+
|       0.00      |       0.00      |       0.00      |       0.00      | 0.00 |
+-----------------+-----------------+-----------------+-----------------+------+

2026-04-22 06:30:44,608 
iter: 31494 train loss 0.1955 val loss 0.1621 test loss 0.0663
+performance on training set--------+-----------------+-----------------+-------+
| Rank@1,mIoU@0.3 | Rank@1,mIoU@0.5 | Rank@5,mIoU@0.3 | Rank@5,mIoU@0.5 | mIoU  |
+-----------------+-----------------+-----------------+-----------------+-------+
|      54.41      |      29.91      |      70.49      |      52.02      | 33.47 |
+-----------------+-----------------+-----------------+-----------------+-------+
+performance on validation set------+-----------------+-----------------+------+
| Rank@1,mIoU@0.3 | Rank@1,mIoU@0.5 | Rank@5,mIoU@0.3 | Rank@5,mIoU@0.5 | mIoU |
+-----------------+-----------------+-----------------+-----------------+------+
|      10.94      |       5.00      |      27.50      |      12.50      | 8.35 |
+-----------------+-----------------+-----------------+-----------------+------+
+performance on testing set---------+-----------------+-----------------+------+
| Rank@1,mIoU@0.3 | Rank@1,mIoU@0.5 | Rank@5,mIoU@0.3 | Rank@5,mIoU@0.5 | mIoU |
+-----------------+-----------------+-----------------+-----------------+------+
|       0.00      |       0.00      |       0.00      |       0.00      | 0.00 |
+-----------------+-----------------+-----------------+-----------------+------+

2026-04-22 06:37:00,200 
iter: 31856 train loss 0.1944 val loss 0.1551 test loss 0.0574
+performance on training set--------+-----------------+-----------------+-------+
| Rank@1,mIoU@0.3 | Rank@1,mIoU@0.5 | Rank@5,mIoU@0.3 | Rank@5,mIoU@0.5 | mIoU  |
+-----------------+-----------------+-----------------+-----------------+-------+
|      54.86      |      30.41      |      70.84      |      52.51      | 33.79 |
+-----------------+-----------------+-----------------+-----------------+-------+
+performance on validation set------+-----------------+-----------------+------+
| Rank@1,mIoU@0.3 | Rank@1,mIoU@0.5 | Rank@5,mIoU@0.3 | Rank@5,mIoU@0.5 | mIoU |
+-----------------+-----------------+-----------------+-----------------+------+
|       9.69      |       4.38      |      28.12      |      12.50      | 7.73 |
+-----------------+-----------------+-----------------+-----------------+------+
+performance on testing set---------+-----------------+-----------------+------+
| Rank@1,mIoU@0.3 | Rank@1,mIoU@0.5 | Rank@5,mIoU@0.3 | Rank@5,mIoU@0.5 | mIoU |
+-----------------+-----------------+-----------------+-----------------+------+
|       0.00      |       0.00      |       0.00      |       0.00      | 0.00 |
+-----------------+-----------------+-----------------+-----------------+------+

2026-04-22 06:43:17,679 
iter: 32218 train loss 0.1929 val loss 0.1582 test loss 0.0586
+performance on training set--------+-----------------+-----------------+-------+
| Rank@1,mIoU@0.3 | Rank@1,mIoU@0.5 | Rank@5,mIoU@0.3 | Rank@5,mIoU@0.5 | mIoU  |
+-----------------+-----------------+-----------------+-----------------+-------+
|      54.69      |      29.99      |      70.56      |      52.30      | 33.68 |
+-----------------+-----------------+-----------------+-----------------+-------+
+performance on validation set------+-----------------+-----------------+------+
| Rank@1,mIoU@0.3 | Rank@1,mIoU@0.5 | Rank@5,mIoU@0.3 | Rank@5,mIoU@0.5 | mIoU |
+-----------------+-----------------+-----------------+-----------------+------+
|       9.06      |       4.38      |      28.12      |      11.56      | 7.94 |
+-----------------+-----------------+-----------------+-----------------+------+
+performance on testing set---------+-----------------+-----------------+------+
| Rank@1,mIoU@0.3 | Rank@1,mIoU@0.5 | Rank@5,mIoU@0.3 | Rank@5,mIoU@0.5 | mIoU |
+-----------------+-----------------+-----------------+-----------------+------+
|       0.00      |       0.00      |       0.00      |       0.00      | 0.00 |
+-----------------+-----------------+-----------------+-----------------+------+

2026-04-22 06:49:32,495 
iter: 32580 train loss 0.1937 val loss 0.1559 test loss 0.0581
+performance on training set--------+-----------------+-----------------+-------+
| Rank@1,mIoU@0.3 | Rank@1,mIoU@0.5 | Rank@5,mIoU@0.3 | Rank@5,mIoU@0.5 | mIoU  |
+-----------------+-----------------+-----------------+-----------------+-------+
|      54.73      |      30.34      |      70.77      |      52.64      | 33.76 |
+-----------------+-----------------+-----------------+-----------------+-------+
+performance on validation set------+-----------------+-----------------+------+
| Rank@1,mIoU@0.3 | Rank@1,mIoU@0.5 | Rank@5,mIoU@0.3 | Rank@5,mIoU@0.5 | mIoU |
+-----------------+-----------------+-----------------+-----------------+------+
|       9.69      |       4.69      |      28.44      |      13.44      | 7.94 |
+-----------------+-----------------+-----------------+-----------------+------+
+performance on testing set---------+-----------------+-----------------+------+
| Rank@1,mIoU@0.3 | Rank@1,mIoU@0.5 | Rank@5,mIoU@0.3 | Rank@5,mIoU@0.5 | mIoU |
+-----------------+-----------------+-----------------+-----------------+------+
|       0.00      |       0.00      |       0.00      |       0.00      | 0.00 |
+-----------------+-----------------+-----------------+-----------------+------+

2026-04-22 06:55:50,105 
iter: 32942 train loss 0.1937 val loss 0.1542 test loss 0.0561
+performance on training set--------+-----------------+-----------------+-------+
| Rank@1,mIoU@0.3 | Rank@1,mIoU@0.5 | Rank@5,mIoU@0.3 | Rank@5,mIoU@0.5 | mIoU  |
+-----------------+-----------------+-----------------+-----------------+-------+
|      55.53      |      31.05      |      71.17      |      52.76      | 34.15 |
+-----------------+-----------------+-----------------+-----------------+-------+
+performance on validation set------+-----------------+-----------------+------+
| Rank@1,mIoU@0.3 | Rank@1,mIoU@0.5 | Rank@5,mIoU@0.3 | Rank@5,mIoU@0.5 | mIoU |
+-----------------+-----------------+-----------------+-----------------+------+
|       9.69      |       4.69      |      27.81      |      11.88      | 7.92 |
+-----------------+-----------------+-----------------+-----------------+------+
+performance on testing set---------+-----------------+-----------------+------+
| Rank@1,mIoU@0.3 | Rank@1,mIoU@0.5 | Rank@5,mIoU@0.3 | Rank@5,mIoU@0.5 | mIoU |
+-----------------+-----------------+-----------------+-----------------+------+
|       0.00      |       0.00      |       0.00      |       0.00      | 0.00 |
+-----------------+-----------------+-----------------+-----------------+------+

2026-04-22 07:02:08,291 
iter: 33304 train loss 0.1934 val loss 0.1546 test loss 0.0535
+performance on training set--------+-----------------+-----------------+-------+
| Rank@1,mIoU@0.3 | Rank@1,mIoU@0.5 | Rank@5,mIoU@0.3 | Rank@5,mIoU@0.5 | mIoU  |
+-----------------+-----------------+-----------------+-----------------+-------+
|      55.54      |      30.82      |      71.20      |      52.64      | 34.11 |
+-----------------+-----------------+-----------------+-----------------+-------+
+performance on validation set------+-----------------+-----------------+------+
| Rank@1,mIoU@0.3 | Rank@1,mIoU@0.5 | Rank@5,mIoU@0.3 | Rank@5,mIoU@0.5 | mIoU |
+-----------------+-----------------+-----------------+-----------------+------+
|       9.06      |       4.38      |      28.44      |      11.56      | 7.87 |
+-----------------+-----------------+-----------------+-----------------+------+
+performance on testing set---------+-----------------+-----------------+------+
| Rank@1,mIoU@0.3 | Rank@1,mIoU@0.5 | Rank@5,mIoU@0.3 | Rank@5,mIoU@0.5 | mIoU |
+-----------------+-----------------+-----------------+-----------------+------+
|       0.00      |       0.00      |       0.00      |       0.00      | 0.00 |
+-----------------+-----------------+-----------------+-----------------+------+

2026-04-22 07:08:25,264 
iter: 33666 train loss 0.1926 val loss 0.1544 test loss 0.0554
+performance on training set--------+-----------------+-----------------+-------+
| Rank@1,mIoU@0.3 | Rank@1,mIoU@0.5 | Rank@5,mIoU@0.3 | Rank@5,mIoU@0.5 | mIoU  |
+-----------------+-----------------+-----------------+-----------------+-------+
|      55.48      |      30.90      |      71.15      |      52.77      | 34.14 |
+-----------------+-----------------+-----------------+-----------------+-------+
+performance on validation set------+-----------------+-----------------+------+
| Rank@1,mIoU@0.3 | Rank@1,mIoU@0.5 | Rank@5,mIoU@0.3 | Rank@5,mIoU@0.5 | mIoU |
+-----------------+-----------------+-----------------+-----------------+------+
|      10.62      |       4.69      |      28.12      |      11.56      | 8.26 |
+-----------------+-----------------+-----------------+-----------------+------+
+performance on testing set---------+-----------------+-----------------+------+
| Rank@1,mIoU@0.3 | Rank@1,mIoU@0.5 | Rank@5,mIoU@0.3 | Rank@5,mIoU@0.5 | mIoU |
+-----------------+-----------------+-----------------+-----------------+------+
|       0.00      |       0.00      |       0.00      |       0.00      | 0.00 |
+-----------------+-----------------+-----------------+-----------------+------+

2026-04-22 07:14:44,660 
iter: 34028 train loss 0.1921 val loss 0.1536 test loss 0.0534
+performance on training set--------+-----------------+-----------------+-------+
| Rank@1,mIoU@0.3 | Rank@1,mIoU@0.5 | Rank@5,mIoU@0.3 | Rank@5,mIoU@0.5 | mIoU  |
+-----------------+-----------------+-----------------+-----------------+-------+
|      55.04      |      30.55      |      71.07      |      52.58      | 33.94 |
+-----------------+-----------------+-----------------+-----------------+-------+
+performance on validation set------+-----------------+-----------------+------+
| Rank@1,mIoU@0.3 | Rank@1,mIoU@0.5 | Rank@5,mIoU@0.3 | Rank@5,mIoU@0.5 | mIoU |
+-----------------+-----------------+-----------------+-----------------+------+
|      10.31      |       5.00      |      30.94      |      12.19      | 7.81 |
+-----------------+-----------------+-----------------+-----------------+------+
+performance on testing set---------+-----------------+-----------------+------+
| Rank@1,mIoU@0.3 | Rank@1,mIoU@0.5 | Rank@5,mIoU@0.3 | Rank@5,mIoU@0.5 | mIoU |
+-----------------+-----------------+-----------------+-----------------+------+
|       0.00      |       0.00      |       0.00      |       0.00      | 0.00 |
+-----------------+-----------------+-----------------+-----------------+------+

2026-04-22 07:20:58,781 
iter: 34390 train loss 0.1921 val loss 0.1569 test loss 0.0584
+performance on training set--------+-----------------+-----------------+-------+
| Rank@1,mIoU@0.3 | Rank@1,mIoU@0.5 | Rank@5,mIoU@0.3 | Rank@5,mIoU@0.5 | mIoU  |
+-----------------+-----------------+-----------------+-----------------+-------+
|      55.50      |      30.85      |      71.35      |      53.00      | 34.11 |
+-----------------+-----------------+-----------------+-----------------+-------+
+performance on validation set------+-----------------+-----------------+------+
| Rank@1,mIoU@0.3 | Rank@1,mIoU@0.5 | Rank@5,mIoU@0.3 | Rank@5,mIoU@0.5 | mIoU |
+-----------------+-----------------+-----------------+-----------------+------+
|       9.38      |       4.69      |      28.44      |      12.50      | 7.72 |
+-----------------+-----------------+-----------------+-----------------+------+
+performance on testing set---------+-----------------+-----------------+------+
| Rank@1,mIoU@0.3 | Rank@1,mIoU@0.5 | Rank@5,mIoU@0.3 | Rank@5,mIoU@0.5 | mIoU |
+-----------------+-----------------+-----------------+-----------------+------+
|       0.00      |       0.00      |       0.00      |       0.00      | 0.00 |
+-----------------+-----------------+-----------------+-----------------+------+

2026-04-22 07:27:16,147 
iter: 34752 train loss 0.1919 val loss 0.1588 test loss 0.0579
+performance on training set--------+-----------------+-----------------+-------+
| Rank@1,mIoU@0.3 | Rank@1,mIoU@0.5 | Rank@5,mIoU@0.3 | Rank@5,mIoU@0.5 | mIoU  |
+-----------------+-----------------+-----------------+-----------------+-------+
|      55.17      |      30.26      |      71.27      |      52.94      | 33.98 |
+-----------------+-----------------+-----------------+-----------------+-------+
+performance on validation set------+-----------------+-----------------+------+
| Rank@1,mIoU@0.3 | Rank@1,mIoU@0.5 | Rank@5,mIoU@0.3 | Rank@5,mIoU@0.5 | mIoU |
+-----------------+-----------------+-----------------+-----------------+------+
|       9.38      |       4.38      |      27.81      |      11.56      | 7.82 |
+-----------------+-----------------+-----------------+-----------------+------+
+performance on testing set---------+-----------------+-----------------+------+
| Rank@1,mIoU@0.3 | Rank@1,mIoU@0.5 | Rank@5,mIoU@0.3 | Rank@5,mIoU@0.5 | mIoU |
+-----------------+-----------------+-----------------+-----------------+------+
|       0.00      |       0.00      |       0.00      |       0.00      | 0.00 |
+-----------------+-----------------+-----------------+-----------------+------+

2026-04-22 07:33:31,882 
iter: 35114 train loss 0.1935 val loss 0.1576 test loss 0.0576
+performance on training set--------+-----------------+-----------------+-------+
| Rank@1,mIoU@0.3 | Rank@1,mIoU@0.5 | Rank@5,mIoU@0.3 | Rank@5,mIoU@0.5 | mIoU  |
+-----------------+-----------------+-----------------+-----------------+-------+
|      55.12      |      30.40      |      71.15      |      52.76      | 34.00 |
+-----------------+-----------------+-----------------+-----------------+-------+
+performance on validation set------+-----------------+-----------------+------+
| Rank@1,mIoU@0.3 | Rank@1,mIoU@0.5 | Rank@5,mIoU@0.3 | Rank@5,mIoU@0.5 | mIoU |
+-----------------+-----------------+-----------------+-----------------+------+
|       8.44      |       3.75      |      28.12      |      12.50      | 7.44 |
+-----------------+-----------------+-----------------+-----------------+------+
+performance on testing set---------+-----------------+-----------------+------+
| Rank@1,mIoU@0.3 | Rank@1,mIoU@0.5 | Rank@5,mIoU@0.3 | Rank@5,mIoU@0.5 | mIoU |
+-----------------+-----------------+-----------------+-----------------+------+
|       0.00      |       0.00      |       0.00      |       0.00      | 0.00 |
+-----------------+-----------------+-----------------+-----------------+------+

2026-04-22 07:39:48,500 
iter: 35476 train loss 0.1913 val loss 0.1594 test loss 0.0586
+performance on training set--------+-----------------+-----------------+-------+
| Rank@1,mIoU@0.3 | Rank@1,mIoU@0.5 | Rank@5,mIoU@0.3 | Rank@5,mIoU@0.5 | mIoU  |
+-----------------+-----------------+-----------------+-----------------+-------+
|      55.24      |      30.70      |      71.37      |      53.14      | 34.08 |
+-----------------+-----------------+-----------------+-----------------+-------+
+performance on validation set------+-----------------+-----------------+------+
| Rank@1,mIoU@0.3 | Rank@1,mIoU@0.5 | Rank@5,mIoU@0.3 | Rank@5,mIoU@0.5 | mIoU |
+-----------------+-----------------+-----------------+-----------------+------+
|       9.38      |       4.38      |      26.88      |      10.94      | 8.13 |
+-----------------+-----------------+-----------------+-----------------+------+
+performance on testing set---------+-----------------+-----------------+------+
| Rank@1,mIoU@0.3 | Rank@1,mIoU@0.5 | Rank@5,mIoU@0.3 | Rank@5,mIoU@0.5 | mIoU |
+-----------------+-----------------+-----------------+-----------------+------+
|       0.00      |       0.00      |       0.00      |       0.00      | 0.00 |
+-----------------+-----------------+-----------------+-----------------+------+

2026-04-22 07:46:05,711 
iter: 35838 train loss 0.1901 val loss 0.1572 test loss 0.0573
+performance on training set--------+-----------------+-----------------+-------+
| Rank@1,mIoU@0.3 | Rank@1,mIoU@0.5 | Rank@5,mIoU@0.3 | Rank@5,mIoU@0.5 | mIoU  |
+-----------------+-----------------+-----------------+-----------------+-------+
|      55.80      |      31.02      |      71.65      |      53.50      | 34.37 |
+-----------------+-----------------+-----------------+-----------------+-------+
+performance on validation set------+-----------------+-----------------+------+
| Rank@1,mIoU@0.3 | Rank@1,mIoU@0.5 | Rank@5,mIoU@0.3 | Rank@5,mIoU@0.5 | mIoU |
+-----------------+-----------------+-----------------+-----------------+------+
|      10.00      |       4.69      |      27.81      |      12.50      | 7.85 |
+-----------------+-----------------+-----------------+-----------------+------+
+performance on testing set---------+-----------------+-----------------+------+
| Rank@1,mIoU@0.3 | Rank@1,mIoU@0.5 | Rank@5,mIoU@0.3 | Rank@5,mIoU@0.5 | mIoU |
+-----------------+-----------------+-----------------+-----------------+------+
|       0.00      |       0.00      |       0.00      |       0.00      | 0.00 |
+-----------------+-----------------+-----------------+-----------------+------+

2026-04-22 07:52:19,842 
iter: 36200 train loss 0.1907 val loss 0.1609 test loss 0.0620
+performance on training set--------+-----------------+-----------------+-------+
| Rank@1,mIoU@0.3 | Rank@1,mIoU@0.5 | Rank@5,mIoU@0.3 | Rank@5,mIoU@0.5 | mIoU  |
+-----------------+-----------------+-----------------+-----------------+-------+
|      55.50      |      30.83      |      71.47      |      53.29      | 34.20 |
+-----------------+-----------------+-----------------+-----------------+-------+
+performance on validation set------+-----------------+-----------------+------+
| Rank@1,mIoU@0.3 | Rank@1,mIoU@0.5 | Rank@5,mIoU@0.3 | Rank@5,mIoU@0.5 | mIoU |
+-----------------+-----------------+-----------------+-----------------+------+
|       9.38      |       4.06      |      26.88      |      12.19      | 7.87 |
+-----------------+-----------------+-----------------+-----------------+------+
+performance on testing set---------+-----------------+-----------------+------+
| Rank@1,mIoU@0.3 | Rank@1,mIoU@0.5 | Rank@5,mIoU@0.3 | Rank@5,mIoU@0.5 | mIoU |
+-----------------+-----------------+-----------------+-----------------+------+
|       0.00      |       0.00      |       0.00      |       0.00      | 0.00 |
+-----------------+-----------------+-----------------+-----------------+------+

2026-04-22 07:58:37,953 
iter: 36562 train loss 0.1916 val loss 0.1569 test loss 0.0569
+performance on training set--------+-----------------+-----------------+-------+
| Rank@1,mIoU@0.3 | Rank@1,mIoU@0.5 | Rank@5,mIoU@0.3 | Rank@5,mIoU@0.5 | mIoU  |
+-----------------+-----------------+-----------------+-----------------+-------+
|      55.68      |      30.97      |      71.77      |      53.41      | 34.31 |
+-----------------+-----------------+-----------------+-----------------+-------+
+performance on validation set------+-----------------+-----------------+------+
| Rank@1,mIoU@0.3 | Rank@1,mIoU@0.5 | Rank@5,mIoU@0.3 | Rank@5,mIoU@0.5 | mIoU |
+-----------------+-----------------+-----------------+-----------------+------+
|      10.31      |       5.31      |      28.75      |      13.44      | 8.29 |
+-----------------+-----------------+-----------------+-----------------+------+
+performance on testing set---------+-----------------+-----------------+------+
| Rank@1,mIoU@0.3 | Rank@1,mIoU@0.5 | Rank@5,mIoU@0.3 | Rank@5,mIoU@0.5 | mIoU |
+-----------------+-----------------+-----------------+-----------------+------+
|       0.00      |       0.00      |       0.00      |       0.00      | 0.00 |
+-----------------+-----------------+-----------------+-----------------+------+

2026-04-22 08:04:55,615 
iter: 36924 train loss 0.1909 val loss 0.1616 test loss 0.0620
+performance on training set--------+-----------------+-----------------+-------+
| Rank@1,mIoU@0.3 | Rank@1,mIoU@0.5 | Rank@5,mIoU@0.3 | Rank@5,mIoU@0.5 | mIoU  |
+-----------------+-----------------+-----------------+-----------------+-------+
|      55.44      |      30.86      |      71.45      |      53.38      | 34.22 |
+-----------------+-----------------+-----------------+-----------------+-------+
+performance on validation set------+-----------------+-----------------+------+
| Rank@1,mIoU@0.3 | Rank@1,mIoU@0.5 | Rank@5,mIoU@0.3 | Rank@5,mIoU@0.5 | mIoU |
+-----------------+-----------------+-----------------+-----------------+------+
|       9.38      |       4.38      |      26.56      |      13.12      | 7.99 |
+-----------------+-----------------+-----------------+-----------------+------+
+performance on testing set---------+-----------------+-----------------+------+
| Rank@1,mIoU@0.3 | Rank@1,mIoU@0.5 | Rank@5,mIoU@0.3 | Rank@5,mIoU@0.5 | mIoU |
+-----------------+-----------------+-----------------+-----------------+------+
|       0.00      |       0.00      |       0.00      |       0.00      | 0.00 |
+-----------------+-----------------+-----------------+-----------------+------+

2026-04-22 08:11:10,565 
iter: 37286 train loss 0.1906 val loss 0.1538 test loss 0.0534
+performance on training set--------+-----------------+-----------------+-------+
| Rank@1,mIoU@0.3 | Rank@1,mIoU@0.5 | Rank@5,mIoU@0.3 | Rank@5,mIoU@0.5 | mIoU  |
+-----------------+-----------------+-----------------+-----------------+-------+
|      56.30      |      31.70      |      71.89      |      53.50      | 34.66 |
+-----------------+-----------------+-----------------+-----------------+-------+
+performance on validation set------+-----------------+-----------------+------+
| Rank@1,mIoU@0.3 | Rank@1,mIoU@0.5 | Rank@5,mIoU@0.3 | Rank@5,mIoU@0.5 | mIoU |
+-----------------+-----------------+-----------------+-----------------+------+
|      10.00      |       4.38      |      27.19      |      11.88      | 8.01 |
+-----------------+-----------------+-----------------+-----------------+------+
+performance on testing set---------+-----------------+-----------------+------+
| Rank@1,mIoU@0.3 | Rank@1,mIoU@0.5 | Rank@5,mIoU@0.3 | Rank@5,mIoU@0.5 | mIoU |
+-----------------+-----------------+-----------------+-----------------+------+
|       0.00      |       0.00      |       0.00      |       0.00      | 0.00 |
+-----------------+-----------------+-----------------+-----------------+------+

2026-04-22 08:17:27,660 
iter: 37648 train loss 0.1898 val loss 0.1583 test loss 0.0578
+performance on training set--------+-----------------+-----------------+-------+
| Rank@1,mIoU@0.3 | Rank@1,mIoU@0.5 | Rank@5,mIoU@0.3 | Rank@5,mIoU@0.5 | mIoU  |
+-----------------+-----------------+-----------------+-----------------+-------+
|      55.81      |      30.86      |      71.71      |      53.51      | 34.37 |
+-----------------+-----------------+-----------------+-----------------+-------+
+performance on validation set------+-----------------+-----------------+------+
| Rank@1,mIoU@0.3 | Rank@1,mIoU@0.5 | Rank@5,mIoU@0.3 | Rank@5,mIoU@0.5 | mIoU |
+-----------------+-----------------+-----------------+-----------------+------+
|      10.62      |       4.69      |      27.81      |      12.50      | 8.26 |
+-----------------+-----------------+-----------------+-----------------+------+
+performance on testing set---------+-----------------+-----------------+------+
| Rank@1,mIoU@0.3 | Rank@1,mIoU@0.5 | Rank@5,mIoU@0.3 | Rank@5,mIoU@0.5 | mIoU |
+-----------------+-----------------+-----------------+-----------------+------+
|       0.00      |       0.00      |       0.00      |       0.00      | 0.00 |
+-----------------+-----------------+-----------------+-----------------+------+

2026-04-22 08:23:45,048 
iter: 38010 train loss 0.1902 val loss 0.1570 test loss 0.0552
+performance on training set--------+-----------------+-----------------+-------+
| Rank@1,mIoU@0.3 | Rank@1,mIoU@0.5 | Rank@5,mIoU@0.3 | Rank@5,mIoU@0.5 | mIoU  |
+-----------------+-----------------+-----------------+-----------------+-------+
|      56.24      |      31.52      |      71.92      |      53.82      | 34.63 |
+-----------------+-----------------+-----------------+-----------------+-------+
+performance on validation set------+-----------------+-----------------+------+
| Rank@1,mIoU@0.3 | Rank@1,mIoU@0.5 | Rank@5,mIoU@0.3 | Rank@5,mIoU@0.5 | mIoU |
+-----------------+-----------------+-----------------+-----------------+------+
|      10.31      |       4.06      |      26.88      |      12.50      | 7.96 |
+-----------------+-----------------+-----------------+-----------------+------+
+performance on testing set---------+-----------------+-----------------+------+
| Rank@1,mIoU@0.3 | Rank@1,mIoU@0.5 | Rank@5,mIoU@0.3 | Rank@5,mIoU@0.5 | mIoU |
+-----------------+-----------------+-----------------+-----------------+------+
|       0.00      |       0.00      |       0.00      |       0.00      | 0.00 |
+-----------------+-----------------+-----------------+-----------------+------+

2026-04-22 08:30:01,609 
iter: 38372 train loss 0.1904 val loss 0.1566 test loss 0.0540
+performance on training set--------+-----------------+-----------------+-------+
| Rank@1,mIoU@0.3 | Rank@1,mIoU@0.5 | Rank@5,mIoU@0.3 | Rank@5,mIoU@0.5 | mIoU  |
+-----------------+-----------------+-----------------+-----------------+-------+
|      55.93      |      31.41      |      71.84      |      53.61      | 34.52 |
+-----------------+-----------------+-----------------+-----------------+-------+
+performance on validation set------+-----------------+-----------------+------+
| Rank@1,mIoU@0.3 | Rank@1,mIoU@0.5 | Rank@5,mIoU@0.3 | Rank@5,mIoU@0.5 | mIoU |
+-----------------+-----------------+-----------------+-----------------+------+
|      10.62      |       4.38      |      27.50      |      12.50      | 8.46 |
+-----------------+-----------------+-----------------+-----------------+------+
+performance on testing set---------+-----------------+-----------------+------+
| Rank@1,mIoU@0.3 | Rank@1,mIoU@0.5 | Rank@5,mIoU@0.3 | Rank@5,mIoU@0.5 | mIoU |
+-----------------+-----------------+-----------------+-----------------+------+
|       0.00      |       0.00      |       0.00      |       0.00      | 0.00 |
+-----------------+-----------------+-----------------+-----------------+------+

2026-04-22 08:36:17,101 
iter: 38734 train loss 0.1891 val loss 0.1594 test loss 0.0584
+performance on training set--------+-----------------+-----------------+-------+
| Rank@1,mIoU@0.3 | Rank@1,mIoU@0.5 | Rank@5,mIoU@0.3 | Rank@5,mIoU@0.5 | mIoU  |
+-----------------+-----------------+-----------------+-----------------+-------+
|      56.16      |      31.40      |      71.88      |      53.74      | 34.60 |
+-----------------+-----------------+-----------------+-----------------+-------+
+performance on validation set------+-----------------+-----------------+------+
| Rank@1,mIoU@0.3 | Rank@1,mIoU@0.5 | Rank@5,mIoU@0.3 | Rank@5,mIoU@0.5 | mIoU |
+-----------------+-----------------+-----------------+-----------------+------+
|       9.69      |       4.38      |      26.56      |      11.88      | 8.28 |
+-----------------+-----------------+-----------------+-----------------+------+
+performance on testing set---------+-----------------+-----------------+------+
| Rank@1,mIoU@0.3 | Rank@1,mIoU@0.5 | Rank@5,mIoU@0.3 | Rank@5,mIoU@0.5 | mIoU |
+-----------------+-----------------+-----------------+-----------------+------+
|       0.00      |       0.00      |       0.00      |       0.00      | 0.00 |
+-----------------+-----------------+-----------------+-----------------+------+

2026-04-22 08:42:32,783 
iter: 39096 train loss 0.1890 val loss 0.1589 test loss 0.0586
+performance on training set--------+-----------------+-----------------+-------+
| Rank@1,mIoU@0.3 | Rank@1,mIoU@0.5 | Rank@5,mIoU@0.3 | Rank@5,mIoU@0.5 | mIoU  |
+-----------------+-----------------+-----------------+-----------------+-------+
|      56.24      |      31.54      |      72.07      |      53.80      | 34.63 |
+-----------------+-----------------+-----------------+-----------------+-------+
+performance on validation set------+-----------------+-----------------+------+
| Rank@1,mIoU@0.3 | Rank@1,mIoU@0.5 | Rank@5,mIoU@0.3 | Rank@5,mIoU@0.5 | mIoU |
+-----------------+-----------------+-----------------+-----------------+------+
|       9.38      |       4.38      |      26.25      |      12.50      | 8.15 |
+-----------------+-----------------+-----------------+-----------------+------+
+performance on testing set---------+-----------------+-----------------+------+
| Rank@1,mIoU@0.3 | Rank@1,mIoU@0.5 | Rank@5,mIoU@0.3 | Rank@5,mIoU@0.5 | mIoU |
+-----------------+-----------------+-----------------+-----------------+------+
|       0.00      |       0.00      |       0.00      |       0.00      | 0.00 |
+-----------------+-----------------+-----------------+-----------------+------+

2026-04-22 08:48:51,204 
iter: 39458 train loss 0.1899 val loss 0.1574 test loss 0.0559
+performance on training set--------+-----------------+-----------------+-------+
| Rank@1,mIoU@0.3 | Rank@1,mIoU@0.5 | Rank@5,mIoU@0.3 | Rank@5,mIoU@0.5 | mIoU  |
+-----------------+-----------------+-----------------+-----------------+-------+
|      56.36      |      31.64      |      71.96      |      53.83      | 34.72 |
+-----------------+-----------------+-----------------+-----------------+-------+
+performance on validation set------+-----------------+-----------------+------+
| Rank@1,mIoU@0.3 | Rank@1,mIoU@0.5 | Rank@5,mIoU@0.3 | Rank@5,mIoU@0.5 | mIoU |
+-----------------+-----------------+-----------------+-----------------+------+
|      10.94      |       4.38      |      26.88      |      12.50      | 8.32 |
+-----------------+-----------------+-----------------+-----------------+------+
+performance on testing set---------+-----------------+-----------------+------+
| Rank@1,mIoU@0.3 | Rank@1,mIoU@0.5 | Rank@5,mIoU@0.3 | Rank@5,mIoU@0.5 | mIoU |
+-----------------+-----------------+-----------------+-----------------+------+
|       0.00      |       0.00      |       0.00      |       0.00      | 0.00 |
+-----------------+-----------------+-----------------+-----------------+------+

2026-04-22 08:55:08,080 
iter: 39820 train loss 0.1894 val loss 0.1598 test loss 0.0606
+performance on training set--------+-----------------+-----------------+-------+
| Rank@1,mIoU@0.3 | Rank@1,mIoU@0.5 | Rank@5,mIoU@0.3 | Rank@5,mIoU@0.5 | mIoU  |
+-----------------+-----------------+-----------------+-----------------+-------+
|      56.05      |      31.25      |      72.02      |      53.91      | 34.53 |
+-----------------+-----------------+-----------------+-----------------+-------+
+performance on validation set------+-----------------+-----------------+------+
| Rank@1,mIoU@0.3 | Rank@1,mIoU@0.5 | Rank@5,mIoU@0.3 | Rank@5,mIoU@0.5 | mIoU |
+-----------------+-----------------+-----------------+-----------------+------+
|      10.00      |       4.69      |      26.56      |      12.19      | 8.42 |
+-----------------+-----------------+-----------------+-----------------+------+
+performance on testing set---------+-----------------+-----------------+------+
| Rank@1,mIoU@0.3 | Rank@1,mIoU@0.5 | Rank@5,mIoU@0.3 | Rank@5,mIoU@0.5 | mIoU |
+-----------------+-----------------+-----------------+-----------------+------+
|       0.00      |       0.00      |       0.00      |       0.00      | 0.00 |
+-----------------+-----------------+-----------------+-----------------+------+

2026-04-22 09:01:26,920 
iter: 40182 train loss 0.1885 val loss 0.1608 test loss 0.0597
+performance on training set--------+-----------------+-----------------+-------+
| Rank@1,mIoU@0.3 | Rank@1,mIoU@0.5 | Rank@5,mIoU@0.3 | Rank@5,mIoU@0.5 | mIoU  |
+-----------------+-----------------+-----------------+-----------------+-------+
|      56.01      |      31.34      |      71.89      |      53.89      | 34.59 |
+-----------------+-----------------+-----------------+-----------------+-------+
+performance on validation set------+-----------------+-----------------+------+
| Rank@1,mIoU@0.3 | Rank@1,mIoU@0.5 | Rank@5,mIoU@0.3 | Rank@5,mIoU@0.5 | mIoU |
+-----------------+-----------------+-----------------+-----------------+------+
|      10.00      |       4.38      |      26.25      |      12.50      | 8.35 |
+-----------------+-----------------+-----------------+-----------------+------+
+performance on testing set---------+-----------------+-----------------+------+
| Rank@1,mIoU@0.3 | Rank@1,mIoU@0.5 | Rank@5,mIoU@0.3 | Rank@5,mIoU@0.5 | mIoU |
+-----------------+-----------------+-----------------+-----------------+------+
|       0.00      |       0.00      |       0.00      |       0.00      | 0.00 |
+-----------------+-----------------+-----------------+-----------------+------+

2026-04-22 09:07:43,019 
iter: 40544 train loss 0.1871 val loss 0.1577 test loss 0.0559
+performance on training set--------+-----------------+-----------------+-------+
| Rank@1,mIoU@0.3 | Rank@1,mIoU@0.5 | Rank@5,mIoU@0.3 | Rank@5,mIoU@0.5 | mIoU  |
+-----------------+-----------------+-----------------+-----------------+-------+
|      56.42      |      31.77      |      72.08      |      54.37      | 34.83 |
+-----------------+-----------------+-----------------+-----------------+-------+
+performance on validation set------+-----------------+-----------------+------+
| Rank@1,mIoU@0.3 | Rank@1,mIoU@0.5 | Rank@5,mIoU@0.3 | Rank@5,mIoU@0.5 | mIoU |
+-----------------+-----------------+-----------------+-----------------+------+
|       9.38      |       4.69      |      25.94      |      12.81      | 8.26 |
+-----------------+-----------------+-----------------+-----------------+------+
+performance on testing set---------+-----------------+-----------------+------+
| Rank@1,mIoU@0.3 | Rank@1,mIoU@0.5 | Rank@5,mIoU@0.3 | Rank@5,mIoU@0.5 | mIoU |
+-----------------+-----------------+-----------------+-----------------+------+
|       0.00      |       0.00      |       0.00      |       0.00      | 0.00 |
+-----------------+-----------------+-----------------+-----------------+------+

2026-04-22 09:13:58,244 
iter: 40906 train loss 0.1898 val loss 0.1573 test loss 0.0557
+performance on training set--------+-----------------+-----------------+-------+
| Rank@1,mIoU@0.3 | Rank@1,mIoU@0.5 | Rank@5,mIoU@0.3 | Rank@5,mIoU@0.5 | mIoU  |
+-----------------+-----------------+-----------------+-----------------+-------+
|      56.30      |      31.65      |      72.16      |      53.97      | 34.76 |
+-----------------+-----------------+-----------------+-----------------+-------+
+performance on validation set------+-----------------+-----------------+------+
| Rank@1,mIoU@0.3 | Rank@1,mIoU@0.5 | Rank@5,mIoU@0.3 | Rank@5,mIoU@0.5 | mIoU |
+-----------------+-----------------+-----------------+-----------------+------+
|      10.94      |       5.00      |      27.19      |      13.75      | 8.44 |
+-----------------+-----------------+-----------------+-----------------+------+
+performance on testing set---------+-----------------+-----------------+------+
| Rank@1,mIoU@0.3 | Rank@1,mIoU@0.5 | Rank@5,mIoU@0.3 | Rank@5,mIoU@0.5 | mIoU |
+-----------------+-----------------+-----------------+-----------------+------+
|       0.00      |       0.00      |       0.00      |       0.00      | 0.00 |
+-----------------+-----------------+-----------------+-----------------+------+

2026-04-22 09:20:13,263 
iter: 41268 train loss 0.1891 val loss 0.1594 test loss 0.0568
+performance on training set--------+-----------------+-----------------+-------+
| Rank@1,mIoU@0.3 | Rank@1,mIoU@0.5 | Rank@5,mIoU@0.3 | Rank@5,mIoU@0.5 | mIoU  |
+-----------------+-----------------+-----------------+-----------------+-------+
|      56.17      |      31.37      |      72.13      |      54.13      | 34.69 |
+-----------------+-----------------+-----------------+-----------------+-------+
+performance on validation set------+-----------------+-----------------+------+
| Rank@1,mIoU@0.3 | Rank@1,mIoU@0.5 | Rank@5,mIoU@0.3 | Rank@5,mIoU@0.5 | mIoU |
+-----------------+-----------------+-----------------+-----------------+------+
|      10.94      |       5.00      |      25.94      |      12.81      | 8.76 |
+-----------------+-----------------+-----------------+-----------------+------+
+performance on testing set---------+-----------------+-----------------+------+
| Rank@1,mIoU@0.3 | Rank@1,mIoU@0.5 | Rank@5,mIoU@0.3 | Rank@5,mIoU@0.5 | mIoU |
+-----------------+-----------------+-----------------+-----------------+------+
|       0.00      |       0.00      |       0.00      |       0.00      | 0.00 |
+-----------------+-----------------+-----------------+-----------------+------+

2026-04-22 09:26:32,717 
iter: 41630 train loss 0.1879 val loss 0.1601 test loss 0.0579
+performance on training set--------+-----------------+-----------------+-------+
| Rank@1,mIoU@0.3 | Rank@1,mIoU@0.5 | Rank@5,mIoU@0.3 | Rank@5,mIoU@0.5 | mIoU  |
+-----------------+-----------------+-----------------+-----------------+-------+
|      56.12      |      31.52      |      72.24      |      54.19      | 34.70 |
+-----------------+-----------------+-----------------+-----------------+-------+
+performance on validation set------+-----------------+-----------------+------+
| Rank@1,mIoU@0.3 | Rank@1,mIoU@0.5 | Rank@5,mIoU@0.3 | Rank@5,mIoU@0.5 | mIoU |
+-----------------+-----------------+-----------------+-----------------+------+
|      10.31      |       4.69      |      26.56      |      12.19      | 8.51 |
+-----------------+-----------------+-----------------+-----------------+------+
+performance on testing set---------+-----------------+-----------------+------+
| Rank@1,mIoU@0.3 | Rank@1,mIoU@0.5 | Rank@5,mIoU@0.3 | Rank@5,mIoU@0.5 | mIoU |
+-----------------+-----------------+-----------------+-----------------+------+
|       0.00      |       0.00      |       0.00      |       0.00      | 0.00 |
+-----------------+-----------------+-----------------+-----------------+------+

2026-04-22 09:32:47,736 
iter: 41992 train loss 0.1881 val loss 0.1570 test loss 0.0548
+performance on training set--------+-----------------+-----------------+-------+
| Rank@1,mIoU@0.3 | Rank@1,mIoU@0.5 | Rank@5,mIoU@0.3 | Rank@5,mIoU@0.5 | mIoU  |
+-----------------+-----------------+-----------------+-----------------+-------+
|      56.95      |      32.29      |      72.25      |      54.29      | 35.07 |
+-----------------+-----------------+-----------------+-----------------+-------+
+performance on validation set------+-----------------+-----------------+------+
| Rank@1,mIoU@0.3 | Rank@1,mIoU@0.5 | Rank@5,mIoU@0.3 | Rank@5,mIoU@0.5 | mIoU |
+-----------------+-----------------+-----------------+-----------------+------+
|       9.38      |       4.38      |      26.56      |      13.44      | 8.23 |
+-----------------+-----------------+-----------------+-----------------+------+
+performance on testing set---------+-----------------+-----------------+------+
| Rank@1,mIoU@0.3 | Rank@1,mIoU@0.5 | Rank@5,mIoU@0.3 | Rank@5,mIoU@0.5 | mIoU |
+-----------------+-----------------+-----------------+-----------------+------+
|       0.00      |       0.00      |       0.00      |       0.00      | 0.00 |
+-----------------+-----------------+-----------------+-----------------+------+

2026-04-22 09:39:05,276 
iter: 42354 train loss 0.1876 val loss 0.1609 test loss 0.0609
+performance on training set--------+-----------------+-----------------+-------+
| Rank@1,mIoU@0.3 | Rank@1,mIoU@0.5 | Rank@5,mIoU@0.3 | Rank@5,mIoU@0.5 | mIoU  |
+-----------------+-----------------+-----------------+-----------------+-------+
|      56.59      |      31.68      |      72.26      |      54.41      | 34.89 |
+-----------------+-----------------+-----------------+-----------------+-------+
+performance on validation set------+-----------------+-----------------+------+
| Rank@1,mIoU@0.3 | Rank@1,mIoU@0.5 | Rank@5,mIoU@0.3 | Rank@5,mIoU@0.5 | mIoU |
+-----------------+-----------------+-----------------+-----------------+------+
|      10.94      |       4.38      |      26.56      |      12.50      | 8.50 |
+-----------------+-----------------+-----------------+-----------------+------+
+performance on testing set---------+-----------------+-----------------+------+
| Rank@1,mIoU@0.3 | Rank@1,mIoU@0.5 | Rank@5,mIoU@0.3 | Rank@5,mIoU@0.5 | mIoU |
+-----------------+-----------------+-----------------+-----------------+------+
|       0.00      |       0.00      |       0.00      |       0.00      | 0.00 |
+-----------------+-----------------+-----------------+-----------------+------+

2026-04-22 09:45:22,814 
iter: 42716 train loss 0.1867 val loss 0.1635 test loss 0.0628
+performance on training set--------+-----------------+-----------------+-------+
| Rank@1,mIoU@0.3 | Rank@1,mIoU@0.5 | Rank@5,mIoU@0.3 | Rank@5,mIoU@0.5 | mIoU  |
+-----------------+-----------------+-----------------+-----------------+-------+
|      56.14      |      31.37      |      72.06      |      54.56      | 34.62 |
+-----------------+-----------------+-----------------+-----------------+-------+
+performance on validation set------+-----------------+-----------------+------+
| Rank@1,mIoU@0.3 | Rank@1,mIoU@0.5 | Rank@5,mIoU@0.3 | Rank@5,mIoU@0.5 | mIoU |
+-----------------+-----------------+-----------------+-----------------+------+
|      10.31      |       3.75      |      25.62      |      12.81      | 7.98 |
+-----------------+-----------------+-----------------+-----------------+------+
+performance on testing set---------+-----------------+-----------------+------+
| Rank@1,mIoU@0.3 | Rank@1,mIoU@0.5 | Rank@5,mIoU@0.3 | Rank@5,mIoU@0.5 | mIoU |
+-----------------+-----------------+-----------------+-----------------+------+
|       0.00      |       0.00      |       0.00      |       0.00      | 0.00 |
+-----------------+-----------------+-----------------+-----------------+------+

2026-04-22 09:51:37,974 
iter: 43078 train loss 0.1884 val loss 0.1572 test loss 0.0553
+performance on training set--------+-----------------+-----------------+-------+
| Rank@1,mIoU@0.3 | Rank@1,mIoU@0.5 | Rank@5,mIoU@0.3 | Rank@5,mIoU@0.5 | mIoU  |
+-----------------+-----------------+-----------------+-----------------+-------+
|      56.83      |      32.17      |      72.39      |      54.50      | 35.03 |
+-----------------+-----------------+-----------------+-----------------+-------+
+performance on validation set------+-----------------+-----------------+------+
| Rank@1,mIoU@0.3 | Rank@1,mIoU@0.5 | Rank@5,mIoU@0.3 | Rank@5,mIoU@0.5 | mIoU |
+-----------------+-----------------+-----------------+-----------------+------+
|      10.62      |       5.00      |      27.19      |      13.12      | 8.27 |
+-----------------+-----------------+-----------------+-----------------+------+
+performance on testing set---------+-----------------+-----------------+------+
| Rank@1,mIoU@0.3 | Rank@1,mIoU@0.5 | Rank@5,mIoU@0.3 | Rank@5,mIoU@0.5 | mIoU |
+-----------------+-----------------+-----------------+-----------------+------+
|       0.00      |       0.00      |       0.00      |       0.00      | 0.00 |
+-----------------+-----------------+-----------------+-----------------+------+

2026-04-22 09:57:55,683 
iter: 43440 train loss 0.1876 val loss 0.1606 test loss 0.0599
+performance on training set--------+-----------------+-----------------+-------+
| Rank@1,mIoU@0.3 | Rank@1,mIoU@0.5 | Rank@5,mIoU@0.3 | Rank@5,mIoU@0.5 | mIoU  |
+-----------------+-----------------+-----------------+-----------------+-------+
|      56.55      |      31.94      |      72.11      |      54.64      | 34.91 |
+-----------------+-----------------+-----------------+-----------------+-------+
+performance on validation set------+-----------------+-----------------+------+
| Rank@1,mIoU@0.3 | Rank@1,mIoU@0.5 | Rank@5,mIoU@0.3 | Rank@5,mIoU@0.5 | mIoU |
+-----------------+-----------------+-----------------+-----------------+------+
|      10.94      |       4.69      |      27.19      |      12.81      | 8.59 |
+-----------------+-----------------+-----------------+-----------------+------+
+performance on testing set---------+-----------------+-----------------+------+
| Rank@1,mIoU@0.3 | Rank@1,mIoU@0.5 | Rank@5,mIoU@0.3 | Rank@5,mIoU@0.5 | mIoU |
+-----------------+-----------------+-----------------+-----------------+------+
|       0.00      |       0.00      |       0.00      |       0.00      | 0.00 |
+-----------------+-----------------+-----------------+-----------------+------+

2026-04-22 10:04:13,847 
iter: 43802 train loss 0.1879 val loss 0.1623 test loss 0.0606
+performance on training set--------+-----------------+-----------------+-------+
| Rank@1,mIoU@0.3 | Rank@1,mIoU@0.5 | Rank@5,mIoU@0.3 | Rank@5,mIoU@0.5 | mIoU  |
+-----------------+-----------------+-----------------+-----------------+-------+
|      56.44      |      31.80      |      71.93      |      54.82      | 34.89 |
+-----------------+-----------------+-----------------+-----------------+-------+
+performance on validation set------+-----------------+-----------------+------+
| Rank@1,mIoU@0.3 | Rank@1,mIoU@0.5 | Rank@5,mIoU@0.3 | Rank@5,mIoU@0.5 | mIoU |
+-----------------+-----------------+-----------------+-----------------+------+
|      10.62      |       4.38      |      27.19      |      13.12      | 8.38 |
+-----------------+-----------------+-----------------+-----------------+------+
+performance on testing set---------+-----------------+-----------------+------+
| Rank@1,mIoU@0.3 | Rank@1,mIoU@0.5 | Rank@5,mIoU@0.3 | Rank@5,mIoU@0.5 | mIoU |
+-----------------+-----------------+-----------------+-----------------+------+
|       0.00      |       0.00      |       0.00      |       0.00      | 0.00 |
+-----------------+-----------------+-----------------+-----------------+------+

2026-04-22 10:10:33,288 
iter: 44164 train loss 0.1870 val loss 0.1583 test loss 0.0558
+performance on training set--------+-----------------+-----------------+-------+
| Rank@1,mIoU@0.3 | Rank@1,mIoU@0.5 | Rank@5,mIoU@0.3 | Rank@5,mIoU@0.5 | mIoU  |
+-----------------+-----------------+-----------------+-----------------+-------+
|      56.96      |      32.20      |      72.58      |      54.78      | 35.09 |
+-----------------+-----------------+-----------------+-----------------+-------+
+performance on validation set------+-----------------+-----------------+------+
| Rank@1,mIoU@0.3 | Rank@1,mIoU@0.5 | Rank@5,mIoU@0.3 | Rank@5,mIoU@0.5 | mIoU |
+-----------------+-----------------+-----------------+-----------------+------+
|      10.94      |       5.00      |      25.94      |      14.06      | 8.72 |
+-----------------+-----------------+-----------------+-----------------+------+
+performance on testing set---------+-----------------+-----------------+------+
| Rank@1,mIoU@0.3 | Rank@1,mIoU@0.5 | Rank@5,mIoU@0.3 | Rank@5,mIoU@0.5 | mIoU |
+-----------------+-----------------+-----------------+-----------------+------+
|       0.00      |       0.00      |       0.00      |       0.00      | 0.00 |
+-----------------+-----------------+-----------------+-----------------+------+

2026-04-22 10:16:52,021 
iter: 44526 train loss 0.1876 val loss 0.1637 test loss 0.0630
+performance on training set--------+-----------------+-----------------+-------+
| Rank@1,mIoU@0.3 | Rank@1,mIoU@0.5 | Rank@5,mIoU@0.3 | Rank@5,mIoU@0.5 | mIoU  |
+-----------------+-----------------+-----------------+-----------------+-------+
|      56.37      |      31.61      |      72.38      |      54.88      | 34.81 |
+-----------------+-----------------+-----------------+-----------------+-------+
+performance on validation set------+-----------------+-----------------+------+
| Rank@1,mIoU@0.3 | Rank@1,mIoU@0.5 | Rank@5,mIoU@0.3 | Rank@5,mIoU@0.5 | mIoU |
+-----------------+-----------------+-----------------+-----------------+------+
|      10.62      |       3.75      |      25.94      |      12.19      | 8.30 |
+-----------------+-----------------+-----------------+-----------------+------+
+performance on testing set---------+-----------------+-----------------+------+
| Rank@1,mIoU@0.3 | Rank@1,mIoU@0.5 | Rank@5,mIoU@0.3 | Rank@5,mIoU@0.5 | mIoU |
+-----------------+-----------------+-----------------+-----------------+------+
|       0.00      |       0.00      |       0.00      |       0.00      | 0.00 |
+-----------------+-----------------+-----------------+-----------------+------+

2026-04-22 10:23:07,465 
iter: 44888 train loss 0.1865 val loss 0.1595 test loss 0.0576
+performance on training set--------+-----------------+-----------------+-------+
| Rank@1,mIoU@0.3 | Rank@1,mIoU@0.5 | Rank@5,mIoU@0.3 | Rank@5,mIoU@0.5 | mIoU  |
+-----------------+-----------------+-----------------+-----------------+-------+
|      56.71      |      32.02      |      72.47      |      54.81      | 35.03 |
+-----------------+-----------------+-----------------+-----------------+-------+
+performance on validation set------+-----------------+-----------------+------+
| Rank@1,mIoU@0.3 | Rank@1,mIoU@0.5 | Rank@5,mIoU@0.3 | Rank@5,mIoU@0.5 | mIoU |
+-----------------+-----------------+-----------------+-----------------+------+
|      10.62      |       4.38      |      28.12      |      13.44      | 8.13 |
+-----------------+-----------------+-----------------+-----------------+------+
+performance on testing set---------+-----------------+-----------------+------+
| Rank@1,mIoU@0.3 | Rank@1,mIoU@0.5 | Rank@5,mIoU@0.3 | Rank@5,mIoU@0.5 | mIoU |
+-----------------+-----------------+-----------------+-----------------+------+
|       0.00      |       0.00      |       0.00      |       0.00      | 0.00 |
+-----------------+-----------------+-----------------+-----------------+------+

2026-04-22 10:29:25,361 
iter: 45250 train loss 0.1872 val loss 0.1587 test loss 0.0552
+performance on training set--------+-----------------+-----------------+-------+
| Rank@1,mIoU@0.3 | Rank@1,mIoU@0.5 | Rank@5,mIoU@0.3 | Rank@5,mIoU@0.5 | mIoU  |
+-----------------+-----------------+-----------------+-----------------+-------+
|      56.99      |      32.32      |      72.55      |      54.70      | 35.16 |
+-----------------+-----------------+-----------------+-----------------+-------+
+performance on validation set------+-----------------+-----------------+------+
| Rank@1,mIoU@0.3 | Rank@1,mIoU@0.5 | Rank@5,mIoU@0.3 | Rank@5,mIoU@0.5 | mIoU |
+-----------------+-----------------+-----------------+-----------------+------+
|      10.62      |       5.00      |      26.88      |      13.44      | 8.56 |
+-----------------+-----------------+-----------------+-----------------+------+
+performance on testing set---------+-----------------+-----------------+------+
| Rank@1,mIoU@0.3 | Rank@1,mIoU@0.5 | Rank@5,mIoU@0.3 | Rank@5,mIoU@0.5 | mIoU |
+-----------------+-----------------+-----------------+-----------------+------+
|       0.00      |       0.00      |       0.00      |       0.00      | 0.00 |
+-----------------+-----------------+-----------------+-----------------+------+

2026-04-22 10:35:40,350 
iter: 45612 train loss 0.1869 val loss 0.1573 test loss 0.0541
+performance on training set--------+-----------------+-----------------+-------+
| Rank@1,mIoU@0.3 | Rank@1,mIoU@0.5 | Rank@5,mIoU@0.3 | Rank@5,mIoU@0.5 | mIoU  |
+-----------------+-----------------+-----------------+-----------------+-------+
|      57.11      |      32.55      |      72.53      |      54.80      | 35.24 |
+-----------------+-----------------+-----------------+-----------------+-------+
+performance on validation set------+-----------------+-----------------+------+
| Rank@1,mIoU@0.3 | Rank@1,mIoU@0.5 | Rank@5,mIoU@0.3 | Rank@5,mIoU@0.5 | mIoU |
+-----------------+-----------------+-----------------+-----------------+------+
|      10.62      |       4.38      |      27.19      |      12.81      | 8.14 |
+-----------------+-----------------+-----------------+-----------------+------+
+performance on testing set---------+-----------------+-----------------+------+
| Rank@1,mIoU@0.3 | Rank@1,mIoU@0.5 | Rank@5,mIoU@0.3 | Rank@5,mIoU@0.5 | mIoU |
+-----------------+-----------------+-----------------+-----------------+------+
|       0.00      |       0.00      |       0.00      |       0.00      | 0.00 |
+-----------------+-----------------+-----------------+-----------------+------+

2026-04-22 10:41:57,308 
iter: 45974 train loss 0.1860 val loss 0.1588 test loss 0.0561
+performance on training set--------+-----------------+-----------------+-------+
| Rank@1,mIoU@0.3 | Rank@1,mIoU@0.5 | Rank@5,mIoU@0.3 | Rank@5,mIoU@0.5 | mIoU  |
+-----------------+-----------------+-----------------+-----------------+-------+
|      57.20      |      32.45      |      72.49      |      54.89      | 35.26 |
+-----------------+-----------------+-----------------+-----------------+-------+
+performance on validation set------+-----------------+-----------------+------+
| Rank@1,mIoU@0.3 | Rank@1,mIoU@0.5 | Rank@5,mIoU@0.3 | Rank@5,mIoU@0.5 | mIoU |
+-----------------+-----------------+-----------------+-----------------+------+
|       9.38      |       3.75      |      26.56      |      13.44      | 7.57 |
+-----------------+-----------------+-----------------+-----------------+------+
+performance on testing set---------+-----------------+-----------------+------+
| Rank@1,mIoU@0.3 | Rank@1,mIoU@0.5 | Rank@5,mIoU@0.3 | Rank@5,mIoU@0.5 | mIoU |
+-----------------+-----------------+-----------------+-----------------+------+
|       0.00      |       0.00      |       0.00      |       0.00      | 0.00 |
+-----------------+-----------------+-----------------+-----------------+------+

2026-04-22 10:48:13,028 
iter: 46336 train loss 0.1875 val loss 0.1629 test loss 0.0623
+performance on training set--------+-----------------+-----------------+-------+
| Rank@1,mIoU@0.3 | Rank@1,mIoU@0.5 | Rank@5,mIoU@0.3 | Rank@5,mIoU@0.5 | mIoU  |
+-----------------+-----------------+-----------------+-----------------+-------+
|      57.11      |      32.43      |      72.45      |      54.97      | 35.21 |
+-----------------+-----------------+-----------------+-----------------+-------+
+performance on validation set------+-----------------+-----------------+------+
| Rank@1,mIoU@0.3 | Rank@1,mIoU@0.5 | Rank@5,mIoU@0.3 | Rank@5,mIoU@0.5 | mIoU |
+-----------------+-----------------+-----------------+-----------------+------+
|      10.62      |       4.38      |      26.88      |      13.12      | 8.21 |
+-----------------+-----------------+-----------------+-----------------+------+
+performance on testing set---------+-----------------+-----------------+------+
| Rank@1,mIoU@0.3 | Rank@1,mIoU@0.5 | Rank@5,mIoU@0.3 | Rank@5,mIoU@0.5 | mIoU |
+-----------------+-----------------+-----------------+-----------------+------+
|       0.00      |       0.00      |       0.00      |       0.00      | 0.00 |
+-----------------+-----------------+-----------------+-----------------+------+

2026-04-22 10:54:31,234 
iter: 46698 train loss 0.1865 val loss 0.1625 test loss 0.0613
+performance on training set--------+-----------------+-----------------+-------+
| Rank@1,mIoU@0.3 | Rank@1,mIoU@0.5 | Rank@5,mIoU@0.3 | Rank@5,mIoU@0.5 | mIoU  |
+-----------------+-----------------+-----------------+-----------------+-------+
|      57.02      |      32.23      |      72.55      |      54.84      | 35.17 |
+-----------------+-----------------+-----------------+-----------------+-------+
+performance on validation set------+-----------------+-----------------+------+
| Rank@1,mIoU@0.3 | Rank@1,mIoU@0.5 | Rank@5,mIoU@0.3 | Rank@5,mIoU@0.5 | mIoU |
+-----------------+-----------------+-----------------+-----------------+------+
|      10.31      |       3.75      |      25.94      |      13.12      | 7.89 |
+-----------------+-----------------+-----------------+-----------------+------+
+performance on testing set---------+-----------------+-----------------+------+
| Rank@1,mIoU@0.3 | Rank@1,mIoU@0.5 | Rank@5,mIoU@0.3 | Rank@5,mIoU@0.5 | mIoU |
+-----------------+-----------------+-----------------+-----------------+------+
|       0.00      |       0.00      |       0.00      |       0.00      | 0.00 |
+-----------------+-----------------+-----------------+-----------------+------+

2026-04-22 11:00:52,332 
iter: 47060 train loss 0.1857 val loss 0.1607 test loss 0.0583
+performance on training set--------+-----------------+-----------------+-------+
| Rank@1,mIoU@0.3 | Rank@1,mIoU@0.5 | Rank@5,mIoU@0.3 | Rank@5,mIoU@0.5 | mIoU  |
+-----------------+-----------------+-----------------+-----------------+-------+
|      57.05      |      32.24      |      72.52      |      54.95      | 35.18 |
+-----------------+-----------------+-----------------+-----------------+-------+
+performance on validation set------+-----------------+-----------------+------+
| Rank@1,mIoU@0.3 | Rank@1,mIoU@0.5 | Rank@5,mIoU@0.3 | Rank@5,mIoU@0.5 | mIoU |
+-----------------+-----------------+-----------------+-----------------+------+
|      10.62      |       4.06      |      25.62      |      12.19      | 8.09 |
+-----------------+-----------------+-----------------+-----------------+------+
+performance on testing set---------+-----------------+-----------------+------+
| Rank@1,mIoU@0.3 | Rank@1,mIoU@0.5 | Rank@5,mIoU@0.3 | Rank@5,mIoU@0.5 | mIoU |
+-----------------+-----------------+-----------------+-----------------+------+
|       0.00      |       0.00      |       0.00      |       0.00      | 0.00 |
+-----------------+-----------------+-----------------+-----------------+------+

2026-04-22 11:07:09,608 
iter: 47422 train loss 0.1870 val loss 0.1622 test loss 0.0602
+performance on training set--------+-----------------+-----------------+-------+
| Rank@1,mIoU@0.3 | Rank@1,mIoU@0.5 | Rank@5,mIoU@0.3 | Rank@5,mIoU@0.5 | mIoU  |
+-----------------+-----------------+-----------------+-----------------+-------+
|      56.97      |      32.04      |      72.39      |      55.09      | 35.17 |
+-----------------+-----------------+-----------------+-----------------+-------+
+performance on validation set------+-----------------+-----------------+------+
| Rank@1,mIoU@0.3 | Rank@1,mIoU@0.5 | Rank@5,mIoU@0.3 | Rank@5,mIoU@0.5 | mIoU |
+-----------------+-----------------+-----------------+-----------------+------+
|      10.31      |       3.75      |      26.25      |      12.81      | 7.72 |
+-----------------+-----------------+-----------------+-----------------+------+
+performance on testing set---------+-----------------+-----------------+------+
| Rank@1,mIoU@0.3 | Rank@1,mIoU@0.5 | Rank@5,mIoU@0.3 | Rank@5,mIoU@0.5 | mIoU |
+-----------------+-----------------+-----------------+-----------------+------+
|       0.00      |       0.00      |       0.00      |       0.00      | 0.00 |
+-----------------+-----------------+-----------------+-----------------+------+

2026-04-22 11:13:27,433 
iter: 47784 train loss 0.1843 val loss 0.1635 test loss 0.0626
+performance on training set--------+-----------------+-----------------+-------+
| Rank@1,mIoU@0.3 | Rank@1,mIoU@0.5 | Rank@5,mIoU@0.3 | Rank@5,mIoU@0.5 | mIoU  |
+-----------------+-----------------+-----------------+-----------------+-------+
|      57.24      |      31.91      |      72.56      |      55.17      | 35.19 |
+-----------------+-----------------+-----------------+-----------------+-------+
+performance on validation set------+-----------------+-----------------+------+
| Rank@1,mIoU@0.3 | Rank@1,mIoU@0.5 | Rank@5,mIoU@0.3 | Rank@5,mIoU@0.5 | mIoU |
+-----------------+-----------------+-----------------+-----------------+------+
|      11.56      |       4.06      |      27.81      |      13.75      | 8.35 |
+-----------------+-----------------+-----------------+-----------------+------+
+performance on testing set---------+-----------------+-----------------+------+
| Rank@1,mIoU@0.3 | Rank@1,mIoU@0.5 | Rank@5,mIoU@0.3 | Rank@5,mIoU@0.5 | mIoU |
+-----------------+-----------------+-----------------+-----------------+------+
|       0.00      |       0.00      |       0.00      |       0.00      | 0.00 |
+-----------------+-----------------+-----------------+-----------------+------+

2026-04-22 11:19:45,845 
iter: 48146 train loss 0.1879 val loss 0.1603 test loss 0.0574
+performance on training set--------+-----------------+-----------------+-------+
| Rank@1,mIoU@0.3 | Rank@1,mIoU@0.5 | Rank@5,mIoU@0.3 | Rank@5,mIoU@0.5 | mIoU  |
+-----------------+-----------------+-----------------+-----------------+-------+
|      57.26      |      32.28      |      72.45      |      54.96      | 35.30 |
+-----------------+-----------------+-----------------+-----------------+-------+
+performance on validation set------+-----------------+-----------------+------+
| Rank@1,mIoU@0.3 | Rank@1,mIoU@0.5 | Rank@5,mIoU@0.3 | Rank@5,mIoU@0.5 | mIoU |
+-----------------+-----------------+-----------------+-----------------+------+
|      10.00      |       3.75      |      25.62      |      12.19      | 7.78 |
+-----------------+-----------------+-----------------+-----------------+------+
+performance on testing set---------+-----------------+-----------------+------+
| Rank@1,mIoU@0.3 | Rank@1,mIoU@0.5 | Rank@5,mIoU@0.3 | Rank@5,mIoU@0.5 | mIoU |
+-----------------+-----------------+-----------------+-----------------+------+
|       0.00      |       0.00      |       0.00      |       0.00      | 0.00 |
+-----------------+-----------------+-----------------+-----------------+------+

2026-04-22 11:26:01,971 
iter: 48508 train loss 0.1846 val loss 0.1612 test loss 0.0585
+performance on training set--------+-----------------+-----------------+-------+
| Rank@1,mIoU@0.3 | Rank@1,mIoU@0.5 | Rank@5,mIoU@0.3 | Rank@5,mIoU@0.5 | mIoU  |
+-----------------+-----------------+-----------------+-----------------+-------+
|      57.21      |      32.37      |      72.62      |      55.00      | 35.31 |
+-----------------+-----------------+-----------------+-----------------+-------+
+performance on validation set------+-----------------+-----------------+------+
| Rank@1,mIoU@0.3 | Rank@1,mIoU@0.5 | Rank@5,mIoU@0.3 | Rank@5,mIoU@0.5 | mIoU |
+-----------------+-----------------+-----------------+-----------------+------+
|      10.00      |       3.75      |      26.56      |      13.75      | 7.80 |
+-----------------+-----------------+-----------------+-----------------+------+
+performance on testing set---------+-----------------+-----------------+------+
| Rank@1,mIoU@0.3 | Rank@1,mIoU@0.5 | Rank@5,mIoU@0.3 | Rank@5,mIoU@0.5 | mIoU |
+-----------------+-----------------+-----------------+-----------------+------+
|       0.00      |       0.00      |       0.00      |       0.00      | 0.00 |
+-----------------+-----------------+-----------------+-----------------+------+

2026-04-22 11:32:21,943 
iter: 48870 train loss 0.1863 val loss 0.1624 test loss 0.0603
+performance on training set--------+-----------------+-----------------+-------+
| Rank@1,mIoU@0.3 | Rank@1,mIoU@0.5 | Rank@5,mIoU@0.3 | Rank@5,mIoU@0.5 | mIoU  |
+-----------------+-----------------+-----------------+-----------------+-------+
|      57.06      |      32.27      |      72.45      |      54.98      | 35.24 |
+-----------------+-----------------+-----------------+-----------------+-------+
+performance on validation set------+-----------------+-----------------+------+
| Rank@1,mIoU@0.3 | Rank@1,mIoU@0.5 | Rank@5,mIoU@0.3 | Rank@5,mIoU@0.5 | mIoU |
+-----------------+-----------------+-----------------+-----------------+------+
|      10.00      |       3.75      |      26.88      |      13.44      | 7.82 |
+-----------------+-----------------+-----------------+-----------------+------+
+performance on testing set---------+-----------------+-----------------+------+
| Rank@1,mIoU@0.3 | Rank@1,mIoU@0.5 | Rank@5,mIoU@0.3 | Rank@5,mIoU@0.5 | mIoU |
+-----------------+-----------------+-----------------+-----------------+------+
|       0.00      |       0.00      |       0.00      |       0.00      | 0.00 |
+-----------------+-----------------+-----------------+-----------------+------+

2026-04-22 11:38:38,136 
iter: 49232 train loss 0.1851 val loss 0.1609 test loss 0.0577
+performance on training set--------+-----------------+-----------------+-------+
| Rank@1,mIoU@0.3 | Rank@1,mIoU@0.5 | Rank@5,mIoU@0.3 | Rank@5,mIoU@0.5 | mIoU  |
+-----------------+-----------------+-----------------+-----------------+-------+
|      57.35      |      32.39      |      72.64      |      55.24      | 35.37 |
+-----------------+-----------------+-----------------+-----------------+-------+
+performance on validation set------+-----------------+-----------------+------+
| Rank@1,mIoU@0.3 | Rank@1,mIoU@0.5 | Rank@5,mIoU@0.3 | Rank@5,mIoU@0.5 | mIoU |
+-----------------+-----------------+-----------------+-----------------+------+
|      10.31      |       3.75      |      26.25      |      12.81      | 7.99 |
+-----------------+-----------------+-----------------+-----------------+------+
+performance on testing set---------+-----------------+-----------------+------+
| Rank@1,mIoU@0.3 | Rank@1,mIoU@0.5 | Rank@5,mIoU@0.3 | Rank@5,mIoU@0.5 | mIoU |
+-----------------+-----------------+-----------------+-----------------+------+
|       0.00      |       0.00      |       0.00      |       0.00      | 0.00 |
+-----------------+-----------------+-----------------+-----------------+------+

2026-04-22 11:44:55,774 
iter: 49594 train loss 0.1863 val loss 0.1570 test loss 0.0531
+performance on training set--------+-----------------+-----------------+-------+
| Rank@1,mIoU@0.3 | Rank@1,mIoU@0.5 | Rank@5,mIoU@0.3 | Rank@5,mIoU@0.5 | mIoU  |
+-----------------+-----------------+-----------------+-----------------+-------+
|      57.45      |      32.87      |      72.71      |      55.20      | 35.51 |
+-----------------+-----------------+-----------------+-----------------+-------+
+performance on validation set------+-----------------+-----------------+------+
| Rank@1,mIoU@0.3 | Rank@1,mIoU@0.5 | Rank@5,mIoU@0.3 | Rank@5,mIoU@0.5 | mIoU |
+-----------------+-----------------+-----------------+-----------------+------+
|      10.00      |       4.38      |      26.56      |      13.75      | 7.63 |
+-----------------+-----------------+-----------------+-----------------+------+
+performance on testing set---------+-----------------+-----------------+------+
| Rank@1,mIoU@0.3 | Rank@1,mIoU@0.5 | Rank@5,mIoU@0.3 | Rank@5,mIoU@0.5 | mIoU |
+-----------------+-----------------+-----------------+-----------------+------+
|       0.00      |       0.00      |       0.00      |       0.00      | 0.00 |
+-----------------+-----------------+-----------------+-----------------+------+

2026-04-22 11:51:13,186 
iter: 49956 train loss 0.1849 val loss 0.1634 test loss 0.0617
+performance on training set--------+-----------------+-----------------+-------+
| Rank@1,mIoU@0.3 | Rank@1,mIoU@0.5 | Rank@5,mIoU@0.3 | Rank@5,mIoU@0.5 | mIoU  |
+-----------------+-----------------+-----------------+-----------------+-------+
|      57.22      |      32.28      |      72.61      |      55.29      | 35.26 |
+-----------------+-----------------+-----------------+-----------------+-------+
+performance on validation set------+-----------------+-----------------+------+
| Rank@1,mIoU@0.3 | Rank@1,mIoU@0.5 | Rank@5,mIoU@0.3 | Rank@5,mIoU@0.5 | mIoU |
+-----------------+-----------------+-----------------+-----------------+------+
|      10.62      |       4.06      |      27.19      |      13.12      | 8.16 |
+-----------------+-----------------+-----------------+-----------------+------+
+performance on testing set---------+-----------------+-----------------+------+
| Rank@1,mIoU@0.3 | Rank@1,mIoU@0.5 | Rank@5,mIoU@0.3 | Rank@5,mIoU@0.5 | mIoU |
+-----------------+-----------------+-----------------+-----------------+------+
|       0.00      |       0.00      |       0.00      |       0.00      | 0.00 |
+-----------------+-----------------+-----------------+-----------------+------+

2026-04-22 11:57:27,879 
iter: 50318 train loss 0.1865 val loss 0.1620 test loss 0.0585
+performance on training set--------+-----------------+-----------------+-------+
| Rank@1,mIoU@0.3 | Rank@1,mIoU@0.5 | Rank@5,mIoU@0.3 | Rank@5,mIoU@0.5 | mIoU  |
+-----------------+-----------------+-----------------+-----------------+-------+
|      57.15      |      32.31      |      72.56      |      55.34      | 35.29 |
+-----------------+-----------------+-----------------+-----------------+-------+
+performance on validation set------+-----------------+-----------------+------+
| Rank@1,mIoU@0.3 | Rank@1,mIoU@0.5 | Rank@5,mIoU@0.3 | Rank@5,mIoU@0.5 | mIoU |
+-----------------+-----------------+-----------------+-----------------+------+
|      10.00      |       3.75      |      27.19      |      13.44      | 7.74 |
+-----------------+-----------------+-----------------+-----------------+------+
+performance on testing set---------+-----------------+-----------------+------+
| Rank@1,mIoU@0.3 | Rank@1,mIoU@0.5 | Rank@5,mIoU@0.3 | Rank@5,mIoU@0.5 | mIoU |
+-----------------+-----------------+-----------------+-----------------+------+
|       0.00      |       0.00      |       0.00      |       0.00      | 0.00 |
+-----------------+-----------------+-----------------+-----------------+------+

2026-04-22 12:03:44,134 
iter: 50680 train loss 0.1849 val loss 0.1599 test loss 0.0584
+performance on training set--------+-----------------+-----------------+-------+
| Rank@1,mIoU@0.3 | Rank@1,mIoU@0.5 | Rank@5,mIoU@0.3 | Rank@5,mIoU@0.5 | mIoU  |
+-----------------+-----------------+-----------------+-----------------+-------+
|      57.36      |      32.56      |      72.76      |      55.28      | 35.37 |
+-----------------+-----------------+-----------------+-----------------+-------+
+performance on validation set------+-----------------+-----------------+------+
| Rank@1,mIoU@0.3 | Rank@1,mIoU@0.5 | Rank@5,mIoU@0.3 | Rank@5,mIoU@0.5 | mIoU |
+-----------------+-----------------+-----------------+-----------------+------+
|      10.62      |       3.75      |      26.56      |      13.44      | 7.78 |
+-----------------+-----------------+-----------------+-----------------+------+
+performance on testing set---------+-----------------+-----------------+------+
| Rank@1,mIoU@0.3 | Rank@1,mIoU@0.5 | Rank@5,mIoU@0.3 | Rank@5,mIoU@0.5 | mIoU |
+-----------------+-----------------+-----------------+-----------------+------+
|       0.00      |       0.00      |       0.00      |       0.00      | 0.00 |
+-----------------+-----------------+-----------------+-----------------+------+

2026-04-22 12:10:03,218 
iter: 51042 train loss 0.1857 val loss 0.1630 test loss 0.0594
+performance on training set--------+-----------------+-----------------+-------+
| Rank@1,mIoU@0.3 | Rank@1,mIoU@0.5 | Rank@5,mIoU@0.3 | Rank@5,mIoU@0.5 | mIoU  |
+-----------------+-----------------+-----------------+-----------------+-------+
|      57.17      |      32.27      |      72.64      |      55.44      | 35.28 |
+-----------------+-----------------+-----------------+-----------------+-------+
+performance on validation set------+-----------------+-----------------+------+
| Rank@1,mIoU@0.3 | Rank@1,mIoU@0.5 | Rank@5,mIoU@0.3 | Rank@5,mIoU@0.5 | mIoU |
+-----------------+-----------------+-----------------+-----------------+------+
|       9.38      |       3.44      |      27.19      |      12.81      | 7.64 |
+-----------------+-----------------+-----------------+-----------------+------+
+performance on testing set---------+-----------------+-----------------+------+
| Rank@1,mIoU@0.3 | Rank@1,mIoU@0.5 | Rank@5,mIoU@0.3 | Rank@5,mIoU@0.5 | mIoU |
+-----------------+-----------------+-----------------+-----------------+------+
|       0.00      |       0.00      |       0.00      |       0.00      | 0.00 |
+-----------------+-----------------+-----------------+-----------------+------+

2026-04-22 12:16:20,761 
iter: 51404 train loss 0.1857 val loss 0.1635 test loss 0.0613
+performance on training set--------+-----------------+-----------------+-------+
| Rank@1,mIoU@0.3 | Rank@1,mIoU@0.5 | Rank@5,mIoU@0.3 | Rank@5,mIoU@0.5 | mIoU  |
+-----------------+-----------------+-----------------+-----------------+-------+
|      57.12      |      32.29      |      72.64      |      55.37      | 35.25 |
+-----------------+-----------------+-----------------+-----------------+-------+
+performance on validation set------+-----------------+-----------------+------+
| Rank@1,mIoU@0.3 | Rank@1,mIoU@0.5 | Rank@5,mIoU@0.3 | Rank@5,mIoU@0.5 | mIoU |
+-----------------+-----------------+-----------------+-----------------+------+
|      10.00      |       4.06      |      27.19      |      13.75      | 8.23 |
+-----------------+-----------------+-----------------+-----------------+------+
+performance on testing set---------+-----------------+-----------------+------+
| Rank@1,mIoU@0.3 | Rank@1,mIoU@0.5 | Rank@5,mIoU@0.3 | Rank@5,mIoU@0.5 | mIoU |
+-----------------+-----------------+-----------------+-----------------+------+
|       0.00      |       0.00      |       0.00      |       0.00      | 0.00 |
+-----------------+-----------------+-----------------+-----------------+------+

2026-04-22 12:22:39,300 
iter: 51766 train loss 0.1850 val loss 0.1628 test loss 0.0600
+performance on training set--------+-----------------+-----------------+-------+
| Rank@1,mIoU@0.3 | Rank@1,mIoU@0.5 | Rank@5,mIoU@0.3 | Rank@5,mIoU@0.5 | mIoU  |
+-----------------+-----------------+-----------------+-----------------+-------+
|      57.55      |      32.75      |      72.61      |      55.54      | 35.46 |
+-----------------+-----------------+-----------------+-----------------+-------+
+performance on validation set------+-----------------+-----------------+------+
| Rank@1,mIoU@0.3 | Rank@1,mIoU@0.5 | Rank@5,mIoU@0.3 | Rank@5,mIoU@0.5 | mIoU |
+-----------------+-----------------+-----------------+-----------------+------+
|      10.31      |       3.44      |      25.62      |      13.12      | 7.74 |
+-----------------+-----------------+-----------------+-----------------+------+
+performance on testing set---------+-----------------+-----------------+------+
| Rank@1,mIoU@0.3 | Rank@1,mIoU@0.5 | Rank@5,mIoU@0.3 | Rank@5,mIoU@0.5 | mIoU |
+-----------------+-----------------+-----------------+-----------------+------+
|       0.00      |       0.00      |       0.00      |       0.00      | 0.00 |
+-----------------+-----------------+-----------------+-----------------+------+

2026-04-22 12:28:54,787 
iter: 52128 train loss 0.1854 val loss 0.1603 test loss 0.0574
+performance on training set--------+-----------------+-----------------+-------+
| Rank@1,mIoU@0.3 | Rank@1,mIoU@0.5 | Rank@5,mIoU@0.3 | Rank@5,mIoU@0.5 | mIoU  |
+-----------------+-----------------+-----------------+-----------------+-------+
|      57.37      |      32.52      |      72.58      |      55.62      | 35.37 |
+-----------------+-----------------+-----------------+-----------------+-------+
+performance on validation set------+-----------------+-----------------+------+
| Rank@1,mIoU@0.3 | Rank@1,mIoU@0.5 | Rank@5,mIoU@0.3 | Rank@5,mIoU@0.5 | mIoU |
+-----------------+-----------------+-----------------+-----------------+------+
|       9.69      |       4.06      |      25.62      |      13.12      | 7.83 |
+-----------------+-----------------+-----------------+-----------------+------+
+performance on testing set---------+-----------------+-----------------+------+
| Rank@1,mIoU@0.3 | Rank@1,mIoU@0.5 | Rank@5,mIoU@0.3 | Rank@5,mIoU@0.5 | mIoU |
+-----------------+-----------------+-----------------+-----------------+------+
|       0.00      |       0.00      |       0.00      |       0.00      | 0.00 |
+-----------------+-----------------+-----------------+-----------------+------+

2026-04-22 12:35:11,598 
iter: 52490 train loss 0.1843 val loss 0.1611 test loss 0.0578
+performance on training set--------+-----------------+-----------------+-------+
| Rank@1,mIoU@0.3 | Rank@1,mIoU@0.5 | Rank@5,mIoU@0.3 | Rank@5,mIoU@0.5 | mIoU  |
+-----------------+-----------------+-----------------+-----------------+-------+
|      57.29      |      32.39      |      72.65      |      55.44      | 35.36 |
+-----------------+-----------------+-----------------+-----------------+-------+
+performance on validation set------+-----------------+-----------------+------+
| Rank@1,mIoU@0.3 | Rank@1,mIoU@0.5 | Rank@5,mIoU@0.3 | Rank@5,mIoU@0.5 | mIoU |
+-----------------+-----------------+-----------------+-----------------+------+
|      10.31      |       3.75      |      25.94      |      12.19      | 7.81 |
+-----------------+-----------------+-----------------+-----------------+------+
+performance on testing set---------+-----------------+-----------------+------+
| Rank@1,mIoU@0.3 | Rank@1,mIoU@0.5 | Rank@5,mIoU@0.3 | Rank@5,mIoU@0.5 | mIoU |
+-----------------+-----------------+-----------------+-----------------+------+
|       0.00      |       0.00      |       0.00      |       0.00      | 0.00 |
+-----------------+-----------------+-----------------+-----------------+------+

2026-04-22 12:41:26,035 
iter: 52852 train loss 0.1849 val loss 0.1612 test loss 0.0577
+performance on training set--------+-----------------+-----------------+-------+
| Rank@1,mIoU@0.3 | Rank@1,mIoU@0.5 | Rank@5,mIoU@0.3 | Rank@5,mIoU@0.5 | mIoU  |
+-----------------+-----------------+-----------------+-----------------+-------+
|      57.49      |      32.72      |      72.75      |      55.60      | 35.50 |
+-----------------+-----------------+-----------------+-----------------+-------+
+performance on validation set------+-----------------+-----------------+------+
| Rank@1,mIoU@0.3 | Rank@1,mIoU@0.5 | Rank@5,mIoU@0.3 | Rank@5,mIoU@0.5 | mIoU |
+-----------------+-----------------+-----------------+-----------------+------+
|       9.69      |       4.06      |      26.88      |      13.12      | 7.80 |
+-----------------+-----------------+-----------------+-----------------+------+
+performance on testing set---------+-----------------+-----------------+------+
| Rank@1,mIoU@0.3 | Rank@1,mIoU@0.5 | Rank@5,mIoU@0.3 | Rank@5,mIoU@0.5 | mIoU |
+-----------------+-----------------+-----------------+-----------------+------+
|       0.00      |       0.00      |       0.00      |       0.00      | 0.00 |
+-----------------+-----------------+-----------------+-----------------+------+

2026-04-22 12:47:45,415 
iter: 53214 train loss 0.1860 val loss 0.1614 test loss 0.0577
+performance on training set--------+-----------------+-----------------+-------+
| Rank@1,mIoU@0.3 | Rank@1,mIoU@0.5 | Rank@5,mIoU@0.3 | Rank@5,mIoU@0.5 | mIoU  |
+-----------------+-----------------+-----------------+-----------------+-------+
|      57.36      |      32.36      |      72.68      |      55.46      | 35.37 |
+-----------------+-----------------+-----------------+-----------------+-------+
+performance on validation set------+-----------------+-----------------+------+
| Rank@1,mIoU@0.3 | Rank@1,mIoU@0.5 | Rank@5,mIoU@0.3 | Rank@5,mIoU@0.5 | mIoU |
+-----------------+-----------------+-----------------+-----------------+------+
|      10.31      |       3.75      |      28.44      |      13.12      | 7.91 |
+-----------------+-----------------+-----------------+-----------------+------+
+performance on testing set---------+-----------------+-----------------+------+
| Rank@1,mIoU@0.3 | Rank@1,mIoU@0.5 | Rank@5,mIoU@0.3 | Rank@5,mIoU@0.5 | mIoU |
+-----------------+-----------------+-----------------+-----------------+------+
|       0.00      |       0.00      |       0.00      |       0.00      | 0.00 |
+-----------------+-----------------+-----------------+-----------------+------+

2026-04-22 12:54:00,319 
iter: 53576 train loss 0.1838 val loss 0.1637 test loss 0.0610
+performance on training set--------+-----------------+-----------------+-------+
| Rank@1,mIoU@0.3 | Rank@1,mIoU@0.5 | Rank@5,mIoU@0.3 | Rank@5,mIoU@0.5 | mIoU  |
+-----------------+-----------------+-----------------+-----------------+-------+
|      57.52      |      32.58      |      72.68      |      55.49      | 35.45 |
+-----------------+-----------------+-----------------+-----------------+-------+
+performance on validation set------+-----------------+-----------------+------+
| Rank@1,mIoU@0.3 | Rank@1,mIoU@0.5 | Rank@5,mIoU@0.3 | Rank@5,mIoU@0.5 | mIoU |
+-----------------+-----------------+-----------------+-----------------+------+
|      10.62      |       4.06      |      26.88      |      13.12      | 8.20 |
+-----------------+-----------------+-----------------+-----------------+------+
+performance on testing set---------+-----------------+-----------------+------+
| Rank@1,mIoU@0.3 | Rank@1,mIoU@0.5 | Rank@5,mIoU@0.3 | Rank@5,mIoU@0.5 | mIoU |
+-----------------+-----------------+-----------------+-----------------+------+
|       0.00      |       0.00      |       0.00      |       0.00      | 0.00 |
+-----------------+-----------------+-----------------+-----------------+------+

2026-04-22 13:00:18,063 
iter: 53938 train loss 0.1853 val loss 0.1632 test loss 0.0601
+performance on training set--------+-----------------+-----------------+-------+
| Rank@1,mIoU@0.3 | Rank@1,mIoU@0.5 | Rank@5,mIoU@0.3 | Rank@5,mIoU@0.5 | mIoU  |
+-----------------+-----------------+-----------------+-----------------+-------+
|      57.69      |      32.60      |      72.70      |      55.65      | 35.52 |
+-----------------+-----------------+-----------------+-----------------+-------+
+performance on validation set------+-----------------+-----------------+------+
| Rank@1,mIoU@0.3 | Rank@1,mIoU@0.5 | Rank@5,mIoU@0.3 | Rank@5,mIoU@0.5 | mIoU |
+-----------------+-----------------+-----------------+-----------------+------+
|      10.00      |       4.06      |      26.25      |      14.06      | 7.92 |
+-----------------+-----------------+-----------------+-----------------+------+
+performance on testing set---------+-----------------+-----------------+------+
| Rank@1,mIoU@0.3 | Rank@1,mIoU@0.5 | Rank@5,mIoU@0.3 | Rank@5,mIoU@0.5 | mIoU |
+-----------------+-----------------+-----------------+-----------------+------+
|       0.00      |       0.00      |       0.00      |       0.00      | 0.00 |
+-----------------+-----------------+-----------------+-----------------+------+

2026-04-22 13:06:34,268 
iter: 54300 train loss 0.1845 val loss 0.1612 test loss 0.0581
+performance on training set--------+-----------------+-----------------+-------+
| Rank@1,mIoU@0.3 | Rank@1,mIoU@0.5 | Rank@5,mIoU@0.3 | Rank@5,mIoU@0.5 | mIoU  |
+-----------------+-----------------+-----------------+-----------------+-------+
|      57.89      |      33.09      |      72.94      |      55.56      | 35.72 |
+-----------------+-----------------+-----------------+-----------------+-------+
+performance on validation set------+-----------------+-----------------+------+
| Rank@1,mIoU@0.3 | Rank@1,mIoU@0.5 | Rank@5,mIoU@0.3 | Rank@5,mIoU@0.5 | mIoU |
+-----------------+-----------------+-----------------+-----------------+------+
|       9.38      |       3.75      |      26.25      |      12.81      | 7.45 |
+-----------------+-----------------+-----------------+-----------------+------+
+performance on testing set---------+-----------------+-----------------+------+
| Rank@1,mIoU@0.3 | Rank@1,mIoU@0.5 | Rank@5,mIoU@0.3 | Rank@5,mIoU@0.5 | mIoU |
+-----------------+-----------------+-----------------+-----------------+------+
|       0.00      |       0.00      |       0.00      |       0.00      | 0.00 |
+-----------------+-----------------+-----------------+-----------------+------+

2026-04-22 13:12:50,037 
iter: 54662 train loss 0.1849 val loss 0.1628 test loss 0.0587
+performance on training set--------+-----------------+-----------------+-------+
| Rank@1,mIoU@0.3 | Rank@1,mIoU@0.5 | Rank@5,mIoU@0.3 | Rank@5,mIoU@0.5 | mIoU  |
+-----------------+-----------------+-----------------+-----------------+-------+
|      57.62      |      32.59      |      72.67      |      55.61      | 35.53 |
+-----------------+-----------------+-----------------+-----------------+-------+
+performance on validation set------+-----------------+-----------------+------+
| Rank@1,mIoU@0.3 | Rank@1,mIoU@0.5 | Rank@5,mIoU@0.3 | Rank@5,mIoU@0.5 | mIoU |
+-----------------+-----------------+-----------------+-----------------+------+
|      10.62      |       4.06      |      27.19      |      13.12      | 8.08 |
+-----------------+-----------------+-----------------+-----------------+------+
+performance on testing set---------+-----------------+-----------------+------+
| Rank@1,mIoU@0.3 | Rank@1,mIoU@0.5 | Rank@5,mIoU@0.3 | Rank@5,mIoU@0.5 | mIoU |
+-----------------+-----------------+-----------------+-----------------+------+
|       0.00      |       0.00      |       0.00      |       0.00      | 0.00 |
+-----------------+-----------------+-----------------+-----------------+------+

2026-04-22 13:19:08,260 
iter: 55024 train loss 0.1849 val loss 0.1619 test loss 0.0584
+performance on training set--------+-----------------+-----------------+-------+
| Rank@1,mIoU@0.3 | Rank@1,mIoU@0.5 | Rank@5,mIoU@0.3 | Rank@5,mIoU@0.5 | mIoU  |
+-----------------+-----------------+-----------------+-----------------+-------+
|      57.81      |      32.81      |      72.76      |      55.68      | 35.62 |
+-----------------+-----------------+-----------------+-----------------+-------+
+performance on validation set------+-----------------+-----------------+------+
| Rank@1,mIoU@0.3 | Rank@1,mIoU@0.5 | Rank@5,mIoU@0.3 | Rank@5,mIoU@0.5 | mIoU |
+-----------------+-----------------+-----------------+-----------------+------+
|      10.00      |       3.75      |      25.94      |      12.81      | 7.80 |
+-----------------+-----------------+-----------------+-----------------+------+
+performance on testing set---------+-----------------+-----------------+------+
| Rank@1,mIoU@0.3 | Rank@1,mIoU@0.5 | Rank@5,mIoU@0.3 | Rank@5,mIoU@0.5 | mIoU |
+-----------------+-----------------+-----------------+-----------------+------+
|       0.00      |       0.00      |       0.00      |       0.00      | 0.00 |
+-----------------+-----------------+-----------------+-----------------+------+

2026-04-22 13:25:26,105 
iter: 55386 train loss 0.1843 val loss 0.1619 test loss 0.0583
+performance on training set--------+-----------------+-----------------+-------+
| Rank@1,mIoU@0.3 | Rank@1,mIoU@0.5 | Rank@5,mIoU@0.3 | Rank@5,mIoU@0.5 | mIoU  |
+-----------------+-----------------+-----------------+-----------------+-------+
|      57.52      |      32.65      |      72.76      |      55.68      | 35.50 |
+-----------------+-----------------+-----------------+-----------------+-------+
+performance on validation set------+-----------------+-----------------+------+
| Rank@1,mIoU@0.3 | Rank@1,mIoU@0.5 | Rank@5,mIoU@0.3 | Rank@5,mIoU@0.5 | mIoU |
+-----------------+-----------------+-----------------+-----------------+------+
|       9.69      |       4.06      |      25.31      |      13.12      | 7.92 |
+-----------------+-----------------+-----------------+-----------------+------+
+performance on testing set---------+-----------------+-----------------+------+
| Rank@1,mIoU@0.3 | Rank@1,mIoU@0.5 | Rank@5,mIoU@0.3 | Rank@5,mIoU@0.5 | mIoU |
+-----------------+-----------------+-----------------+-----------------+------+
|       0.00      |       0.00      |       0.00      |       0.00      | 0.00 |
+-----------------+-----------------+-----------------+-----------------+------+

2026-04-22 13:31:41,719 
iter: 55748 train loss 0.1838 val loss 0.1630 test loss 0.0600
+performance on training set--------+-----------------+-----------------+-------+
| Rank@1,mIoU@0.3 | Rank@1,mIoU@0.5 | Rank@5,mIoU@0.3 | Rank@5,mIoU@0.5 | mIoU  |
+-----------------+-----------------+-----------------+-----------------+-------+
|      57.67      |      32.74      |      72.74      |      55.75      | 35.58 |
+-----------------+-----------------+-----------------+-----------------+-------+
+performance on validation set------+-----------------+-----------------+------+
| Rank@1,mIoU@0.3 | Rank@1,mIoU@0.5 | Rank@5,mIoU@0.3 | Rank@5,mIoU@0.5 | mIoU |
+-----------------+-----------------+-----------------+-----------------+------+
|      10.62      |       4.06      |      27.50      |      12.81      | 8.04 |
+-----------------+-----------------+-----------------+-----------------+------+
+performance on testing set---------+-----------------+-----------------+------+
| Rank@1,mIoU@0.3 | Rank@1,mIoU@0.5 | Rank@5,mIoU@0.3 | Rank@5,mIoU@0.5 | mIoU |
+-----------------+-----------------+-----------------+-----------------+------+
|       0.00      |       0.00      |       0.00      |       0.00      | 0.00 |
+-----------------+-----------------+-----------------+-----------------+------+

2026-04-22 13:38:01,572 
iter: 56110 train loss 0.1851 val loss 0.1613 test loss 0.0580
+performance on training set--------+-----------------+-----------------+-------+
| Rank@1,mIoU@0.3 | Rank@1,mIoU@0.5 | Rank@5,mIoU@0.3 | Rank@5,mIoU@0.5 | mIoU  |
+-----------------+-----------------+-----------------+-----------------+-------+
|      57.86      |      32.89      |      72.97      |      55.75      | 35.68 |
+-----------------+-----------------+-----------------+-----------------+-------+
+performance on validation set------+-----------------+-----------------+------+
| Rank@1,mIoU@0.3 | Rank@1,mIoU@0.5 | Rank@5,mIoU@0.3 | Rank@5,mIoU@0.5 | mIoU |
+-----------------+-----------------+-----------------+-----------------+------+
|      10.00      |       3.75      |      25.62      |      12.19      | 7.80 |
+-----------------+-----------------+-----------------+-----------------+------+
+performance on testing set---------+-----------------+-----------------+------+
| Rank@1,mIoU@0.3 | Rank@1,mIoU@0.5 | Rank@5,mIoU@0.3 | Rank@5,mIoU@0.5 | mIoU |
+-----------------+-----------------+-----------------+-----------------+------+
|       0.00      |       0.00      |       0.00      |       0.00      | 0.00 |
+-----------------+-----------------+-----------------+-----------------+------+

2026-04-22 13:44:17,015 
iter: 56472 train loss 0.1842 val loss 0.1627 test loss 0.0593
+performance on training set--------+-----------------+-----------------+-------+
| Rank@1,mIoU@0.3 | Rank@1,mIoU@0.5 | Rank@5,mIoU@0.3 | Rank@5,mIoU@0.5 | mIoU  |
+-----------------+-----------------+-----------------+-----------------+-------+
|      57.54      |      32.64      |      72.75      |      55.81      | 35.47 |
+-----------------+-----------------+-----------------+-----------------+-------+
+performance on validation set------+-----------------+-----------------+------+
| Rank@1,mIoU@0.3 | Rank@1,mIoU@0.5 | Rank@5,mIoU@0.3 | Rank@5,mIoU@0.5 | mIoU |
+-----------------+-----------------+-----------------+-----------------+------+
|      10.31      |       4.06      |      25.62      |      13.44      | 7.87 |
+-----------------+-----------------+-----------------+-----------------+------+
+performance on testing set---------+-----------------+-----------------+------+
| Rank@1,mIoU@0.3 | Rank@1,mIoU@0.5 | Rank@5,mIoU@0.3 | Rank@5,mIoU@0.5 | mIoU |
+-----------------+-----------------+-----------------+-----------------+------+
|       0.00      |       0.00      |       0.00      |       0.00      | 0.00 |
+-----------------+-----------------+-----------------+-----------------+------+

2026-04-22 13:50:35,240 
iter: 56834 train loss 0.1829 val loss 0.1624 test loss 0.0589
+performance on training set--------+-----------------+-----------------+-------+
| Rank@1,mIoU@0.3 | Rank@1,mIoU@0.5 | Rank@5,mIoU@0.3 | Rank@5,mIoU@0.5 | mIoU  |
+-----------------+-----------------+-----------------+-----------------+-------+
|      57.81      |      33.07      |      72.74      |      55.76      | 35.69 |
+-----------------+-----------------+-----------------+-----------------+-------+
+performance on validation set------+-----------------+-----------------+------+
| Rank@1,mIoU@0.3 | Rank@1,mIoU@0.5 | Rank@5,mIoU@0.3 | Rank@5,mIoU@0.5 | mIoU |
+-----------------+-----------------+-----------------+-----------------+------+
|      10.31      |       4.06      |      25.62      |      13.12      | 7.93 |
+-----------------+-----------------+-----------------+-----------------+------+
+performance on testing set---------+-----------------+-----------------+------+
| Rank@1,mIoU@0.3 | Rank@1,mIoU@0.5 | Rank@5,mIoU@0.3 | Rank@5,mIoU@0.5 | mIoU |
+-----------------+-----------------+-----------------+-----------------+------+
|       0.00      |       0.00      |       0.00      |       0.00      | 0.00 |
+-----------------+-----------------+-----------------+-----------------+------+

2026-04-22 13:56:52,136 
iter: 57196 train loss 0.1841 val loss 0.1639 test loss 0.0609
+performance on training set--------+-----------------+-----------------+-------+
| Rank@1,mIoU@0.3 | Rank@1,mIoU@0.5 | Rank@5,mIoU@0.3 | Rank@5,mIoU@0.5 | mIoU  |
+-----------------+-----------------+-----------------+-----------------+-------+
|      57.82      |      32.84      |      72.73      |      55.75      | 35.69 |
+-----------------+-----------------+-----------------+-----------------+-------+
+performance on validation set------+-----------------+-----------------+------+
| Rank@1,mIoU@0.3 | Rank@1,mIoU@0.5 | Rank@5,mIoU@0.3 | Rank@5,mIoU@0.5 | mIoU |
+-----------------+-----------------+-----------------+-----------------+------+
|      10.31      |       4.06      |      26.56      |      12.81      | 8.11 |
+-----------------+-----------------+-----------------+-----------------+------+
+performance on testing set---------+-----------------+-----------------+------+
| Rank@1,mIoU@0.3 | Rank@1,mIoU@0.5 | Rank@5,mIoU@0.3 | Rank@5,mIoU@0.5 | mIoU |
+-----------------+-----------------+-----------------+-----------------+------+
|       0.00      |       0.00      |       0.00      |       0.00      | 0.00 |
+-----------------+-----------------+-----------------+-----------------+------+

2026-04-22 14:03:08,256 
iter: 57558 train loss 0.1857 val loss 0.1613 test loss 0.0573
+performance on training set--------+-----------------+-----------------+-------+
| Rank@1,mIoU@0.3 | Rank@1,mIoU@0.5 | Rank@5,mIoU@0.3 | Rank@5,mIoU@0.5 | mIoU  |
+-----------------+-----------------+-----------------+-----------------+-------+
|      57.77      |      32.93      |      72.79      |      55.88      | 35.67 |
+-----------------+-----------------+-----------------+-----------------+-------+
+performance on validation set------+-----------------+-----------------+------+
| Rank@1,mIoU@0.3 | Rank@1,mIoU@0.5 | Rank@5,mIoU@0.3 | Rank@5,mIoU@0.5 | mIoU |
+-----------------+-----------------+-----------------+-----------------+------+
|      10.31      |       4.06      |      25.62      |      12.50      | 7.76 |
+-----------------+-----------------+-----------------+-----------------+------+
+performance on testing set---------+-----------------+-----------------+------+
| Rank@1,mIoU@0.3 | Rank@1,mIoU@0.5 | Rank@5,mIoU@0.3 | Rank@5,mIoU@0.5 | mIoU |
+-----------------+-----------------+-----------------+-----------------+------+
|       0.00      |       0.00      |       0.00      |       0.00      | 0.00 |
+-----------------+-----------------+-----------------+-----------------+------+

2026-04-22 14:09:27,478 
iter: 57920 train loss 0.1839 val loss 0.1633 test loss 0.0591
+performance on training set--------+-----------------+-----------------+-------+
| Rank@1,mIoU@0.3 | Rank@1,mIoU@0.5 | Rank@5,mIoU@0.3 | Rank@5,mIoU@0.5 | mIoU  |
+-----------------+-----------------+-----------------+-----------------+-------+
|      57.85      |      33.01      |      72.83      |      55.83      | 35.68 |
+-----------------+-----------------+-----------------+-----------------+-------+
+performance on validation set------+-----------------+-----------------+------+
| Rank@1,mIoU@0.3 | Rank@1,mIoU@0.5 | Rank@5,mIoU@0.3 | Rank@5,mIoU@0.5 | mIoU |
+-----------------+-----------------+-----------------+-----------------+------+
|      10.62      |       4.06      |      26.88      |      12.81      | 8.14 |
+-----------------+-----------------+-----------------+-----------------+------+
+performance on testing set---------+-----------------+-----------------+------+
| Rank@1,mIoU@0.3 | Rank@1,mIoU@0.5 | Rank@5,mIoU@0.3 | Rank@5,mIoU@0.5 | mIoU |
+-----------------+-----------------+-----------------+-----------------+------+
|       0.00      |       0.00      |       0.00      |       0.00      | 0.00 |
+-----------------+-----------------+-----------------+-----------------+------+

2026-04-22 14:15:44,126 
iter: 58282 train loss 0.1837 val loss 0.1639 test loss 0.0614
+performance on training set--------+-----------------+-----------------+-------+
| Rank@1,mIoU@0.3 | Rank@1,mIoU@0.5 | Rank@5,mIoU@0.3 | Rank@5,mIoU@0.5 | mIoU  |
+-----------------+-----------------+-----------------+-----------------+-------+
|      57.76      |      32.67      |      72.73      |      55.87      | 35.54 |
+-----------------+-----------------+-----------------+-----------------+-------+
+performance on validation set------+-----------------+-----------------+------+
| Rank@1,mIoU@0.3 | Rank@1,mIoU@0.5 | Rank@5,mIoU@0.3 | Rank@5,mIoU@0.5 | mIoU |
+-----------------+-----------------+-----------------+-----------------+------+
|      10.31      |       4.06      |      25.62      |      12.81      | 8.14 |
+-----------------+-----------------+-----------------+-----------------+------+
+performance on testing set---------+-----------------+-----------------+------+
| Rank@1,mIoU@0.3 | Rank@1,mIoU@0.5 | Rank@5,mIoU@0.3 | Rank@5,mIoU@0.5 | mIoU |
+-----------------+-----------------+-----------------+-----------------+------+
|       0.00      |       0.00      |       0.00      |       0.00      | 0.00 |
+-----------------+-----------------+-----------------+-----------------+------+

2026-04-22 14:22:01,213 
iter: 58644 train loss 0.1848 val loss 0.1609 test loss 0.0561
+performance on training set--------+-----------------+-----------------+-------+
| Rank@1,mIoU@0.3 | Rank@1,mIoU@0.5 | Rank@5,mIoU@0.3 | Rank@5,mIoU@0.5 | mIoU  |
+-----------------+-----------------+-----------------+-----------------+-------+
|      57.92      |      33.17      |      72.84      |      55.79      | 35.79 |
+-----------------+-----------------+-----------------+-----------------+-------+
+performance on validation set------+-----------------+-----------------+------+
| Rank@1,mIoU@0.3 | Rank@1,mIoU@0.5 | Rank@5,mIoU@0.3 | Rank@5,mIoU@0.5 | mIoU |
+-----------------+-----------------+-----------------+-----------------+------+
|      10.00      |       4.06      |      24.69      |      12.81      | 7.98 |
+-----------------+-----------------+-----------------+-----------------+------+
+performance on testing set---------+-----------------+-----------------+------+
| Rank@1,mIoU@0.3 | Rank@1,mIoU@0.5 | Rank@5,mIoU@0.3 | Rank@5,mIoU@0.5 | mIoU |
+-----------------+-----------------+-----------------+-----------------+------+
|       0.00      |       0.00      |       0.00      |       0.00      | 0.00 |
+-----------------+-----------------+-----------------+-----------------+------+

2026-04-22 14:28:18,417 
iter: 59006 train loss 0.1841 val loss 0.1640 test loss 0.0600
+performance on training set--------+-----------------+-----------------+-------+
| Rank@1,mIoU@0.3 | Rank@1,mIoU@0.5 | Rank@5,mIoU@0.3 | Rank@5,mIoU@0.5 | mIoU  |
+-----------------+-----------------+-----------------+-----------------+-------+
|      57.71      |      32.85      |      72.87      |      55.82      | 35.63 |
+-----------------+-----------------+-----------------+-----------------+-------+
+performance on validation set------+-----------------+-----------------+------+
| Rank@1,mIoU@0.3 | Rank@1,mIoU@0.5 | Rank@5,mIoU@0.3 | Rank@5,mIoU@0.5 | mIoU |
+-----------------+-----------------+-----------------+-----------------+------+
|      10.31      |       4.06      |      26.88      |      13.12      | 8.13 |
+-----------------+-----------------+-----------------+-----------------+------+
+performance on testing set---------+-----------------+-----------------+------+
| Rank@1,mIoU@0.3 | Rank@1,mIoU@0.5 | Rank@5,mIoU@0.3 | Rank@5,mIoU@0.5 | mIoU |
+-----------------+-----------------+-----------------+-----------------+------+
|       0.00      |       0.00      |       0.00      |       0.00      | 0.00 |
+-----------------+-----------------+-----------------+-----------------+------+

2026-04-22 14:34:35,746 
iter: 59368 train loss 0.1837 val loss 0.1650 test loss 0.0614
+performance on training set--------+-----------------+-----------------+-------+
| Rank@1,mIoU@0.3 | Rank@1,mIoU@0.5 | Rank@5,mIoU@0.3 | Rank@5,mIoU@0.5 | mIoU  |
+-----------------+-----------------+-----------------+-----------------+-------+
|      57.72      |      32.81      |      72.85      |      55.89      | 35.60 |
+-----------------+-----------------+-----------------+-----------------+-------+
+performance on validation set------+-----------------+-----------------+------+
| Rank@1,mIoU@0.3 | Rank@1,mIoU@0.5 | Rank@5,mIoU@0.3 | Rank@5,mIoU@0.5 | mIoU |
+-----------------+-----------------+-----------------+-----------------+------+
|      10.62      |       4.06      |      26.56      |      12.81      | 8.01 |
+-----------------+-----------------+-----------------+-----------------+------+
+performance on testing set---------+-----------------+-----------------+------+
| Rank@1,mIoU@0.3 | Rank@1,mIoU@0.5 | Rank@5,mIoU@0.3 | Rank@5,mIoU@0.5 | mIoU |
+-----------------+-----------------+-----------------+-----------------+------+
|       0.00      |       0.00      |       0.00      |       0.00      | 0.00 |
+-----------------+-----------------+-----------------+-----------------+------+

2026-04-22 14:40:52,185 
iter: 59730 train loss 0.1842 val loss 0.1649 test loss 0.0618
+performance on training set--------+-----------------+-----------------+-------+
| Rank@1,mIoU@0.3 | Rank@1,mIoU@0.5 | Rank@5,mIoU@0.3 | Rank@5,mIoU@0.5 | mIoU  |
+-----------------+-----------------+-----------------+-----------------+-------+
|      57.65      |      32.68      |      72.71      |      55.95      | 35.51 |
+-----------------+-----------------+-----------------+-----------------+-------+
+performance on validation set------+-----------------+-----------------+------+
| Rank@1,mIoU@0.3 | Rank@1,mIoU@0.5 | Rank@5,mIoU@0.3 | Rank@5,mIoU@0.5 | mIoU |
+-----------------+-----------------+-----------------+-----------------+------+
|      10.00      |       4.06      |      26.56      |      12.81      | 8.19 |
+-----------------+-----------------+-----------------+-----------------+------+
+performance on testing set---------+-----------------+-----------------+------+
| Rank@1,mIoU@0.3 | Rank@1,mIoU@0.5 | Rank@5,mIoU@0.3 | Rank@5,mIoU@0.5 | mIoU |
+-----------------+-----------------+-----------------+-----------------+------+
|       0.00      |       0.00      |       0.00      |       0.00      | 0.00 |
+-----------------+-----------------+-----------------+-----------------+------+

2026-04-22 14:47:08,556 
iter: 60092 train loss 0.1836 val loss 0.1631 test loss 0.0594
+performance on training set--------+-----------------+-----------------+-------+
| Rank@1,mIoU@0.3 | Rank@1,mIoU@0.5 | Rank@5,mIoU@0.3 | Rank@5,mIoU@0.5 | mIoU  |
+-----------------+-----------------+-----------------+-----------------+-------+
|      57.99      |      33.06      |      72.82      |      56.05      | 35.74 |
+-----------------+-----------------+-----------------+-----------------+-------+
+performance on validation set------+-----------------+-----------------+------+
| Rank@1,mIoU@0.3 | Rank@1,mIoU@0.5 | Rank@5,mIoU@0.3 | Rank@5,mIoU@0.5 | mIoU |
+-----------------+-----------------+-----------------+-----------------+------+
|      10.94      |       3.75      |      26.25      |      12.50      | 8.09 |
+-----------------+-----------------+-----------------+-----------------+------+
+performance on testing set---------+-----------------+-----------------+------+
| Rank@1,mIoU@0.3 | Rank@1,mIoU@0.5 | Rank@5,mIoU@0.3 | Rank@5,mIoU@0.5 | mIoU |
+-----------------+-----------------+-----------------+-----------------+------+
|       0.00      |       0.00      |       0.00      |       0.00      | 0.00 |
+-----------------+-----------------+-----------------+-----------------+------+

2026-04-22 14:53:28,233 
iter: 60454 train loss 0.1841 val loss 0.1646 test loss 0.0617
+performance on training set--------+-----------------+-----------------+-------+
| Rank@1,mIoU@0.3 | Rank@1,mIoU@0.5 | Rank@5,mIoU@0.3 | Rank@5,mIoU@0.5 | mIoU  |
+-----------------+-----------------+-----------------+-----------------+-------+
|      57.66      |      32.66      |      72.73      |      55.93      | 35.55 |
+-----------------+-----------------+-----------------+-----------------+-------+
+performance on validation set------+-----------------+-----------------+------+
| Rank@1,mIoU@0.3 | Rank@1,mIoU@0.5 | Rank@5,mIoU@0.3 | Rank@5,mIoU@0.5 | mIoU |
+-----------------+-----------------+-----------------+-----------------+------+
|      11.25      |       4.06      |      26.88      |      12.81      | 8.16 |
+-----------------+-----------------+-----------------+-----------------+------+
+performance on testing set---------+-----------------+-----------------+------+
| Rank@1,mIoU@0.3 | Rank@1,mIoU@0.5 | Rank@5,mIoU@0.3 | Rank@5,mIoU@0.5 | mIoU |
+-----------------+-----------------+-----------------+-----------------+------+
|       0.00      |       0.00      |       0.00      |       0.00      | 0.00 |
+-----------------+-----------------+-----------------+-----------------+------+

2026-04-22 14:59:49,210 
iter: 60816 train loss 0.1838 val loss 0.1654 test loss 0.0622
+performance on training set--------+-----------------+-----------------+-------+
| Rank@1,mIoU@0.3 | Rank@1,mIoU@0.5 | Rank@5,mIoU@0.3 | Rank@5,mIoU@0.5 | mIoU  |
+-----------------+-----------------+-----------------+-----------------+-------+
|      57.73      |      32.64      |      72.71      |      55.88      | 35.56 |
+-----------------+-----------------+-----------------+-----------------+-------+
+performance on validation set------+-----------------+-----------------+------+
| Rank@1,mIoU@0.3 | Rank@1,mIoU@0.5 | Rank@5,mIoU@0.3 | Rank@5,mIoU@0.5 | mIoU |
+-----------------+-----------------+-----------------+-----------------+------+
|      10.62      |       4.06      |      26.56      |      13.12      | 8.06 |
+-----------------+-----------------+-----------------+-----------------+------+
+performance on testing set---------+-----------------+-----------------+------+
| Rank@1,mIoU@0.3 | Rank@1,mIoU@0.5 | Rank@5,mIoU@0.3 | Rank@5,mIoU@0.5 | mIoU |
+-----------------+-----------------+-----------------+-----------------+------+
|       0.00      |       0.00      |       0.00      |       0.00      | 0.00 |
+-----------------+-----------------+-----------------+-----------------+------+

2026-04-22 15:06:04,994 
iter: 61178 train loss 0.1833 val loss 0.1608 test loss 0.0560
+performance on training set--------+-----------------+-----------------+-------+
| Rank@1,mIoU@0.3 | Rank@1,mIoU@0.5 | Rank@5,mIoU@0.3 | Rank@5,mIoU@0.5 | mIoU  |
+-----------------+-----------------+-----------------+-----------------+-------+
|      57.98      |      33.05      |      73.07      |      56.04      | 35.75 |
+-----------------+-----------------+-----------------+-----------------+-------+
+performance on validation set------+-----------------+-----------------+------+
| Rank@1,mIoU@0.3 | Rank@1,mIoU@0.5 | Rank@5,mIoU@0.3 | Rank@5,mIoU@0.5 | mIoU |
+-----------------+-----------------+-----------------+-----------------+------+
|      10.31      |       4.06      |      25.94      |      12.81      | 7.80 |
+-----------------+-----------------+-----------------+-----------------+------+
+performance on testing set---------+-----------------+-----------------+------+
| Rank@1,mIoU@0.3 | Rank@1,mIoU@0.5 | Rank@5,mIoU@0.3 | Rank@5,mIoU@0.5 | mIoU |
+-----------------+-----------------+-----------------+-----------------+------+
|       0.00      |       0.00      |       0.00      |       0.00      | 0.00 |
+-----------------+-----------------+-----------------+-----------------+------+

2026-04-22 15:12:23,508 
iter: 61540 train loss 0.1842 val loss 0.1632 test loss 0.0590
+performance on training set--------+-----------------+-----------------+-------+
| Rank@1,mIoU@0.3 | Rank@1,mIoU@0.5 | Rank@5,mIoU@0.3 | Rank@5,mIoU@0.5 | mIoU  |
+-----------------+-----------------+-----------------+-----------------+-------+
|      58.08      |      33.12      |      72.92      |      55.90      | 35.83 |
+-----------------+-----------------+-----------------+-----------------+-------+
+performance on validation set------+-----------------+-----------------+------+
| Rank@1,mIoU@0.3 | Rank@1,mIoU@0.5 | Rank@5,mIoU@0.3 | Rank@5,mIoU@0.5 | mIoU |
+-----------------+-----------------+-----------------+-----------------+------+
|      10.31      |       3.75      |      26.56      |      12.50      | 7.76 |
+-----------------+-----------------+-----------------+-----------------+------+
+performance on testing set---------+-----------------+-----------------+------+
| Rank@1,mIoU@0.3 | Rank@1,mIoU@0.5 | Rank@5,mIoU@0.3 | Rank@5,mIoU@0.5 | mIoU |
+-----------------+-----------------+-----------------+-----------------+------+
|       0.00      |       0.00      |       0.00      |       0.00      | 0.00 |
+-----------------+-----------------+-----------------+-----------------+------+

2026-04-22 15:18:38,694 
iter: 61902 train loss 0.1838 val loss 0.1627 test loss 0.0584
+performance on training set--------+-----------------+-----------------+-------+
| Rank@1,mIoU@0.3 | Rank@1,mIoU@0.5 | Rank@5,mIoU@0.3 | Rank@5,mIoU@0.5 | mIoU  |
+-----------------+-----------------+-----------------+-----------------+-------+
|      57.95      |      32.89      |      72.90      |      56.06      | 35.71 |
+-----------------+-----------------+-----------------+-----------------+-------+
+performance on validation set------+-----------------+-----------------+------+
| Rank@1,mIoU@0.3 | Rank@1,mIoU@0.5 | Rank@5,mIoU@0.3 | Rank@5,mIoU@0.5 | mIoU |
+-----------------+-----------------+-----------------+-----------------+------+
|      10.00      |       4.06      |      26.25      |      12.50      | 7.58 |
+-----------------+-----------------+-----------------+-----------------+------+
+performance on testing set---------+-----------------+-----------------+------+
| Rank@1,mIoU@0.3 | Rank@1,mIoU@0.5 | Rank@5,mIoU@0.3 | Rank@5,mIoU@0.5 | mIoU |
+-----------------+-----------------+-----------------+-----------------+------+
|       0.00      |       0.00      |       0.00      |       0.00      | 0.00 |
+-----------------+-----------------+-----------------+-----------------+------+

2026-04-22 15:24:54,211 
iter: 62264 train loss 0.1824 val loss 0.1640 test loss 0.0603
+performance on training set--------+-----------------+-----------------+-------+
| Rank@1,mIoU@0.3 | Rank@1,mIoU@0.5 | Rank@5,mIoU@0.3 | Rank@5,mIoU@0.5 | mIoU  |
+-----------------+-----------------+-----------------+-----------------+-------+
|      57.89      |      32.80      |      72.83      |      56.18      | 35.66 |
+-----------------+-----------------+-----------------+-----------------+-------+
+performance on validation set------+-----------------+-----------------+------+
| Rank@1,mIoU@0.3 | Rank@1,mIoU@0.5 | Rank@5,mIoU@0.3 | Rank@5,mIoU@0.5 | mIoU |
+-----------------+-----------------+-----------------+-----------------+------+
|      10.31      |       3.75      |      26.25      |      12.50      | 7.80 |
+-----------------+-----------------+-----------------+-----------------+------+
+performance on testing set---------+-----------------+-----------------+------+
| Rank@1,mIoU@0.3 | Rank@1,mIoU@0.5 | Rank@5,mIoU@0.3 | Rank@5,mIoU@0.5 | mIoU |
+-----------------+-----------------+-----------------+-----------------+------+
|       0.00      |       0.00      |       0.00      |       0.00      | 0.00 |
+-----------------+-----------------+-----------------+-----------------+------+

2026-04-22 15:31:11,240 
iter: 62626 train loss 0.1849 val loss 0.1633 test loss 0.0596
+performance on training set--------+-----------------+-----------------+-------+
| Rank@1,mIoU@0.3 | Rank@1,mIoU@0.5 | Rank@5,mIoU@0.3 | Rank@5,mIoU@0.5 | mIoU  |
+-----------------+-----------------+-----------------+-----------------+-------+
|      57.87      |      32.91      |      72.83      |      56.06      | 35.72 |
+-----------------+-----------------+-----------------+-----------------+-------+
+performance on validation set------+-----------------+-----------------+------+
| Rank@1,mIoU@0.3 | Rank@1,mIoU@0.5 | Rank@5,mIoU@0.3 | Rank@5,mIoU@0.5 | mIoU |
+-----------------+-----------------+-----------------+-----------------+------+
|      10.62      |       3.75      |      26.56      |      12.50      | 7.95 |
+-----------------+-----------------+-----------------+-----------------+------+
+performance on testing set---------+-----------------+-----------------+------+
| Rank@1,mIoU@0.3 | Rank@1,mIoU@0.5 | Rank@5,mIoU@0.3 | Rank@5,mIoU@0.5 | mIoU |
+-----------------+-----------------+-----------------+-----------------+------+
|       0.00      |       0.00      |       0.00      |       0.00      | 0.00 |
+-----------------+-----------------+-----------------+-----------------+------+

2026-04-22 15:37:25,664 
iter: 62988 train loss 0.1838 val loss 0.1624 test loss 0.0585
+performance on training set--------+-----------------+-----------------+-------+
| Rank@1,mIoU@0.3 | Rank@1,mIoU@0.5 | Rank@5,mIoU@0.3 | Rank@5,mIoU@0.5 | mIoU  |
+-----------------+-----------------+-----------------+-----------------+-------+
|      58.02      |      33.14      |      72.97      |      56.12      | 35.80 |
+-----------------+-----------------+-----------------+-----------------+-------+
+performance on validation set------+-----------------+-----------------+------+
| Rank@1,mIoU@0.3 | Rank@1,mIoU@0.5 | Rank@5,mIoU@0.3 | Rank@5,mIoU@0.5 | mIoU |
+-----------------+-----------------+-----------------+-----------------+------+
|      10.00      |       3.75      |      25.31      |      12.19      | 7.61 |
+-----------------+-----------------+-----------------+-----------------+------+
+performance on testing set---------+-----------------+-----------------+------+
| Rank@1,mIoU@0.3 | Rank@1,mIoU@0.5 | Rank@5,mIoU@0.3 | Rank@5,mIoU@0.5 | mIoU |
+-----------------+-----------------+-----------------+-----------------+------+
|       0.00      |       0.00      |       0.00      |       0.00      | 0.00 |
+-----------------+-----------------+-----------------+-----------------+------+

2026-04-22 15:43:42,704 
iter: 63350 train loss 0.1821 val loss 0.1642 test loss 0.0612
+performance on training set--------+-----------------+-----------------+-------+
| Rank@1,mIoU@0.3 | Rank@1,mIoU@0.5 | Rank@5,mIoU@0.3 | Rank@5,mIoU@0.5 | mIoU  |
+-----------------+-----------------+-----------------+-----------------+-------+
|      57.98      |      32.91      |      72.92      |      56.13      | 35.73 |
+-----------------+-----------------+-----------------+-----------------+-------+
+performance on validation set------+-----------------+-----------------+------+
| Rank@1,mIoU@0.3 | Rank@1,mIoU@0.5 | Rank@5,mIoU@0.3 | Rank@5,mIoU@0.5 | mIoU |
+-----------------+-----------------+-----------------+-----------------+------+
|      10.62      |       4.06      |      26.25      |      13.12      | 7.92 |
+-----------------+-----------------+-----------------+-----------------+------+
+performance on testing set---------+-----------------+-----------------+------+
| Rank@1,mIoU@0.3 | Rank@1,mIoU@0.5 | Rank@5,mIoU@0.3 | Rank@5,mIoU@0.5 | mIoU |
+-----------------+-----------------+-----------------+-----------------+------+
|       0.00      |       0.00      |       0.00      |       0.00      | 0.00 |
+-----------------+-----------------+-----------------+-----------------+------+

2026-04-22 15:49:59,643 
iter: 63712 train loss 0.1853 val loss 0.1636 test loss 0.0597
+performance on training set--------+-----------------+-----------------+-------+
| Rank@1,mIoU@0.3 | Rank@1,mIoU@0.5 | Rank@5,mIoU@0.3 | Rank@5,mIoU@0.5 | mIoU  |
+-----------------+-----------------+-----------------+-----------------+-------+
|      58.14      |      33.01      |      72.91      |      56.15      | 35.81 |
+-----------------+-----------------+-----------------+-----------------+-------+
+performance on validation set------+-----------------+-----------------+------+
| Rank@1,mIoU@0.3 | Rank@1,mIoU@0.5 | Rank@5,mIoU@0.3 | Rank@5,mIoU@0.5 | mIoU |
+-----------------+-----------------+-----------------+-----------------+------+
|       9.69      |       4.06      |      26.56      |      12.50      | 7.68 |
+-----------------+-----------------+-----------------+-----------------+------+
+performance on testing set---------+-----------------+-----------------+------+
| Rank@1,mIoU@0.3 | Rank@1,mIoU@0.5 | Rank@5,mIoU@0.3 | Rank@5,mIoU@0.5 | mIoU |
+-----------------+-----------------+-----------------+-----------------+------+
|       0.00      |       0.00      |       0.00      |       0.00      | 0.00 |
+-----------------+-----------------+-----------------+-----------------+------+

2026-04-22 15:56:18,475 
iter: 64074 train loss 0.1827 val loss 0.1644 test loss 0.0609
+performance on training set--------+-----------------+-----------------+-------+
| Rank@1,mIoU@0.3 | Rank@1,mIoU@0.5 | Rank@5,mIoU@0.3 | Rank@5,mIoU@0.5 | mIoU  |
+-----------------+-----------------+-----------------+-----------------+-------+
|      57.97      |      32.89      |      72.85      |      56.06      | 35.77 |
+-----------------+-----------------+-----------------+-----------------+-------+
+performance on validation set------+-----------------+-----------------+------+
| Rank@1,mIoU@0.3 | Rank@1,mIoU@0.5 | Rank@5,mIoU@0.3 | Rank@5,mIoU@0.5 | mIoU |
+-----------------+-----------------+-----------------+-----------------+------+
|      10.31      |       4.06      |      26.25      |      13.12      | 8.01 |
+-----------------+-----------------+-----------------+-----------------+------+
+performance on testing set---------+-----------------+-----------------+------+
| Rank@1,mIoU@0.3 | Rank@1,mIoU@0.5 | Rank@5,mIoU@0.3 | Rank@5,mIoU@0.5 | mIoU |
+-----------------+-----------------+-----------------+-----------------+------+
|       0.00      |       0.00      |       0.00      |       0.00      | 0.00 |
+-----------------+-----------------+-----------------+-----------------+------+

2026-04-22 16:02:32,655 
iter: 64436 train loss 0.1842 val loss 0.1642 test loss 0.0607
+performance on training set--------+-----------------+-----------------+-------+
| Rank@1,mIoU@0.3 | Rank@1,mIoU@0.5 | Rank@5,mIoU@0.3 | Rank@5,mIoU@0.5 | mIoU  |
+-----------------+-----------------+-----------------+-----------------+-------+
|      57.96      |      32.88      |      72.91      |      56.11      | 35.74 |
+-----------------+-----------------+-----------------+-----------------+-------+
+performance on validation set------+-----------------+-----------------+------+
| Rank@1,mIoU@0.3 | Rank@1,mIoU@0.5 | Rank@5,mIoU@0.3 | Rank@5,mIoU@0.5 | mIoU |
+-----------------+-----------------+-----------------+-----------------+------+
|      10.94      |       4.06      |      26.25      |      12.81      | 8.18 |
+-----------------+-----------------+-----------------+-----------------+------+
+performance on testing set---------+-----------------+-----------------+------+
| Rank@1,mIoU@0.3 | Rank@1,mIoU@0.5 | Rank@5,mIoU@0.3 | Rank@5,mIoU@0.5 | mIoU |
+-----------------+-----------------+-----------------+-----------------+------+
|       0.00      |       0.00      |       0.00      |       0.00      | 0.00 |
+-----------------+-----------------+-----------------+-----------------+------+

2026-04-22 16:08:50,990 
iter: 64798 train loss 0.1836 val loss 0.1642 test loss 0.0608
+performance on training set--------+-----------------+-----------------+-------+
| Rank@1,mIoU@0.3 | Rank@1,mIoU@0.5 | Rank@5,mIoU@0.3 | Rank@5,mIoU@0.5 | mIoU  |
+-----------------+-----------------+-----------------+-----------------+-------+
|      57.88      |      32.90      |      72.87      |      56.21      | 35.73 |
+-----------------+-----------------+-----------------+-----------------+-------+
+performance on validation set------+-----------------+-----------------+------+
| Rank@1,mIoU@0.3 | Rank@1,mIoU@0.5 | Rank@5,mIoU@0.3 | Rank@5,mIoU@0.5 | mIoU |
+-----------------+-----------------+-----------------+-----------------+------+
|       9.69      |       3.75      |      26.56      |      12.81      | 7.56 |
+-----------------+-----------------+-----------------+-----------------+------+
+performance on testing set---------+-----------------+-----------------+------+
| Rank@1,mIoU@0.3 | Rank@1,mIoU@0.5 | Rank@5,mIoU@0.3 | Rank@5,mIoU@0.5 | mIoU |
+-----------------+-----------------+-----------------+-----------------+------+
|       0.00      |       0.00      |       0.00      |       0.00      | 0.00 |
+-----------------+-----------------+-----------------+-----------------+------+

2026-04-22 16:15:06,957 
iter: 65160 train loss 0.1822 val loss 0.1632 test loss 0.0592
+performance on training set--------+-----------------+-----------------+-------+
| Rank@1,mIoU@0.3 | Rank@1,mIoU@0.5 | Rank@5,mIoU@0.3 | Rank@5,mIoU@0.5 | mIoU  |
+-----------------+-----------------+-----------------+-----------------+-------+
|      57.99      |      33.01      |      72.88      |      56.18      | 35.78 |
+-----------------+-----------------+-----------------+-----------------+-------+
+performance on validation set------+-----------------+-----------------+------+
| Rank@1,mIoU@0.3 | Rank@1,mIoU@0.5 | Rank@5,mIoU@0.3 | Rank@5,mIoU@0.5 | mIoU |
+-----------------+-----------------+-----------------+-----------------+------+
|      10.00      |       4.06      |      26.56      |      13.12      | 7.94 |
+-----------------+-----------------+-----------------+-----------------+------+
+performance on testing set---------+-----------------+-----------------+------+
| Rank@1,mIoU@0.3 | Rank@1,mIoU@0.5 | Rank@5,mIoU@0.3 | Rank@5,mIoU@0.5 | mIoU |
+-----------------+-----------------+-----------------+-----------------+------+
|       0.00      |       0.00      |       0.00      |       0.00      | 0.00 |
+-----------------+-----------------+-----------------+-----------------+------+

2026-04-22 16:21:27,156 
iter: 65522 train loss 0.1843 val loss 0.1638 test loss 0.0605
+performance on training set--------+-----------------+-----------------+-------+
| Rank@1,mIoU@0.3 | Rank@1,mIoU@0.5 | Rank@5,mIoU@0.3 | Rank@5,mIoU@0.5 | mIoU  |
+-----------------+-----------------+-----------------+-----------------+-------+
|      57.96      |      33.00      |      72.86      |      56.18      | 35.73 |
+-----------------+-----------------+-----------------+-----------------+-------+
+performance on validation set------+-----------------+-----------------+------+
| Rank@1,mIoU@0.3 | Rank@1,mIoU@0.5 | Rank@5,mIoU@0.3 | Rank@5,mIoU@0.5 | mIoU |
+-----------------+-----------------+-----------------+-----------------+------+
|       9.38      |       3.75      |      26.25      |      12.81      | 7.42 |
+-----------------+-----------------+-----------------+-----------------+------+
+performance on testing set---------+-----------------+-----------------+------+
| Rank@1,mIoU@0.3 | Rank@1,mIoU@0.5 | Rank@5,mIoU@0.3 | Rank@5,mIoU@0.5 | mIoU |
+-----------------+-----------------+-----------------+-----------------+------+
|       0.00      |       0.00      |       0.00      |       0.00      | 0.00 |
+-----------------+-----------------+-----------------+-----------------+------+

2026-04-22 16:27:47,802 
iter: 65884 train loss 0.1832 val loss 0.1638 test loss 0.0604
+performance on training set--------+-----------------+-----------------+-------+
| Rank@1,mIoU@0.3 | Rank@1,mIoU@0.5 | Rank@5,mIoU@0.3 | Rank@5,mIoU@0.5 | mIoU  |
+-----------------+-----------------+-----------------+-----------------+-------+
|      58.11      |      33.02      |      72.89      |      56.24      | 35.81 |
+-----------------+-----------------+-----------------+-----------------+-------+
+performance on validation set------+-----------------+-----------------+------+
| Rank@1,mIoU@0.3 | Rank@1,mIoU@0.5 | Rank@5,mIoU@0.3 | Rank@5,mIoU@0.5 | mIoU |
+-----------------+-----------------+-----------------+-----------------+------+
|      10.00      |       3.75      |      25.94      |      12.50      | 7.86 |
+-----------------+-----------------+-----------------+-----------------+------+
+performance on testing set---------+-----------------+-----------------+------+
| Rank@1,mIoU@0.3 | Rank@1,mIoU@0.5 | Rank@5,mIoU@0.3 | Rank@5,mIoU@0.5 | mIoU |
+-----------------+-----------------+-----------------+-----------------+------+
|       0.00      |       0.00      |       0.00      |       0.00      | 0.00 |
+-----------------+-----------------+-----------------+-----------------+------+

2026-04-22 16:34:06,927 
iter: 66246 train loss 0.1814 val loss 0.1635 test loss 0.0584
+performance on training set--------+-----------------+-----------------+-------+
| Rank@1,mIoU@0.3 | Rank@1,mIoU@0.5 | Rank@5,mIoU@0.3 | Rank@5,mIoU@0.5 | mIoU  |
+-----------------+-----------------+-----------------+-----------------+-------+
|      58.05      |      33.08      |      73.01      |      56.18      | 35.82 |
+-----------------+-----------------+-----------------+-----------------+-------+
+performance on validation set------+-----------------+-----------------+------+
| Rank@1,mIoU@0.3 | Rank@1,mIoU@0.5 | Rank@5,mIoU@0.3 | Rank@5,mIoU@0.5 | mIoU |
+-----------------+-----------------+-----------------+-----------------+------+
|      10.00      |       4.06      |      26.25      |      12.81      | 7.68 |
+-----------------+-----------------+-----------------+-----------------+------+
+performance on testing set---------+-----------------+-----------------+------+
| Rank@1,mIoU@0.3 | Rank@1,mIoU@0.5 | Rank@5,mIoU@0.3 | Rank@5,mIoU@0.5 | mIoU |
+-----------------+-----------------+-----------------+-----------------+------+
|       0.00      |       0.00      |       0.00      |       0.00      | 0.00 |
+-----------------+-----------------+-----------------+-----------------+------+

2026-04-22 16:40:23,988 
iter: 66608 train loss 0.1842 val loss 0.1643 test loss 0.0602
+performance on training set--------+-----------------+-----------------+-------+
| Rank@1,mIoU@0.3 | Rank@1,mIoU@0.5 | Rank@5,mIoU@0.3 | Rank@5,mIoU@0.5 | mIoU  |
+-----------------+-----------------+-----------------+-----------------+-------+
|      57.92      |      32.86      |      72.93      |      56.22      | 35.73 |
+-----------------+-----------------+-----------------+-----------------+-------+
+performance on validation set------+-----------------+-----------------+------+
| Rank@1,mIoU@0.3 | Rank@1,mIoU@0.5 | Rank@5,mIoU@0.3 | Rank@5,mIoU@0.5 | mIoU |
+-----------------+-----------------+-----------------+-----------------+------+
|      10.31      |       4.06      |      25.94      |      12.50      | 7.97 |
+-----------------+-----------------+-----------------+-----------------+------+
+performance on testing set---------+-----------------+-----------------+------+
| Rank@1,mIoU@0.3 | Rank@1,mIoU@0.5 | Rank@5,mIoU@0.3 | Rank@5,mIoU@0.5 | mIoU |
+-----------------+-----------------+-----------------+-----------------+------+
|       0.00      |       0.00      |       0.00      |       0.00      | 0.00 |
+-----------------+-----------------+-----------------+-----------------+------+

2026-04-22 16:46:46,176 
iter: 66970 train loss 0.1832 val loss 0.1652 test loss 0.0616
+performance on training set--------+-----------------+-----------------+-------+
| Rank@1,mIoU@0.3 | Rank@1,mIoU@0.5 | Rank@5,mIoU@0.3 | Rank@5,mIoU@0.5 | mIoU  |
+-----------------+-----------------+-----------------+-----------------+-------+
|      57.95      |      32.82      |      72.83      |      56.24      | 35.74 |
+-----------------+-----------------+-----------------+-----------------+-------+
+performance on validation set------+-----------------+-----------------+------+
| Rank@1,mIoU@0.3 | Rank@1,mIoU@0.5 | Rank@5,mIoU@0.3 | Rank@5,mIoU@0.5 | mIoU |
+-----------------+-----------------+-----------------+-----------------+------+
|       9.06      |       3.75      |      26.25      |      12.81      | 7.80 |
+-----------------+-----------------+-----------------+-----------------+------+
+performance on testing set---------+-----------------+-----------------+------+
| Rank@1,mIoU@0.3 | Rank@1,mIoU@0.5 | Rank@5,mIoU@0.3 | Rank@5,mIoU@0.5 | mIoU |
+-----------------+-----------------+-----------------+-----------------+------+
|       0.00      |       0.00      |       0.00      |       0.00      | 0.00 |
+-----------------+-----------------+-----------------+-----------------+------+

2026-04-22 16:53:10,992 
iter: 67332 train loss 0.1835 val loss 0.1646 test loss 0.0612
+performance on training set--------+-----------------+-----------------+-------+
| Rank@1,mIoU@0.3 | Rank@1,mIoU@0.5 | Rank@5,mIoU@0.3 | Rank@5,mIoU@0.5 | mIoU  |
+-----------------+-----------------+-----------------+-----------------+-------+
|      57.99      |      33.01      |      72.95      |      56.18      | 35.81 |
+-----------------+-----------------+-----------------+-----------------+-------+
+performance on validation set------+-----------------+-----------------+------+
| Rank@1,mIoU@0.3 | Rank@1,mIoU@0.5 | Rank@5,mIoU@0.3 | Rank@5,mIoU@0.5 | mIoU |
+-----------------+-----------------+-----------------+-----------------+------+
|       9.69      |       3.75      |      25.62      |      12.81      | 7.61 |
+-----------------+-----------------+-----------------+-----------------+------+
+performance on testing set---------+-----------------+-----------------+------+
| Rank@1,mIoU@0.3 | Rank@1,mIoU@0.5 | Rank@5,mIoU@0.3 | Rank@5,mIoU@0.5 | mIoU |
+-----------------+-----------------+-----------------+-----------------+------+
|       0.00      |       0.00      |       0.00      |       0.00      | 0.00 |
+-----------------+-----------------+-----------------+-----------------+------+

2026-04-22 16:59:47,545 
iter: 67694 train loss 0.1833 val loss 0.1636 test loss 0.0597
+performance on training set--------+-----------------+-----------------+-------+
| Rank@1,mIoU@0.3 | Rank@1,mIoU@0.5 | Rank@5,mIoU@0.3 | Rank@5,mIoU@0.5 | mIoU  |
+-----------------+-----------------+-----------------+-----------------+-------+
|      58.07      |      33.02      |      72.97      |      56.33      | 35.81 |
+-----------------+-----------------+-----------------+-----------------+-------+
+performance on validation set------+-----------------+-----------------+------+
| Rank@1,mIoU@0.3 | Rank@1,mIoU@0.5 | Rank@5,mIoU@0.3 | Rank@5,mIoU@0.5 | mIoU |
+-----------------+-----------------+-----------------+-----------------+------+
|       9.69      |       3.75      |      26.56      |      12.19      | 7.54 |
+-----------------+-----------------+-----------------+-----------------+------+
+performance on testing set---------+-----------------+-----------------+------+
| Rank@1,mIoU@0.3 | Rank@1,mIoU@0.5 | Rank@5,mIoU@0.3 | Rank@5,mIoU@0.5 | mIoU |
+-----------------+-----------------+-----------------+-----------------+------+
|       0.00      |       0.00      |       0.00      |       0.00      | 0.00 |
+-----------------+-----------------+-----------------+-----------------+------+

2026-04-22 17:06:23,594 
iter: 68056 train loss 0.1834 val loss 0.1629 test loss 0.0586
+performance on training set--------+-----------------+-----------------+-------+
| Rank@1,mIoU@0.3 | Rank@1,mIoU@0.5 | Rank@5,mIoU@0.3 | Rank@5,mIoU@0.5 | mIoU  |
+-----------------+-----------------+-----------------+-----------------+-------+
|      58.23      |      33.19      |      72.96      |      56.29      | 35.92 |
+-----------------+-----------------+-----------------+-----------------+-------+
+performance on validation set------+-----------------+-----------------+------+
| Rank@1,mIoU@0.3 | Rank@1,mIoU@0.5 | Rank@5,mIoU@0.3 | Rank@5,mIoU@0.5 | mIoU |
+-----------------+-----------------+-----------------+-----------------+------+
|      10.62      |       4.06      |      25.31      |      12.50      | 7.73 |
+-----------------+-----------------+-----------------+-----------------+------+
+performance on testing set---------+-----------------+-----------------+------+
| Rank@1,mIoU@0.3 | Rank@1,mIoU@0.5 | Rank@5,mIoU@0.3 | Rank@5,mIoU@0.5 | mIoU |
+-----------------+-----------------+-----------------+-----------------+------+
|       0.00      |       0.00      |       0.00      |       0.00      | 0.00 |
+-----------------+-----------------+-----------------+-----------------+------+

2026-04-22 17:13:02,689 
iter: 68418 train loss 0.1839 val loss 0.1642 test loss 0.0608
+performance on training set--------+-----------------+-----------------+-------+
| Rank@1,mIoU@0.3 | Rank@1,mIoU@0.5 | Rank@5,mIoU@0.3 | Rank@5,mIoU@0.5 | mIoU  |
+-----------------+-----------------+-----------------+-----------------+-------+
|      58.21      |      33.05      |      73.01      |      56.28      | 35.84 |
+-----------------+-----------------+-----------------+-----------------+-------+
+performance on validation set------+-----------------+-----------------+------+
| Rank@1,mIoU@0.3 | Rank@1,mIoU@0.5 | Rank@5,mIoU@0.3 | Rank@5,mIoU@0.5 | mIoU |
+-----------------+-----------------+-----------------+-----------------+------+
|      10.31      |       3.75      |      25.94      |      12.50      | 7.75 |
+-----------------+-----------------+-----------------+-----------------+------+
+performance on testing set---------+-----------------+-----------------+------+
| Rank@1,mIoU@0.3 | Rank@1,mIoU@0.5 | Rank@5,mIoU@0.3 | Rank@5,mIoU@0.5 | mIoU |
+-----------------+-----------------+-----------------+-----------------+------+
|       0.00      |       0.00      |       0.00      |       0.00      | 0.00 |
+-----------------+-----------------+-----------------+-----------------+------+

2026-04-22 17:19:22,145 
iter: 68780 train loss 0.1831 val loss 0.1639 test loss 0.0598
+performance on training set--------+-----------------+-----------------+-------+
| Rank@1,mIoU@0.3 | Rank@1,mIoU@0.5 | Rank@5,mIoU@0.3 | Rank@5,mIoU@0.5 | mIoU  |
+-----------------+-----------------+-----------------+-----------------+-------+
|      58.14      |      32.94      |      72.89      |      56.29      | 35.79 |
+-----------------+-----------------+-----------------+-----------------+-------+
+performance on validation set------+-----------------+-----------------+------+
| Rank@1,mIoU@0.3 | Rank@1,mIoU@0.5 | Rank@5,mIoU@0.3 | Rank@5,mIoU@0.5 | mIoU |
+-----------------+-----------------+-----------------+-----------------+------+
|       9.69      |       4.06      |      25.31      |      12.50      | 7.85 |
+-----------------+-----------------+-----------------+-----------------+------+
+performance on testing set---------+-----------------+-----------------+------+
| Rank@1,mIoU@0.3 | Rank@1,mIoU@0.5 | Rank@5,mIoU@0.3 | Rank@5,mIoU@0.5 | mIoU |
+-----------------+-----------------+-----------------+-----------------+------+
|       0.00      |       0.00      |       0.00      |       0.00      | 0.00 |
+-----------------+-----------------+-----------------+-----------------+------+

2026-04-22 17:25:40,125 
iter: 69142 train loss 0.1816 val loss 0.1624 test loss 0.0578
+performance on training set--------+-----------------+-----------------+-------+
| Rank@1,mIoU@0.3 | Rank@1,mIoU@0.5 | Rank@5,mIoU@0.3 | Rank@5,mIoU@0.5 | mIoU  |
+-----------------+-----------------+-----------------+-----------------+-------+
|      58.15      |      33.19      |      73.03      |      56.30      | 35.87 |
+-----------------+-----------------+-----------------+-----------------+-------+
+performance on validation set------+-----------------+-----------------+------+
| Rank@1,mIoU@0.3 | Rank@1,mIoU@0.5 | Rank@5,mIoU@0.3 | Rank@5,mIoU@0.5 | mIoU |
+-----------------+-----------------+-----------------+-----------------+------+
|       9.06      |       3.75      |      25.31      |      12.81      | 7.42 |
+-----------------+-----------------+-----------------+-----------------+------+
+performance on testing set---------+-----------------+-----------------+------+
| Rank@1,mIoU@0.3 | Rank@1,mIoU@0.5 | Rank@5,mIoU@0.3 | Rank@5,mIoU@0.5 | mIoU |
+-----------------+-----------------+-----------------+-----------------+------+
|       0.00      |       0.00      |       0.00      |       0.00      | 0.00 |
+-----------------+-----------------+-----------------+-----------------+------+

2026-04-22 17:32:00,224 
iter: 69504 train loss 0.1839 val loss 0.1646 test loss 0.0609
+performance on training set--------+-----------------+-----------------+-------+
| Rank@1,mIoU@0.3 | Rank@1,mIoU@0.5 | Rank@5,mIoU@0.3 | Rank@5,mIoU@0.5 | mIoU  |
+-----------------+-----------------+-----------------+-----------------+-------+
|      58.11      |      33.08      |      72.98      |      56.30      | 35.84 |
+-----------------+-----------------+-----------------+-----------------+-------+
+performance on validation set------+-----------------+-----------------+------+
| Rank@1,mIoU@0.3 | Rank@1,mIoU@0.5 | Rank@5,mIoU@0.3 | Rank@5,mIoU@0.5 | mIoU |
+-----------------+-----------------+-----------------+-----------------+------+
|      10.00      |       3.75      |      25.94      |      12.81      | 7.71 |
+-----------------+-----------------+-----------------+-----------------+------+
+performance on testing set---------+-----------------+-----------------+------+
| Rank@1,mIoU@0.3 | Rank@1,mIoU@0.5 | Rank@5,mIoU@0.3 | Rank@5,mIoU@0.5 | mIoU |
+-----------------+-----------------+-----------------+-----------------+------+
|       0.00      |       0.00      |       0.00      |       0.00      | 0.00 |
+-----------------+-----------------+-----------------+-----------------+------+

2026-04-22 17:38:18,221 
iter: 69866 train loss 0.1835 val loss 0.1653 test loss 0.0615
+performance on training set--------+-----------------+-----------------+-------+
| Rank@1,mIoU@0.3 | Rank@1,mIoU@0.5 | Rank@5,mIoU@0.3 | Rank@5,mIoU@0.5 | mIoU  |
+-----------------+-----------------+-----------------+-----------------+-------+
|      58.08      |      33.01      |      73.01      |      56.29      | 35.76 |
+-----------------+-----------------+-----------------+-----------------+-------+
+performance on validation set------+-----------------+-----------------+------+
| Rank@1,mIoU@0.3 | Rank@1,mIoU@0.5 | Rank@5,mIoU@0.3 | Rank@5,mIoU@0.5 | mIoU |
+-----------------+-----------------+-----------------+-----------------+------+
|      10.00      |       3.75      |      25.94      |      12.81      | 7.81 |
+-----------------+-----------------+-----------------+-----------------+------+
+performance on testing set---------+-----------------+-----------------+------+
| Rank@1,mIoU@0.3 | Rank@1,mIoU@0.5 | Rank@5,mIoU@0.3 | Rank@5,mIoU@0.5 | mIoU |
+-----------------+-----------------+-----------------+-----------------+------+
|       0.00      |       0.00      |       0.00      |       0.00      | 0.00 |
+-----------------+-----------------+-----------------+-----------------+------+

2026-04-22 17:44:39,514 
iter: 70228 train loss 0.1822 val loss 0.1638 test loss 0.0597
+performance on training set--------+-----------------+-----------------+-------+
| Rank@1,mIoU@0.3 | Rank@1,mIoU@0.5 | Rank@5,mIoU@0.3 | Rank@5,mIoU@0.5 | mIoU  |
+-----------------+-----------------+-----------------+-----------------+-------+
|      58.13      |      33.17      |      73.01      |      56.31      | 35.84 |
+-----------------+-----------------+-----------------+-----------------+-------+
+performance on validation set------+-----------------+-----------------+------+
| Rank@1,mIoU@0.3 | Rank@1,mIoU@0.5 | Rank@5,mIoU@0.3 | Rank@5,mIoU@0.5 | mIoU |
+-----------------+-----------------+-----------------+-----------------+------+
|       9.69      |       3.75      |      25.62      |      12.50      | 7.34 |
+-----------------+-----------------+-----------------+-----------------+------+
+performance on testing set---------+-----------------+-----------------+------+
| Rank@1,mIoU@0.3 | Rank@1,mIoU@0.5 | Rank@5,mIoU@0.3 | Rank@5,mIoU@0.5 | mIoU |
+-----------------+-----------------+-----------------+-----------------+------+
|       0.00      |       0.00      |       0.00      |       0.00      | 0.00 |
+-----------------+-----------------+-----------------+-----------------+------+

2026-04-22 17:51:00,625 
iter: 70590 train loss 0.1834 val loss 0.1644 test loss 0.0600
+performance on training set--------+-----------------+-----------------+-------+
| Rank@1,mIoU@0.3 | Rank@1,mIoU@0.5 | Rank@5,mIoU@0.3 | Rank@5,mIoU@0.5 | mIoU  |
+-----------------+-----------------+-----------------+-----------------+-------+
|      58.09      |      32.99      |      72.99      |      56.29      | 35.80 |
+-----------------+-----------------+-----------------+-----------------+-------+
+performance on validation set------+-----------------+-----------------+------+
| Rank@1,mIoU@0.3 | Rank@1,mIoU@0.5 | Rank@5,mIoU@0.3 | Rank@5,mIoU@0.5 | mIoU |
+-----------------+-----------------+-----------------+-----------------+------+
|      10.00      |       3.75      |      26.25      |      13.44      | 7.71 |
+-----------------+-----------------+-----------------+-----------------+------+
+performance on testing set---------+-----------------+-----------------+------+
| Rank@1,mIoU@0.3 | Rank@1,mIoU@0.5 | Rank@5,mIoU@0.3 | Rank@5,mIoU@0.5 | mIoU |
+-----------------+-----------------+-----------------+-----------------+------+
|       0.00      |       0.00      |       0.00      |       0.00      | 0.00 |
+-----------------+-----------------+-----------------+-----------------+------+

2026-04-22 17:57:18,665 
iter: 70952 train loss 0.1828 val loss 0.1644 test loss 0.0604
+performance on training set--------+-----------------+-----------------+-------+
| Rank@1,mIoU@0.3 | Rank@1,mIoU@0.5 | Rank@5,mIoU@0.3 | Rank@5,mIoU@0.5 | mIoU  |
+-----------------+-----------------+-----------------+-----------------+-------+
|      58.09      |      33.01      |      72.97      |      56.37      | 35.81 |
+-----------------+-----------------+-----------------+-----------------+-------+
+performance on validation set------+-----------------+-----------------+------+
| Rank@1,mIoU@0.3 | Rank@1,mIoU@0.5 | Rank@5,mIoU@0.3 | Rank@5,mIoU@0.5 | mIoU |
+-----------------+-----------------+-----------------+-----------------+------+
|      10.00      |       3.44      |      26.88      |      12.19      | 7.65 |
+-----------------+-----------------+-----------------+-----------------+------+
+performance on testing set---------+-----------------+-----------------+------+
| Rank@1,mIoU@0.3 | Rank@1,mIoU@0.5 | Rank@5,mIoU@0.3 | Rank@5,mIoU@0.5 | mIoU |
+-----------------+-----------------+-----------------+-----------------+------+
|       0.00      |       0.00      |       0.00      |       0.00      | 0.00 |
+-----------------+-----------------+-----------------+-----------------+------+

2026-04-22 18:03:38,547 
iter: 71314 train loss 0.1823 val loss 0.1635 test loss 0.0588
+performance on training set--------+-----------------+-----------------+-------+
| Rank@1,mIoU@0.3 | Rank@1,mIoU@0.5 | Rank@5,mIoU@0.3 | Rank@5,mIoU@0.5 | mIoU  |
+-----------------+-----------------+-----------------+-----------------+-------+
|      58.20      |      33.20      |      73.15      |      56.40      | 35.88 |
+-----------------+-----------------+-----------------+-----------------+-------+
+performance on validation set------+-----------------+-----------------+------+
| Rank@1,mIoU@0.3 | Rank@1,mIoU@0.5 | Rank@5,mIoU@0.3 | Rank@5,mIoU@0.5 | mIoU |
+-----------------+-----------------+-----------------+-----------------+------+
|      10.31      |       3.75      |      26.56      |      12.50      | 7.87 |
+-----------------+-----------------+-----------------+-----------------+------+
+performance on testing set---------+-----------------+-----------------+------+
| Rank@1,mIoU@0.3 | Rank@1,mIoU@0.5 | Rank@5,mIoU@0.3 | Rank@5,mIoU@0.5 | mIoU |
+-----------------+-----------------+-----------------+-----------------+------+
|       0.00      |       0.00      |       0.00      |       0.00      | 0.00 |
+-----------------+-----------------+-----------------+-----------------+------+

2026-04-22 18:10:01,816 
iter: 71676 train loss 0.1835 val loss 0.1640 test loss 0.0596
+performance on training set--------+-----------------+-----------------+-------+
| Rank@1,mIoU@0.3 | Rank@1,mIoU@0.5 | Rank@5,mIoU@0.3 | Rank@5,mIoU@0.5 | mIoU  |
+-----------------+-----------------+-----------------+-----------------+-------+
|      58.21      |      33.06      |      73.07      |      56.35      | 35.86 |
+-----------------+-----------------+-----------------+-----------------+-------+
+performance on validation set------+-----------------+-----------------+------+
| Rank@1,mIoU@0.3 | Rank@1,mIoU@0.5 | Rank@5,mIoU@0.3 | Rank@5,mIoU@0.5 | mIoU |
+-----------------+-----------------+-----------------+-----------------+------+
|      10.31      |       4.06      |      25.94      |      12.81      | 7.90 |
+-----------------+-----------------+-----------------+-----------------+------+
+performance on testing set---------+-----------------+-----------------+------+
| Rank@1,mIoU@0.3 | Rank@1,mIoU@0.5 | Rank@5,mIoU@0.3 | Rank@5,mIoU@0.5 | mIoU |
+-----------------+-----------------+-----------------+-----------------+------+
|       0.00      |       0.00      |       0.00      |       0.00      | 0.00 |
+-----------------+-----------------+-----------------+-----------------+------+

2026-04-22 18:16:39,459 
iter: 72038 train loss 0.1831 val loss 0.1648 test loss 0.0609
+performance on training set--------+-----------------+-----------------+-------+
| Rank@1,mIoU@0.3 | Rank@1,mIoU@0.5 | Rank@5,mIoU@0.3 | Rank@5,mIoU@0.5 | mIoU  |
+-----------------+-----------------+-----------------+-----------------+-------+
|      58.04      |      33.02      |      72.93      |      56.36      | 35.78 |
+-----------------+-----------------+-----------------+-----------------+-------+
+performance on validation set------+-----------------+-----------------+------+
| Rank@1,mIoU@0.3 | Rank@1,mIoU@0.5 | Rank@5,mIoU@0.3 | Rank@5,mIoU@0.5 | mIoU |
+-----------------+-----------------+-----------------+-----------------+------+
|      10.31      |       3.44      |      26.56      |      11.88      | 7.71 |
+-----------------+-----------------+-----------------+-----------------+------+
+performance on testing set---------+-----------------+-----------------+------+
| Rank@1,mIoU@0.3 | Rank@1,mIoU@0.5 | Rank@5,mIoU@0.3 | Rank@5,mIoU@0.5 | mIoU |
+-----------------+-----------------+-----------------+-----------------+------+
|       0.00      |       0.00      |       0.00      |       0.00      | 0.00 |
+-----------------+-----------------+-----------------+-----------------+------+

