2026-04-14 14:25:16,032 
Namespace(cfg='/DATA/Ego4d/episodic-memory/NLQ/2D-TAN/experiments/ego4d/2D-TAN-40x40-K9L4-pool-window-std-sf.yaml', gpus=None, workers=None, dataDir=None, modelDir=None, logDir=None, verbose=True, tag=None, debug=False)
2026-04-14 14:25:16,033 
{'CUDNN': {'BENCHMARK': True, 'DETERMINISTIC': False, 'ENABLED': True},
 'DATASET': {'BIAS': 0,
             'DOWNSAMPLING_STRIDE': 16,
             'MODALITY': '',
             'NAME': 'Ego4DClip',
             'NEGWINDOW': False,
             'NORMALIZE': True,
             'NO_VAL': False,
             'NUM_SAMPLE_CLIPS': 40,
             'RANDOM_SAMPLING': False,
             'ROOT': '',
             'SPLIT': '',
             'TARGET_STRIDE': 1,
             'TXT_FEATURE': 'bert',
             'VIS_INPUT_TYPE': 'clip',
             'WINDOW': 50},
 'DATA_DIR': './data/Ego4D_clip',
 'DEBUG': False,
 'LOG_DIR': './log',
 'LOSS': {'NAME': 'bce_rescale_loss',
          'PARAMS': {'BIAS': 0.3, 'MAX_IOU': 1.0, 'MIN_IOU': 0.3}},
 'MODEL': {'CHECKPOINT': 'checkpoints/Ego4DClip/TAN_slowfast/iter005030-0.0530-0.1242.pkl',
           'NAME': 'TAN'},
 'MODEL_DIR': './checkpoints',
 'RESULT_DIR': './results',
 'TAG': '',
 'TAN': {'FRAME_MODULE': {'NAME': 'FrameAvgPool',
                          'PARAMS': {'HIDDEN_SIZE': 512,
                                     'INPUT_SIZE': 512,
                                     'KERNEL_SIZE': 1,
                                     'STRIDE': 1}},
         'FUSION_MODULE': {'NAME': 'BaseFusion',
                           'PARAMS': {'HIDDEN_SIZE': 512,
                                      'LSTM': {'BIDIRECTIONAL': False,
                                               'NUM_LAYERS': 3},
                                      'TXT_HIDDEN_SIZE': 768,
                                      'TXT_INPUT_SIZE': 300}},
         'MAP_MODULE': {'NAME': 'MapConv',
                        'PARAMS': {'DILATIONS': [1, 1, 1, 1],
                                   'HIDDEN_SIZES': [512, 512, 512, 512],
                                   'INPUT_SIZE': 512,
                                   'KERNEL_SIZES': [9, 9, 9, 9],
                                   'PADDINGS': [16, 0, 0, 0],
                                   'STRIDES': [1, 1, 1, 1]}},
         'PRED_INPUT_SIZE': 512,
         'PROP_MODULE': {'NAME': 'SparsePropMaxPool',
                         'PARAMS': {'NUM_SCALE_LAYERS': [16, 8, 8]}}},
 'TEST': {'BATCH_SIZE': 16,
          'EVAL_TRAIN': True,
          'INTERVAL': 1,
          'NMS_THRESH': 0.5,
          'RECALL': '1,5',
          'TIOU': '0.3,0.5',
          'TOP_K': 10},
 'TRAIN': {'BATCH_SIZE': 32,
           'CONTINUE': False,
           'FACTOR': 0.8,
           'LR': 5e-05,
           'MAX_EPOCH': 100,
           'PATIENCE': 7,
           'SHUFFLE': True,
           'WEIGHT_DECAY': 0.0001},
 'VERBOSE': True,
 'WORKERS': 0}
2026-04-14 14:36:54,146 
iter: 187 train loss 0.6949 val loss 0.6925 test loss 0.6925
+performance on training set--------+-----------------+-----------------+-------+
| Rank@1,mIoU@0.3 | Rank@1,mIoU@0.5 | Rank@5,mIoU@0.3 | Rank@5,mIoU@0.5 | mIoU  |
+-----------------+-----------------+-----------------+-----------------+-------+
|      20.83      |       7.79      |      30.23      |      15.47      | 15.30 |
+-----------------+-----------------+-----------------+-----------------+-------+
+performance on validation set------+-----------------+-----------------+------+
| Rank@1,mIoU@0.3 | Rank@1,mIoU@0.5 | Rank@5,mIoU@0.3 | Rank@5,mIoU@0.5 | mIoU |
+-----------------+-----------------+-----------------+-----------------+------+
|       5.24      |       3.75      |       7.49      |       5.62      | 4.94 |
+-----------------+-----------------+-----------------+-----------------+------+
+performance on testing set---------+-----------------+-----------------+------+
| Rank@1,mIoU@0.3 | Rank@1,mIoU@0.5 | Rank@5,mIoU@0.3 | Rank@5,mIoU@0.5 | mIoU |
+-----------------+-----------------+-----------------+-----------------+------+
|       0.00      |       0.00      |       0.00      |       0.00      | 0.00 |
+-----------------+-----------------+-----------------+-----------------+------+

2026-04-14 14:47:27,731 
iter: 374 train loss 0.6899 val loss 0.6860 test loss 0.6859
+performance on training set--------+-----------------+-----------------+-------+
| Rank@1,mIoU@0.3 | Rank@1,mIoU@0.5 | Rank@5,mIoU@0.3 | Rank@5,mIoU@0.5 | mIoU  |
+-----------------+-----------------+-----------------+-----------------+-------+
|      20.83      |       7.79      |      30.23      |      15.47      | 15.30 |
+-----------------+-----------------+-----------------+-----------------+-------+
+performance on validation set------+-----------------+-----------------+------+
| Rank@1,mIoU@0.3 | Rank@1,mIoU@0.5 | Rank@5,mIoU@0.3 | Rank@5,mIoU@0.5 | mIoU |
+-----------------+-----------------+-----------------+-----------------+------+
|       5.24      |       3.75      |       7.49      |       5.62      | 4.94 |
+-----------------+-----------------+-----------------+-----------------+------+
+performance on testing set---------+-----------------+-----------------+------+
| Rank@1,mIoU@0.3 | Rank@1,mIoU@0.5 | Rank@5,mIoU@0.3 | Rank@5,mIoU@0.5 | mIoU |
+-----------------+-----------------+-----------------+-----------------+------+
|       0.00      |       0.00      |       0.00      |       0.00      | 0.00 |
+-----------------+-----------------+-----------------+-----------------+------+

2026-04-14 14:57:59,386 
iter: 561 train loss 0.6828 val loss 0.6754 test loss 0.6751
+performance on training set--------+-----------------+-----------------+-------+
| Rank@1,mIoU@0.3 | Rank@1,mIoU@0.5 | Rank@5,mIoU@0.3 | Rank@5,mIoU@0.5 | mIoU  |
+-----------------+-----------------+-----------------+-----------------+-------+
|      19.89      |       8.31      |      44.81      |      24.62      | 15.83 |
+-----------------+-----------------+-----------------+-----------------+-------+
+performance on validation set------+-----------------+-----------------+------+
| Rank@1,mIoU@0.3 | Rank@1,mIoU@0.5 | Rank@5,mIoU@0.3 | Rank@5,mIoU@0.5 | mIoU |
+-----------------+-----------------+-----------------+-----------------+------+
|       3.37      |       1.50      |       8.24      |       4.49      | 3.12 |
+-----------------+-----------------+-----------------+-----------------+------+
+performance on testing set---------+-----------------+-----------------+------+
| Rank@1,mIoU@0.3 | Rank@1,mIoU@0.5 | Rank@5,mIoU@0.3 | Rank@5,mIoU@0.5 | mIoU |
+-----------------+-----------------+-----------------+-----------------+------+
|       0.00      |       0.00      |       0.00      |       0.00      | 0.00 |
+-----------------+-----------------+-----------------+-----------------+------+

2026-04-14 15:07:57,438 
iter: 748 train loss 0.3946 val loss 0.0911 test loss 0.0713
+performance on training set--------+-----------------+-----------------+-------+
| Rank@1,mIoU@0.3 | Rank@1,mIoU@0.5 | Rank@5,mIoU@0.3 | Rank@5,mIoU@0.5 | mIoU  |
+-----------------+-----------------+-----------------+-----------------+-------+
|      20.09      |       8.27      |      48.88      |      24.40      | 16.33 |
+-----------------+-----------------+-----------------+-----------------+-------+
+performance on validation set------+-----------------+-----------------+------+
| Rank@1,mIoU@0.3 | Rank@1,mIoU@0.5 | Rank@5,mIoU@0.3 | Rank@5,mIoU@0.5 | mIoU |
+-----------------+-----------------+-----------------+-----------------+------+
|       0.75      |       0.75      |       5.62      |       3.37      | 0.51 |
+-----------------+-----------------+-----------------+-----------------+------+
+performance on testing set---------+-----------------+-----------------+------+
| Rank@1,mIoU@0.3 | Rank@1,mIoU@0.5 | Rank@5,mIoU@0.3 | Rank@5,mIoU@0.5 | mIoU |
+-----------------+-----------------+-----------------+-----------------+------+
|       0.00      |       0.00      |       0.00      |       0.00      | 0.00 |
+-----------------+-----------------+-----------------+-----------------+------+

2026-04-14 15:18:18,149 
iter: 935 train loss 0.2421 val loss 0.0932 test loss 0.0740
+performance on training set--------+-----------------+-----------------+-------+
| Rank@1,mIoU@0.3 | Rank@1,mIoU@0.5 | Rank@5,mIoU@0.3 | Rank@5,mIoU@0.5 | mIoU  |
+-----------------+-----------------+-----------------+-----------------+-------+
|      20.89      |       8.07      |      46.61      |      23.59      | 15.87 |
+-----------------+-----------------+-----------------+-----------------+-------+
+performance on validation set------+-----------------+-----------------+------+
| Rank@1,mIoU@0.3 | Rank@1,mIoU@0.5 | Rank@5,mIoU@0.3 | Rank@5,mIoU@0.5 | mIoU |
+-----------------+-----------------+-----------------+-----------------+------+
|       1.87      |       1.87      |       6.37      |       4.87      | 1.30 |
+-----------------+-----------------+-----------------+-----------------+------+
+performance on testing set---------+-----------------+-----------------+------+
| Rank@1,mIoU@0.3 | Rank@1,mIoU@0.5 | Rank@5,mIoU@0.3 | Rank@5,mIoU@0.5 | mIoU |
+-----------------+-----------------+-----------------+-----------------+------+
|       0.00      |       0.00      |       0.00      |       0.00      | 0.00 |
+-----------------+-----------------+-----------------+-----------------+------+

2026-04-14 15:28:44,263 
iter: 1122 train loss 0.2409 val loss 0.0937 test loss 0.0745
+performance on training set--------+-----------------+-----------------+-------+
| Rank@1,mIoU@0.3 | Rank@1,mIoU@0.5 | Rank@5,mIoU@0.3 | Rank@5,mIoU@0.5 | mIoU  |
+-----------------+-----------------+-----------------+-----------------+-------+
|      20.83      |       7.79      |      50.39      |      25.60      | 15.30 |
+-----------------+-----------------+-----------------+-----------------+-------+
+performance on validation set------+-----------------+-----------------+------+
| Rank@1,mIoU@0.3 | Rank@1,mIoU@0.5 | Rank@5,mIoU@0.3 | Rank@5,mIoU@0.5 | mIoU |
+-----------------+-----------------+-----------------+-----------------+------+
|       1.87      |       1.50      |       6.74      |       4.12      | 1.29 |
+-----------------+-----------------+-----------------+-----------------+------+
+performance on testing set---------+-----------------+-----------------+------+
| Rank@1,mIoU@0.3 | Rank@1,mIoU@0.5 | Rank@5,mIoU@0.3 | Rank@5,mIoU@0.5 | mIoU |
+-----------------+-----------------+-----------------+-----------------+------+
|       0.00      |       0.00      |       0.00      |       0.00      | 0.00 |
+-----------------+-----------------+-----------------+-----------------+------+

2026-04-14 15:39:04,033 
iter: 1309 train loss 0.2412 val loss 0.0972 test loss 0.0784
+performance on training set--------+-----------------+-----------------+-------+
| Rank@1,mIoU@0.3 | Rank@1,mIoU@0.5 | Rank@5,mIoU@0.3 | Rank@5,mIoU@0.5 | mIoU  |
+-----------------+-----------------+-----------------+-----------------+-------+
|      20.83      |       7.79      |      50.39      |      25.60      | 15.30 |
+-----------------+-----------------+-----------------+-----------------+-------+
+performance on validation set------+-----------------+-----------------+------+
| Rank@1,mIoU@0.3 | Rank@1,mIoU@0.5 | Rank@5,mIoU@0.3 | Rank@5,mIoU@0.5 | mIoU |
+-----------------+-----------------+-----------------+-----------------+------+
|       2.25      |       1.87      |       7.12      |       4.49      | 1.55 |
+-----------------+-----------------+-----------------+-----------------+------+
+performance on testing set---------+-----------------+-----------------+------+
| Rank@1,mIoU@0.3 | Rank@1,mIoU@0.5 | Rank@5,mIoU@0.3 | Rank@5,mIoU@0.5 | mIoU |
+-----------------+-----------------+-----------------+-----------------+------+
|       0.00      |       0.00      |       0.00      |       0.00      | 0.00 |
+-----------------+-----------------+-----------------+-----------------+------+

2026-04-14 15:49:14,905 
iter: 1496 train loss 0.2411 val loss 0.0945 test loss 0.0754
+performance on training set--------+-----------------+-----------------+-------+
| Rank@1,mIoU@0.3 | Rank@1,mIoU@0.5 | Rank@5,mIoU@0.3 | Rank@5,mIoU@0.5 | mIoU  |
+-----------------+-----------------+-----------------+-----------------+-------+
|      20.83      |       7.79      |      50.89      |      25.92      | 15.30 |
+-----------------+-----------------+-----------------+-----------------+-------+
+performance on validation set------+-----------------+-----------------+------+
| Rank@1,mIoU@0.3 | Rank@1,mIoU@0.5 | Rank@5,mIoU@0.3 | Rank@5,mIoU@0.5 | mIoU |
+-----------------+-----------------+-----------------+-----------------+------+
|       2.25      |       1.50      |       8.99      |       5.24      | 1.57 |
+-----------------+-----------------+-----------------+-----------------+------+
+performance on testing set---------+-----------------+-----------------+------+
| Rank@1,mIoU@0.3 | Rank@1,mIoU@0.5 | Rank@5,mIoU@0.3 | Rank@5,mIoU@0.5 | mIoU |
+-----------------+-----------------+-----------------+-----------------+------+
|       0.00      |       0.00      |       0.00      |       0.00      | 0.00 |
+-----------------+-----------------+-----------------+-----------------+------+

2026-04-14 15:59:00,820 
iter: 1683 train loss 0.2421 val loss 0.0943 test loss 0.0752
+performance on training set--------+-----------------+-----------------+-------+
| Rank@1,mIoU@0.3 | Rank@1,mIoU@0.5 | Rank@5,mIoU@0.3 | Rank@5,mIoU@0.5 | mIoU  |
+-----------------+-----------------+-----------------+-----------------+-------+
|      20.93      |       8.02      |      48.81      |      24.75      | 14.96 |
+-----------------+-----------------+-----------------+-----------------+-------+
+performance on validation set------+-----------------+-----------------+------+
| Rank@1,mIoU@0.3 | Rank@1,mIoU@0.5 | Rank@5,mIoU@0.3 | Rank@5,mIoU@0.5 | mIoU |
+-----------------+-----------------+-----------------+-----------------+------+
|       2.62      |       1.50      |       9.36      |       5.24      | 1.81 |
+-----------------+-----------------+-----------------+-----------------+------+
+performance on testing set---------+-----------------+-----------------+------+
| Rank@1,mIoU@0.3 | Rank@1,mIoU@0.5 | Rank@5,mIoU@0.3 | Rank@5,mIoU@0.5 | mIoU |
+-----------------+-----------------+-----------------+-----------------+------+
|       0.00      |       0.00      |       0.00      |       0.00      | 0.00 |
+-----------------+-----------------+-----------------+-----------------+------+

2026-04-14 16:08:02,250 
iter: 1870 train loss 0.2397 val loss 0.0898 test loss 0.0699
+performance on training set--------+-----------------+-----------------+-------+
| Rank@1,mIoU@0.3 | Rank@1,mIoU@0.5 | Rank@5,mIoU@0.3 | Rank@5,mIoU@0.5 | mIoU  |
+-----------------+-----------------+-----------------+-----------------+-------+
|      20.83      |       7.84      |      49.61      |      25.09      | 15.30 |
+-----------------+-----------------+-----------------+-----------------+-------+
+performance on validation set------+-----------------+-----------------+------+
| Rank@1,mIoU@0.3 | Rank@1,mIoU@0.5 | Rank@5,mIoU@0.3 | Rank@5,mIoU@0.5 | mIoU |
+-----------------+-----------------+-----------------+-----------------+------+
|       2.62      |       1.50      |       9.36      |       5.24      | 1.71 |
+-----------------+-----------------+-----------------+-----------------+------+
+performance on testing set---------+-----------------+-----------------+------+
| Rank@1,mIoU@0.3 | Rank@1,mIoU@0.5 | Rank@5,mIoU@0.3 | Rank@5,mIoU@0.5 | mIoU |
+-----------------+-----------------+-----------------+-----------------+------+
|       0.00      |       0.00      |       0.00      |       0.00      | 0.00 |
+-----------------+-----------------+-----------------+-----------------+------+

2026-04-14 16:17:30,428 
iter: 2057 train loss 0.2419 val loss 0.0924 test loss 0.0728
+performance on training set--------+-----------------+-----------------+-------+
| Rank@1,mIoU@0.3 | Rank@1,mIoU@0.5 | Rank@5,mIoU@0.3 | Rank@5,mIoU@0.5 | mIoU  |
+-----------------+-----------------+-----------------+-----------------+-------+
|      20.93      |       8.02      |      48.79      |      24.75      | 14.97 |
+-----------------+-----------------+-----------------+-----------------+-------+
+performance on validation set------+-----------------+-----------------+------+
| Rank@1,mIoU@0.3 | Rank@1,mIoU@0.5 | Rank@5,mIoU@0.3 | Rank@5,mIoU@0.5 | mIoU |
+-----------------+-----------------+-----------------+-----------------+------+
|       2.62      |       1.50      |      10.11      |       5.99      | 1.80 |
+-----------------+-----------------+-----------------+-----------------+------+
+performance on testing set---------+-----------------+-----------------+------+
| Rank@1,mIoU@0.3 | Rank@1,mIoU@0.5 | Rank@5,mIoU@0.3 | Rank@5,mIoU@0.5 | mIoU |
+-----------------+-----------------+-----------------+-----------------+------+
|       0.00      |       0.00      |       0.00      |       0.00      | 0.00 |
+-----------------+-----------------+-----------------+-----------------+------+

2026-04-14 16:28:02,245 
iter: 2244 train loss 0.2402 val loss 0.1002 test loss 0.0820
+performance on training set--------+-----------------+-----------------+-------+
| Rank@1,mIoU@0.3 | Rank@1,mIoU@0.5 | Rank@5,mIoU@0.3 | Rank@5,mIoU@0.5 | mIoU  |
+-----------------+-----------------+-----------------+-----------------+-------+
|      20.93      |       8.02      |      49.56      |      24.77      | 14.97 |
+-----------------+-----------------+-----------------+-----------------+-------+
+performance on validation set------+-----------------+-----------------+------+
| Rank@1,mIoU@0.3 | Rank@1,mIoU@0.5 | Rank@5,mIoU@0.3 | Rank@5,mIoU@0.5 | mIoU |
+-----------------+-----------------+-----------------+-----------------+------+
|       3.75      |       2.25      |      14.61      |       5.24      | 2.71 |
+-----------------+-----------------+-----------------+-----------------+------+
+performance on testing set---------+-----------------+-----------------+------+
| Rank@1,mIoU@0.3 | Rank@1,mIoU@0.5 | Rank@5,mIoU@0.3 | Rank@5,mIoU@0.5 | mIoU |
+-----------------+-----------------+-----------------+-----------------+------+
|       0.00      |       0.00      |       0.00      |       0.00      | 0.00 |
+-----------------+-----------------+-----------------+-----------------+------+

2026-04-14 16:38:11,979 
iter: 2431 train loss 0.2415 val loss 0.1001 test loss 0.0799
+performance on training set--------+-----------------+-----------------+-------+
| Rank@1,mIoU@0.3 | Rank@1,mIoU@0.5 | Rank@5,mIoU@0.3 | Rank@5,mIoU@0.5 | mIoU  |
+-----------------+-----------------+-----------------+-----------------+-------+
|      21.49      |       8.56      |      49.56      |      25.45      | 15.43 |
+-----------------+-----------------+-----------------+-----------------+-------+
+performance on validation set------+-----------------+-----------------+------+
| Rank@1,mIoU@0.3 | Rank@1,mIoU@0.5 | Rank@5,mIoU@0.3 | Rank@5,mIoU@0.5 | mIoU |
+-----------------+-----------------+-----------------+-----------------+------+
|       3.75      |       2.25      |      11.99      |       7.12      | 2.19 |
+-----------------+-----------------+-----------------+-----------------+------+
+performance on testing set---------+-----------------+-----------------+------+
| Rank@1,mIoU@0.3 | Rank@1,mIoU@0.5 | Rank@5,mIoU@0.3 | Rank@5,mIoU@0.5 | mIoU |
+-----------------+-----------------+-----------------+-----------------+------+
|       0.00      |       0.00      |       0.00      |       0.00      | 0.00 |
+-----------------+-----------------+-----------------+-----------------+------+

2026-04-14 16:47:44,352 
iter: 2618 train loss 0.2405 val loss 0.1081 test loss 0.0884
+performance on training set--------+-----------------+-----------------+-------+
| Rank@1,mIoU@0.3 | Rank@1,mIoU@0.5 | Rank@5,mIoU@0.3 | Rank@5,mIoU@0.5 | mIoU  |
+-----------------+-----------------+-----------------+-----------------+-------+
|      22.39      |       9.37      |      49.69      |      25.67      | 16.01 |
+-----------------+-----------------+-----------------+-----------------+-------+
+performance on validation set------+-----------------+-----------------+------+
| Rank@1,mIoU@0.3 | Rank@1,mIoU@0.5 | Rank@5,mIoU@0.3 | Rank@5,mIoU@0.5 | mIoU |
+-----------------+-----------------+-----------------+-----------------+------+
|       3.00      |       2.25      |      13.11      |       7.87      | 2.06 |
+-----------------+-----------------+-----------------+-----------------+------+
+performance on testing set---------+-----------------+-----------------+------+
| Rank@1,mIoU@0.3 | Rank@1,mIoU@0.5 | Rank@5,mIoU@0.3 | Rank@5,mIoU@0.5 | mIoU |
+-----------------+-----------------+-----------------+-----------------+------+
|       0.00      |       0.00      |       0.00      |       0.00      | 0.00 |
+-----------------+-----------------+-----------------+-----------------+------+

2026-04-14 16:57:44,285 
iter: 2805 train loss 0.2397 val loss 0.0937 test loss 0.0724
+performance on training set--------+-----------------+-----------------+-------+
| Rank@1,mIoU@0.3 | Rank@1,mIoU@0.5 | Rank@5,mIoU@0.3 | Rank@5,mIoU@0.5 | mIoU  |
+-----------------+-----------------+-----------------+-----------------+-------+
|      24.02      |      11.07      |      50.52      |      25.65      | 17.15 |
+-----------------+-----------------+-----------------+-----------------+-------+
+performance on validation set------+-----------------+-----------------+------+
| Rank@1,mIoU@0.3 | Rank@1,mIoU@0.5 | Rank@5,mIoU@0.3 | Rank@5,mIoU@0.5 | mIoU |
+-----------------+-----------------+-----------------+-----------------+------+
|       3.37      |       1.12      |      13.11      |       7.87      | 1.75 |
+-----------------+-----------------+-----------------+-----------------+------+
+performance on testing set---------+-----------------+-----------------+------+
| Rank@1,mIoU@0.3 | Rank@1,mIoU@0.5 | Rank@5,mIoU@0.3 | Rank@5,mIoU@0.5 | mIoU |
+-----------------+-----------------+-----------------+-----------------+------+
|       0.00      |       0.00      |       0.00      |       0.00      | 0.00 |
+-----------------+-----------------+-----------------+-----------------+------+

2026-04-14 17:07:28,839 
iter: 2992 train loss 0.2399 val loss 0.1042 test loss 0.0812
+performance on training set--------+-----------------+-----------------+-------+
| Rank@1,mIoU@0.3 | Rank@1,mIoU@0.5 | Rank@5,mIoU@0.3 | Rank@5,mIoU@0.5 | mIoU  |
+-----------------+-----------------+-----------------+-----------------+-------+
|      24.92      |      11.82      |      50.59      |      26.54      | 17.34 |
+-----------------+-----------------+-----------------+-----------------+-------+
+performance on validation set------+-----------------+-----------------+------+
| Rank@1,mIoU@0.3 | Rank@1,mIoU@0.5 | Rank@5,mIoU@0.3 | Rank@5,mIoU@0.5 | mIoU |
+-----------------+-----------------+-----------------+-----------------+------+
|       5.24      |       1.50      |      11.24      |       6.37      | 2.55 |
+-----------------+-----------------+-----------------+-----------------+------+
+performance on testing set---------+-----------------+-----------------+------+
| Rank@1,mIoU@0.3 | Rank@1,mIoU@0.5 | Rank@5,mIoU@0.3 | Rank@5,mIoU@0.5 | mIoU |
+-----------------+-----------------+-----------------+-----------------+------+
|       0.00      |       0.00      |       0.00      |       0.00      | 0.00 |
+-----------------+-----------------+-----------------+-----------------+------+

2026-04-14 17:17:53,491 
iter: 3179 train loss 0.2392 val loss 0.1030 test loss 0.0816
+performance on training set--------+-----------------+-----------------+-------+
| Rank@1,mIoU@0.3 | Rank@1,mIoU@0.5 | Rank@5,mIoU@0.3 | Rank@5,mIoU@0.5 | mIoU  |
+-----------------+-----------------+-----------------+-----------------+-------+
|      24.84      |      11.49      |      50.06      |      26.27      | 17.31 |
+-----------------+-----------------+-----------------+-----------------+-------+
+performance on validation set------+-----------------+-----------------+------+
| Rank@1,mIoU@0.3 | Rank@1,mIoU@0.5 | Rank@5,mIoU@0.3 | Rank@5,mIoU@0.5 | mIoU |
+-----------------+-----------------+-----------------+-----------------+------+
|       3.37      |       0.37      |      10.86      |       6.37      | 1.55 |
+-----------------+-----------------+-----------------+-----------------+------+
+performance on testing set---------+-----------------+-----------------+------+
| Rank@1,mIoU@0.3 | Rank@1,mIoU@0.5 | Rank@5,mIoU@0.3 | Rank@5,mIoU@0.5 | mIoU |
+-----------------+-----------------+-----------------+-----------------+------+
|       0.00      |       0.00      |       0.00      |       0.00      | 0.00 |
+-----------------+-----------------+-----------------+-----------------+------+

2026-04-14 17:27:52,491 
iter: 3366 train loss 0.2381 val loss 0.0890 test loss 0.0654
+performance on training set--------+-----------------+-----------------+-------+
| Rank@1,mIoU@0.3 | Rank@1,mIoU@0.5 | Rank@5,mIoU@0.3 | Rank@5,mIoU@0.5 | mIoU  |
+-----------------+-----------------+-----------------+-----------------+-------+
|      26.24      |      12.74      |      51.44      |      27.15      | 18.20 |
+-----------------+-----------------+-----------------+-----------------+-------+
+performance on validation set------+-----------------+-----------------+------+
| Rank@1,mIoU@0.3 | Rank@1,mIoU@0.5 | Rank@5,mIoU@0.3 | Rank@5,mIoU@0.5 | mIoU |
+-----------------+-----------------+-----------------+-----------------+------+
|       4.12      |       1.50      |       8.99      |       5.24      | 2.20 |
+-----------------+-----------------+-----------------+-----------------+------+
+performance on testing set---------+-----------------+-----------------+------+
| Rank@1,mIoU@0.3 | Rank@1,mIoU@0.5 | Rank@5,mIoU@0.3 | Rank@5,mIoU@0.5 | mIoU |
+-----------------+-----------------+-----------------+-----------------+------+
|       0.00      |       0.00      |       0.00      |       0.00      | 0.00 |
+-----------------+-----------------+-----------------+-----------------+------+

2026-04-14 17:37:36,171 
iter: 3553 train loss 0.2382 val loss 0.0926 test loss 0.0689
+performance on training set--------+-----------------+-----------------+-------+
| Rank@1,mIoU@0.3 | Rank@1,mIoU@0.5 | Rank@5,mIoU@0.3 | Rank@5,mIoU@0.5 | mIoU  |
+-----------------+-----------------+-----------------+-----------------+-------+
|      26.85      |      13.10      |      51.36      |      27.10      | 18.44 |
+-----------------+-----------------+-----------------+-----------------+-------+
+performance on validation set------+-----------------+-----------------+------+
| Rank@1,mIoU@0.3 | Rank@1,mIoU@0.5 | Rank@5,mIoU@0.3 | Rank@5,mIoU@0.5 | mIoU |
+-----------------+-----------------+-----------------+-----------------+------+
|       4.12      |       1.12      |      10.49      |       5.99      | 2.27 |
+-----------------+-----------------+-----------------+-----------------+------+
+performance on testing set---------+-----------------+-----------------+------+
| Rank@1,mIoU@0.3 | Rank@1,mIoU@0.5 | Rank@5,mIoU@0.3 | Rank@5,mIoU@0.5 | mIoU |
+-----------------+-----------------+-----------------+-----------------+------+
|       0.00      |       0.00      |       0.00      |       0.00      | 0.00 |
+-----------------+-----------------+-----------------+-----------------+------+

2026-04-14 17:47:59,986 
iter: 3740 train loss 0.2360 val loss 0.0987 test loss 0.0759
+performance on training set--------+-----------------+-----------------+-------+
| Rank@1,mIoU@0.3 | Rank@1,mIoU@0.5 | Rank@5,mIoU@0.3 | Rank@5,mIoU@0.5 | mIoU  |
+-----------------+-----------------+-----------------+-----------------+-------+
|      26.42      |      12.95      |      50.46      |      26.39      | 18.50 |
+-----------------+-----------------+-----------------+-----------------+-------+
+performance on validation set------+-----------------+-----------------+------+
| Rank@1,mIoU@0.3 | Rank@1,mIoU@0.5 | Rank@5,mIoU@0.3 | Rank@5,mIoU@0.5 | mIoU |
+-----------------+-----------------+-----------------+-----------------+------+
|       3.75      |       1.50      |      10.11      |       6.37      | 2.06 |
+-----------------+-----------------+-----------------+-----------------+------+
+performance on testing set---------+-----------------+-----------------+------+
| Rank@1,mIoU@0.3 | Rank@1,mIoU@0.5 | Rank@5,mIoU@0.3 | Rank@5,mIoU@0.5 | mIoU |
+-----------------+-----------------+-----------------+-----------------+------+
|       0.00      |       0.00      |       0.00      |       0.00      | 0.00 |
+-----------------+-----------------+-----------------+-----------------+------+

2026-04-14 17:59:09,162 
iter: 3927 train loss 0.2382 val loss 0.1053 test loss 0.0739
+performance on training set--------+-----------------+-----------------+-------+
| Rank@1,mIoU@0.3 | Rank@1,mIoU@0.5 | Rank@5,mIoU@0.3 | Rank@5,mIoU@0.5 | mIoU  |
+-----------------+-----------------+-----------------+-----------------+-------+
|      28.72      |      14.05      |      52.24      |      28.40      | 19.31 |
+-----------------+-----------------+-----------------+-----------------+-------+
+performance on validation set------+-----------------+-----------------+------+
| Rank@1,mIoU@0.3 | Rank@1,mIoU@0.5 | Rank@5,mIoU@0.3 | Rank@5,mIoU@0.5 | mIoU |
+-----------------+-----------------+-----------------+-----------------+------+
|       4.87      |       3.00      |      11.61      |       8.61      | 2.95 |
+-----------------+-----------------+-----------------+-----------------+------+
+performance on testing set---------+-----------------+-----------------+------+
| Rank@1,mIoU@0.3 | Rank@1,mIoU@0.5 | Rank@5,mIoU@0.3 | Rank@5,mIoU@0.5 | mIoU |
+-----------------+-----------------+-----------------+-----------------+------+
|       0.00      |       0.00      |       0.00      |       0.00      | 0.00 |
+-----------------+-----------------+-----------------+-----------------+------+

2026-04-14 18:10:07,221 
iter: 4114 train loss 0.2355 val loss 0.1030 test loss 0.0764
+performance on training set--------+-----------------+-----------------+-------+
| Rank@1,mIoU@0.3 | Rank@1,mIoU@0.5 | Rank@5,mIoU@0.3 | Rank@5,mIoU@0.5 | mIoU  |
+-----------------+-----------------+-----------------+-----------------+-------+
|      28.85      |      14.10      |      53.04      |      28.20      | 19.28 |
+-----------------+-----------------+-----------------+-----------------+-------+
+performance on validation set------+-----------------+-----------------+------+
| Rank@1,mIoU@0.3 | Rank@1,mIoU@0.5 | Rank@5,mIoU@0.3 | Rank@5,mIoU@0.5 | mIoU |
+-----------------+-----------------+-----------------+-----------------+------+
|       4.12      |       2.25      |      11.24      |       7.87      | 2.48 |
+-----------------+-----------------+-----------------+-----------------+------+
+performance on testing set---------+-----------------+-----------------+------+
| Rank@1,mIoU@0.3 | Rank@1,mIoU@0.5 | Rank@5,mIoU@0.3 | Rank@5,mIoU@0.5 | mIoU |
+-----------------+-----------------+-----------------+-----------------+------+
|       0.00      |       0.00      |       0.00      |       0.00      | 0.00 |
+-----------------+-----------------+-----------------+-----------------+------+

2026-04-14 18:20:10,555 
iter: 4301 train loss 0.2365 val loss 0.1017 test loss 0.0787
+performance on training set--------+-----------------+-----------------+-------+
| Rank@1,mIoU@0.3 | Rank@1,mIoU@0.5 | Rank@5,mIoU@0.3 | Rank@5,mIoU@0.5 | mIoU  |
+-----------------+-----------------+-----------------+-----------------+-------+
|      29.18      |      14.20      |      52.21      |      27.33      | 19.70 |
+-----------------+-----------------+-----------------+-----------------+-------+
+performance on validation set------+-----------------+-----------------+------+
| Rank@1,mIoU@0.3 | Rank@1,mIoU@0.5 | Rank@5,mIoU@0.3 | Rank@5,mIoU@0.5 | mIoU |
+-----------------+-----------------+-----------------+-----------------+------+
|       4.12      |       2.62      |      10.86      |       7.49      | 2.64 |
+-----------------+-----------------+-----------------+-----------------+------+
+performance on testing set---------+-----------------+-----------------+------+
| Rank@1,mIoU@0.3 | Rank@1,mIoU@0.5 | Rank@5,mIoU@0.3 | Rank@5,mIoU@0.5 | mIoU |
+-----------------+-----------------+-----------------+-----------------+------+
|       0.00      |       0.00      |       0.00      |       0.00      | 0.00 |
+-----------------+-----------------+-----------------+-----------------+------+

2026-04-14 18:30:18,330 
iter: 4488 train loss 0.2346 val loss 0.0976 test loss 0.0712
+performance on training set--------+-----------------+-----------------+-------+
| Rank@1,mIoU@0.3 | Rank@1,mIoU@0.5 | Rank@5,mIoU@0.3 | Rank@5,mIoU@0.5 | mIoU  |
+-----------------+-----------------+-----------------+-----------------+-------+
|      29.88      |      14.72      |      53.15      |      28.50      | 20.10 |
+-----------------+-----------------+-----------------+-----------------+-------+
+performance on validation set------+-----------------+-----------------+------+
| Rank@1,mIoU@0.3 | Rank@1,mIoU@0.5 | Rank@5,mIoU@0.3 | Rank@5,mIoU@0.5 | mIoU |
+-----------------+-----------------+-----------------+-----------------+------+
|       4.49      |       2.62      |      11.99      |       7.49      | 3.04 |
+-----------------+-----------------+-----------------+-----------------+------+
+performance on testing set---------+-----------------+-----------------+------+
| Rank@1,mIoU@0.3 | Rank@1,mIoU@0.5 | Rank@5,mIoU@0.3 | Rank@5,mIoU@0.5 | mIoU |
+-----------------+-----------------+-----------------+-----------------+------+
|       0.00      |       0.00      |       0.00      |       0.00      | 0.00 |
+-----------------+-----------------+-----------------+-----------------+------+

2026-04-14 18:40:20,707 
iter: 4675 train loss 0.2342 val loss 0.0958 test loss 0.0673
+performance on training set--------+-----------------+-----------------+-------+
| Rank@1,mIoU@0.3 | Rank@1,mIoU@0.5 | Rank@5,mIoU@0.3 | Rank@5,mIoU@0.5 | mIoU  |
+-----------------+-----------------+-----------------+-----------------+-------+
|      31.50      |      15.62      |      54.07      |      29.68      | 20.56 |
+-----------------+-----------------+-----------------+-----------------+-------+
+performance on validation set------+-----------------+-----------------+------+
| Rank@1,mIoU@0.3 | Rank@1,mIoU@0.5 | Rank@5,mIoU@0.3 | Rank@5,mIoU@0.5 | mIoU |
+-----------------+-----------------+-----------------+-----------------+------+
|       5.62      |       3.00      |      10.49      |       6.74      | 3.44 |
+-----------------+-----------------+-----------------+-----------------+------+
+performance on testing set---------+-----------------+-----------------+------+
| Rank@1,mIoU@0.3 | Rank@1,mIoU@0.5 | Rank@5,mIoU@0.3 | Rank@5,mIoU@0.5 | mIoU |
+-----------------+-----------------+-----------------+-----------------+------+
|       0.00      |       0.00      |       0.00      |       0.00      | 0.00 |
+-----------------+-----------------+-----------------+-----------------+------+

2026-04-14 18:50:32,994 
iter: 4862 train loss 0.2341 val loss 0.1018 test loss 0.0768
+performance on training set--------+-----------------+-----------------+-------+
| Rank@1,mIoU@0.3 | Rank@1,mIoU@0.5 | Rank@5,mIoU@0.3 | Rank@5,mIoU@0.5 | mIoU  |
+-----------------+-----------------+-----------------+-----------------+-------+
|      32.18      |      16.11      |      54.69      |      29.88      | 20.96 |
+-----------------+-----------------+-----------------+-----------------+-------+
+performance on validation set------+-----------------+-----------------+------+
| Rank@1,mIoU@0.3 | Rank@1,mIoU@0.5 | Rank@5,mIoU@0.3 | Rank@5,mIoU@0.5 | mIoU |
+-----------------+-----------------+-----------------+-----------------+------+
|       4.12      |       3.00      |      11.24      |       6.74      | 2.83 |
+-----------------+-----------------+-----------------+-----------------+------+
+performance on testing set---------+-----------------+-----------------+------+
| Rank@1,mIoU@0.3 | Rank@1,mIoU@0.5 | Rank@5,mIoU@0.3 | Rank@5,mIoU@0.5 | mIoU |
+-----------------+-----------------+-----------------+-----------------+------+
|       0.00      |       0.00      |       0.00      |       0.00      | 0.00 |
+-----------------+-----------------+-----------------+-----------------+------+

2026-04-14 19:00:57,545 
iter: 5049 train loss 0.2321 val loss 0.1102 test loss 0.0808
+performance on training set--------+-----------------+-----------------+-------+
| Rank@1,mIoU@0.3 | Rank@1,mIoU@0.5 | Rank@5,mIoU@0.3 | Rank@5,mIoU@0.5 | mIoU  |
+-----------------+-----------------+-----------------+-----------------+-------+
|      32.31      |      16.31      |      54.84      |      30.66      | 21.23 |
+-----------------+-----------------+-----------------+-----------------+-------+
+performance on validation set------+-----------------+-----------------+------+
| Rank@1,mIoU@0.3 | Rank@1,mIoU@0.5 | Rank@5,mIoU@0.3 | Rank@5,mIoU@0.5 | mIoU |
+-----------------+-----------------+-----------------+-----------------+------+
|       5.24      |       4.12      |      10.86      |       6.37      | 3.71 |
+-----------------+-----------------+-----------------+-----------------+------+
+performance on testing set---------+-----------------+-----------------+------+
| Rank@1,mIoU@0.3 | Rank@1,mIoU@0.5 | Rank@5,mIoU@0.3 | Rank@5,mIoU@0.5 | mIoU |
+-----------------+-----------------+-----------------+-----------------+------+
|       0.00      |       0.00      |       0.00      |       0.00      | 0.00 |
+-----------------+-----------------+-----------------+-----------------+------+

2026-04-14 19:09:50,977 
iter: 5236 train loss 0.2324 val loss 0.0928 test loss 0.0650
+performance on training set--------+-----------------+-----------------+-------+
| Rank@1,mIoU@0.3 | Rank@1,mIoU@0.5 | Rank@5,mIoU@0.3 | Rank@5,mIoU@0.5 | mIoU  |
+-----------------+-----------------+-----------------+-----------------+-------+
|      33.21      |      16.70      |      54.77      |      30.31      | 21.62 |
+-----------------+-----------------+-----------------+-----------------+-------+
+performance on validation set------+-----------------+-----------------+------+
| Rank@1,mIoU@0.3 | Rank@1,mIoU@0.5 | Rank@5,mIoU@0.3 | Rank@5,mIoU@0.5 | mIoU |
+-----------------+-----------------+-----------------+-----------------+------+
|       4.12      |       2.62      |      10.49      |       6.37      | 2.68 |
+-----------------+-----------------+-----------------+-----------------+------+
+performance on testing set---------+-----------------+-----------------+------+
| Rank@1,mIoU@0.3 | Rank@1,mIoU@0.5 | Rank@5,mIoU@0.3 | Rank@5,mIoU@0.5 | mIoU |
+-----------------+-----------------+-----------------+-----------------+------+
|       0.00      |       0.00      |       0.00      |       0.00      | 0.00 |
+-----------------+-----------------+-----------------+-----------------+------+

2026-04-14 19:18:43,593 
iter: 5423 train loss 0.2313 val loss 0.0964 test loss 0.0660
+performance on training set--------+-----------------+-----------------+-------+
| Rank@1,mIoU@0.3 | Rank@1,mIoU@0.5 | Rank@5,mIoU@0.3 | Rank@5,mIoU@0.5 | mIoU  |
+-----------------+-----------------+-----------------+-----------------+-------+
|      33.94      |      17.03      |      55.20      |      30.90      | 22.22 |
+-----------------+-----------------+-----------------+-----------------+-------+
+performance on validation set------+-----------------+-----------------+------+
| Rank@1,mIoU@0.3 | Rank@1,mIoU@0.5 | Rank@5,mIoU@0.3 | Rank@5,mIoU@0.5 | mIoU |
+-----------------+-----------------+-----------------+-----------------+------+
|       5.24      |       3.75      |      10.86      |       5.99      | 3.52 |
+-----------------+-----------------+-----------------+-----------------+------+
+performance on testing set---------+-----------------+-----------------+------+
| Rank@1,mIoU@0.3 | Rank@1,mIoU@0.5 | Rank@5,mIoU@0.3 | Rank@5,mIoU@0.5 | mIoU |
+-----------------+-----------------+-----------------+-----------------+------+
|       0.00      |       0.00      |       0.00      |       0.00      | 0.00 |
+-----------------+-----------------+-----------------+-----------------+------+

2026-04-14 19:27:18,710 
iter: 5610 train loss 0.2305 val loss 0.0990 test loss 0.0665
+performance on training set--------+-----------------+-----------------+-------+
| Rank@1,mIoU@0.3 | Rank@1,mIoU@0.5 | Rank@5,mIoU@0.3 | Rank@5,mIoU@0.5 | mIoU  |
+-----------------+-----------------+-----------------+-----------------+-------+
|      34.54      |      17.60      |      55.12      |      31.56      | 22.59 |
+-----------------+-----------------+-----------------+-----------------+-------+
+performance on validation set------+-----------------+-----------------+------+
| Rank@1,mIoU@0.3 | Rank@1,mIoU@0.5 | Rank@5,mIoU@0.3 | Rank@5,mIoU@0.5 | mIoU |
+-----------------+-----------------+-----------------+-----------------+------+
|       5.24      |       3.75      |      10.49      |       5.62      | 3.38 |
+-----------------+-----------------+-----------------+-----------------+------+
+performance on testing set---------+-----------------+-----------------+------+
| Rank@1,mIoU@0.3 | Rank@1,mIoU@0.5 | Rank@5,mIoU@0.3 | Rank@5,mIoU@0.5 | mIoU |
+-----------------+-----------------+-----------------+-----------------+------+
|       0.00      |       0.00      |       0.00      |       0.00      | 0.00 |
+-----------------+-----------------+-----------------+-----------------+------+

2026-04-14 19:35:51,279 
iter: 5797 train loss 0.2284 val loss 0.0923 test loss 0.0615
+performance on training set--------+-----------------+-----------------+-------+
| Rank@1,mIoU@0.3 | Rank@1,mIoU@0.5 | Rank@5,mIoU@0.3 | Rank@5,mIoU@0.5 | mIoU  |
+-----------------+-----------------+-----------------+-----------------+-------+
|      35.69      |      18.11      |      56.37      |      32.31      | 23.04 |
+-----------------+-----------------+-----------------+-----------------+-------+
+performance on validation set------+-----------------+-----------------+------+
| Rank@1,mIoU@0.3 | Rank@1,mIoU@0.5 | Rank@5,mIoU@0.3 | Rank@5,mIoU@0.5 | mIoU |
+-----------------+-----------------+-----------------+-----------------+------+
|       4.87      |       3.37      |       8.99      |       5.24      | 3.15 |
+-----------------+-----------------+-----------------+-----------------+------+
+performance on testing set---------+-----------------+-----------------+------+
| Rank@1,mIoU@0.3 | Rank@1,mIoU@0.5 | Rank@5,mIoU@0.3 | Rank@5,mIoU@0.5 | mIoU |
+-----------------+-----------------+-----------------+-----------------+------+
|       0.00      |       0.00      |       0.00      |       0.00      | 0.00 |
+-----------------+-----------------+-----------------+-----------------+------+

2026-04-14 19:44:40,488 
iter: 5984 train loss 0.2297 val loss 0.1102 test loss 0.0710
+performance on training set--------+-----------------+-----------------+-------+
| Rank@1,mIoU@0.3 | Rank@1,mIoU@0.5 | Rank@5,mIoU@0.3 | Rank@5,mIoU@0.5 | mIoU  |
+-----------------+-----------------+-----------------+-----------------+-------+
|      35.34      |      18.16      |      57.13      |      32.93      | 23.07 |
+-----------------+-----------------+-----------------+-----------------+-------+
+performance on validation set------+-----------------+-----------------+------+
| Rank@1,mIoU@0.3 | Rank@1,mIoU@0.5 | Rank@5,mIoU@0.3 | Rank@5,mIoU@0.5 | mIoU |
+-----------------+-----------------+-----------------+-----------------+------+
|       4.12      |       2.62      |       8.61      |       4.49      | 2.62 |
+-----------------+-----------------+-----------------+-----------------+------+
+performance on testing set---------+-----------------+-----------------+------+
| Rank@1,mIoU@0.3 | Rank@1,mIoU@0.5 | Rank@5,mIoU@0.3 | Rank@5,mIoU@0.5 | mIoU |
+-----------------+-----------------+-----------------+-----------------+------+
|       0.00      |       0.00      |       0.00      |       0.00      | 0.00 |
+-----------------+-----------------+-----------------+-----------------+------+

2026-04-14 19:54:34,200 
iter: 6171 train loss 0.2281 val loss 0.0839 test loss 0.0550
+performance on training set--------+-----------------+-----------------+-------+
| Rank@1,mIoU@0.3 | Rank@1,mIoU@0.5 | Rank@5,mIoU@0.3 | Rank@5,mIoU@0.5 | mIoU  |
+-----------------+-----------------+-----------------+-----------------+-------+
|      35.41      |      18.51      |      55.42      |      31.58      | 23.22 |
+-----------------+-----------------+-----------------+-----------------+-------+
+performance on validation set------+-----------------+-----------------+------+
| Rank@1,mIoU@0.3 | Rank@1,mIoU@0.5 | Rank@5,mIoU@0.3 | Rank@5,mIoU@0.5 | mIoU |
+-----------------+-----------------+-----------------+-----------------+------+
|       4.49      |       2.62      |       9.74      |       6.37      | 2.66 |
+-----------------+-----------------+-----------------+-----------------+------+
+performance on testing set---------+-----------------+-----------------+------+
| Rank@1,mIoU@0.3 | Rank@1,mIoU@0.5 | Rank@5,mIoU@0.3 | Rank@5,mIoU@0.5 | mIoU |
+-----------------+-----------------+-----------------+-----------------+------+
|       0.00      |       0.00      |       0.00      |       0.00      | 0.00 |
+-----------------+-----------------+-----------------+-----------------+------+

2026-04-14 20:04:23,741 
iter: 6358 train loss 0.2257 val loss 0.1029 test loss 0.0621
+performance on training set--------+-----------------+-----------------+-------+
| Rank@1,mIoU@0.3 | Rank@1,mIoU@0.5 | Rank@5,mIoU@0.3 | Rank@5,mIoU@0.5 | mIoU  |
+-----------------+-----------------+-----------------+-----------------+-------+
|      36.79      |      18.86      |      57.38      |      34.28      | 23.94 |
+-----------------+-----------------+-----------------+-----------------+-------+
+performance on validation set------+-----------------+-----------------+------+
| Rank@1,mIoU@0.3 | Rank@1,mIoU@0.5 | Rank@5,mIoU@0.3 | Rank@5,mIoU@0.5 | mIoU |
+-----------------+-----------------+-----------------+-----------------+------+
|       3.37      |       1.50      |      10.86      |       6.74      | 2.64 |
+-----------------+-----------------+-----------------+-----------------+------+
+performance on testing set---------+-----------------+-----------------+------+
| Rank@1,mIoU@0.3 | Rank@1,mIoU@0.5 | Rank@5,mIoU@0.3 | Rank@5,mIoU@0.5 | mIoU |
+-----------------+-----------------+-----------------+-----------------+------+
|       0.00      |       0.00      |       0.00      |       0.00      | 0.00 |
+-----------------+-----------------+-----------------+-----------------+------+

2026-04-14 20:14:36,236 
iter: 6545 train loss 0.2263 val loss 0.0961 test loss 0.0607
+performance on training set--------+-----------------+-----------------+-------+
| Rank@1,mIoU@0.3 | Rank@1,mIoU@0.5 | Rank@5,mIoU@0.3 | Rank@5,mIoU@0.5 | mIoU  |
+-----------------+-----------------+-----------------+-----------------+-------+
|      37.64      |      19.88      |      58.38      |      34.24      | 24.56 |
+-----------------+-----------------+-----------------+-----------------+-------+
+performance on validation set------+-----------------+-----------------+------+
| Rank@1,mIoU@0.3 | Rank@1,mIoU@0.5 | Rank@5,mIoU@0.3 | Rank@5,mIoU@0.5 | mIoU |
+-----------------+-----------------+-----------------+-----------------+------+
|       3.75      |       1.87      |       9.36      |       5.62      | 2.77 |
+-----------------+-----------------+-----------------+-----------------+------+
+performance on testing set---------+-----------------+-----------------+------+
| Rank@1,mIoU@0.3 | Rank@1,mIoU@0.5 | Rank@5,mIoU@0.3 | Rank@5,mIoU@0.5 | mIoU |
+-----------------+-----------------+-----------------+-----------------+------+
|       0.00      |       0.00      |       0.00      |       0.00      | 0.00 |
+-----------------+-----------------+-----------------+-----------------+------+

2026-04-14 20:24:13,078 
iter: 6732 train loss 0.2227 val loss 0.1057 test loss 0.0671
+performance on training set--------+-----------------+-----------------+-------+
| Rank@1,mIoU@0.3 | Rank@1,mIoU@0.5 | Rank@5,mIoU@0.3 | Rank@5,mIoU@0.5 | mIoU  |
+-----------------+-----------------+-----------------+-----------------+-------+
|      38.06      |      19.44      |      58.78      |      34.49      | 24.76 |
+-----------------+-----------------+-----------------+-----------------+-------+
+performance on validation set------+-----------------+-----------------+------+
| Rank@1,mIoU@0.3 | Rank@1,mIoU@0.5 | Rank@5,mIoU@0.3 | Rank@5,mIoU@0.5 | mIoU |
+-----------------+-----------------+-----------------+-----------------+------+
|       3.00      |       1.50      |       9.36      |       5.99      | 2.38 |
+-----------------+-----------------+-----------------+-----------------+------+
+performance on testing set---------+-----------------+-----------------+------+
| Rank@1,mIoU@0.3 | Rank@1,mIoU@0.5 | Rank@5,mIoU@0.3 | Rank@5,mIoU@0.5 | mIoU |
+-----------------+-----------------+-----------------+-----------------+------+
|       0.00      |       0.00      |       0.00      |       0.00      | 0.00 |
+-----------------+-----------------+-----------------+-----------------+------+

2026-04-14 20:33:53,172 
iter: 6919 train loss 0.2242 val loss 0.1158 test loss 0.0740
+performance on training set--------+-----------------+-----------------+-------+
| Rank@1,mIoU@0.3 | Rank@1,mIoU@0.5 | Rank@5,mIoU@0.3 | Rank@5,mIoU@0.5 | mIoU  |
+-----------------+-----------------+-----------------+-----------------+-------+
|      38.12      |      18.98      |      58.35      |      35.28      | 24.70 |
+-----------------+-----------------+-----------------+-----------------+-------+
+performance on validation set------+-----------------+-----------------+------+
| Rank@1,mIoU@0.3 | Rank@1,mIoU@0.5 | Rank@5,mIoU@0.3 | Rank@5,mIoU@0.5 | mIoU |
+-----------------+-----------------+-----------------+-----------------+------+
|       3.37      |       1.50      |       9.74      |       5.24      | 2.40 |
+-----------------+-----------------+-----------------+-----------------+------+
+performance on testing set---------+-----------------+-----------------+------+
| Rank@1,mIoU@0.3 | Rank@1,mIoU@0.5 | Rank@5,mIoU@0.3 | Rank@5,mIoU@0.5 | mIoU |
+-----------------+-----------------+-----------------+-----------------+------+
|       0.00      |       0.00      |       0.00      |       0.00      | 0.00 |
+-----------------+-----------------+-----------------+-----------------+------+

2026-04-14 20:44:19,159 
iter: 7106 train loss 0.2206 val loss 0.0884 test loss 0.0525
+performance on training set--------+-----------------+-----------------+-------+
| Rank@1,mIoU@0.3 | Rank@1,mIoU@0.5 | Rank@5,mIoU@0.3 | Rank@5,mIoU@0.5 | mIoU  |
+-----------------+-----------------+-----------------+-----------------+-------+
|      39.82      |      20.69      |      59.30      |      35.29      | 25.65 |
+-----------------+-----------------+-----------------+-----------------+-------+
+performance on validation set------+-----------------+-----------------+------+
| Rank@1,mIoU@0.3 | Rank@1,mIoU@0.5 | Rank@5,mIoU@0.3 | Rank@5,mIoU@0.5 | mIoU |
+-----------------+-----------------+-----------------+-----------------+------+
|       3.37      |       1.87      |       9.74      |       5.24      | 2.56 |
+-----------------+-----------------+-----------------+-----------------+------+
+performance on testing set---------+-----------------+-----------------+------+
| Rank@1,mIoU@0.3 | Rank@1,mIoU@0.5 | Rank@5,mIoU@0.3 | Rank@5,mIoU@0.5 | mIoU |
+-----------------+-----------------+-----------------+-----------------+------+
|       0.00      |       0.00      |       0.00      |       0.00      | 0.00 |
+-----------------+-----------------+-----------------+-----------------+------+

2026-04-14 20:54:37,999 
iter: 7293 train loss 0.2209 val loss 0.1132 test loss 0.0734
+performance on training set--------+-----------------+-----------------+-------+
| Rank@1,mIoU@0.3 | Rank@1,mIoU@0.5 | Rank@5,mIoU@0.3 | Rank@5,mIoU@0.5 | mIoU  |
+-----------------+-----------------+-----------------+-----------------+-------+
|      40.52      |      20.68      |      60.16      |      37.02      | 25.92 |
+-----------------+-----------------+-----------------+-----------------+-------+
+performance on validation set------+-----------------+-----------------+------+
| Rank@1,mIoU@0.3 | Rank@1,mIoU@0.5 | Rank@5,mIoU@0.3 | Rank@5,mIoU@0.5 | mIoU |
+-----------------+-----------------+-----------------+-----------------+------+
|       4.12      |       1.12      |      10.49      |       6.37      | 2.77 |
+-----------------+-----------------+-----------------+-----------------+------+
+performance on testing set---------+-----------------+-----------------+------+
| Rank@1,mIoU@0.3 | Rank@1,mIoU@0.5 | Rank@5,mIoU@0.3 | Rank@5,mIoU@0.5 | mIoU |
+-----------------+-----------------+-----------------+-----------------+------+
|       0.00      |       0.00      |       0.00      |       0.00      | 0.00 |
+-----------------+-----------------+-----------------+-----------------+------+

2026-04-14 21:04:36,596 
iter: 7480 train loss 0.2196 val loss 0.0890 test loss 0.0515
+performance on training set--------+-----------------+-----------------+-------+
| Rank@1,mIoU@0.3 | Rank@1,mIoU@0.5 | Rank@5,mIoU@0.3 | Rank@5,mIoU@0.5 | mIoU  |
+-----------------+-----------------+-----------------+-----------------+-------+
|      40.84      |      21.62      |      59.61      |      36.44      | 26.25 |
+-----------------+-----------------+-----------------+-----------------+-------+
+performance on validation set------+-----------------+-----------------+------+
| Rank@1,mIoU@0.3 | Rank@1,mIoU@0.5 | Rank@5,mIoU@0.3 | Rank@5,mIoU@0.5 | mIoU |
+-----------------+-----------------+-----------------+-----------------+------+
|       3.37      |       1.50      |       8.99      |       4.87      | 2.77 |
+-----------------+-----------------+-----------------+-----------------+------+
+performance on testing set---------+-----------------+-----------------+------+
| Rank@1,mIoU@0.3 | Rank@1,mIoU@0.5 | Rank@5,mIoU@0.3 | Rank@5,mIoU@0.5 | mIoU |
+-----------------+-----------------+-----------------+-----------------+------+
|       0.00      |       0.00      |       0.00      |       0.00      | 0.00 |
+-----------------+-----------------+-----------------+-----------------+------+

2026-04-14 21:14:16,147 
iter: 7667 train loss 0.2189 val loss 0.1296 test loss 0.0864
+performance on training set--------+-----------------+-----------------+-------+
| Rank@1,mIoU@0.3 | Rank@1,mIoU@0.5 | Rank@5,mIoU@0.3 | Rank@5,mIoU@0.5 | mIoU  |
+-----------------+-----------------+-----------------+-----------------+-------+
|      40.20      |      20.14      |      60.31      |      37.27      | 25.99 |
+-----------------+-----------------+-----------------+-----------------+-------+
+performance on validation set------+-----------------+-----------------+------+
| Rank@1,mIoU@0.3 | Rank@1,mIoU@0.5 | Rank@5,mIoU@0.3 | Rank@5,mIoU@0.5 | mIoU |
+-----------------+-----------------+-----------------+-----------------+------+
|       3.00      |       0.75      |       8.99      |       4.12      | 2.06 |
+-----------------+-----------------+-----------------+-----------------+------+
+performance on testing set---------+-----------------+-----------------+------+
| Rank@1,mIoU@0.3 | Rank@1,mIoU@0.5 | Rank@5,mIoU@0.3 | Rank@5,mIoU@0.5 | mIoU |
+-----------------+-----------------+-----------------+-----------------+------+
|       0.00      |       0.00      |       0.00      |       0.00      | 0.00 |
+-----------------+-----------------+-----------------+-----------------+------+

2026-04-14 21:24:22,144 
iter: 7854 train loss 0.2170 val loss 0.0899 test loss 0.0514
+performance on training set--------+-----------------+-----------------+-------+
| Rank@1,mIoU@0.3 | Rank@1,mIoU@0.5 | Rank@5,mIoU@0.3 | Rank@5,mIoU@0.5 | mIoU  |
+-----------------+-----------------+-----------------+-----------------+-------+
|      41.57      |      21.52      |      60.28      |      36.97      | 26.69 |
+-----------------+-----------------+-----------------+-----------------+-------+
+performance on validation set------+-----------------+-----------------+------+
| Rank@1,mIoU@0.3 | Rank@1,mIoU@0.5 | Rank@5,mIoU@0.3 | Rank@5,mIoU@0.5 | mIoU |
+-----------------+-----------------+-----------------+-----------------+------+
|       2.62      |       1.50      |       8.99      |       5.24      | 2.30 |
+-----------------+-----------------+-----------------+-----------------+------+
+performance on testing set---------+-----------------+-----------------+------+
| Rank@1,mIoU@0.3 | Rank@1,mIoU@0.5 | Rank@5,mIoU@0.3 | Rank@5,mIoU@0.5 | mIoU |
+-----------------+-----------------+-----------------+-----------------+------+
|       0.00      |       0.00      |       0.00      |       0.00      | 0.00 |
+-----------------+-----------------+-----------------+-----------------+------+

2026-04-14 21:34:00,964 
iter: 8041 train loss 0.2161 val loss 0.1141 test loss 0.0677
+performance on training set--------+-----------------+-----------------+-------+
| Rank@1,mIoU@0.3 | Rank@1,mIoU@0.5 | Rank@5,mIoU@0.3 | Rank@5,mIoU@0.5 | mIoU  |
+-----------------+-----------------+-----------------+-----------------+-------+
|      41.62      |      21.04      |      61.10      |      38.69      | 26.57 |
+-----------------+-----------------+-----------------+-----------------+-------+
+performance on validation set------+-----------------+-----------------+------+
| Rank@1,mIoU@0.3 | Rank@1,mIoU@0.5 | Rank@5,mIoU@0.3 | Rank@5,mIoU@0.5 | mIoU |
+-----------------+-----------------+-----------------+-----------------+------+
|       2.62      |       1.50      |      10.49      |       4.87      | 2.32 |
+-----------------+-----------------+-----------------+-----------------+------+
+performance on testing set---------+-----------------+-----------------+------+
| Rank@1,mIoU@0.3 | Rank@1,mIoU@0.5 | Rank@5,mIoU@0.3 | Rank@5,mIoU@0.5 | mIoU |
+-----------------+-----------------+-----------------+-----------------+------+
|       0.00      |       0.00      |       0.00      |       0.00      | 0.00 |
+-----------------+-----------------+-----------------+-----------------+------+

2026-04-14 21:43:33,690 
iter: 8228 train loss 0.2144 val loss 0.1079 test loss 0.0668
+performance on training set--------+-----------------+-----------------+-------+
| Rank@1,mIoU@0.3 | Rank@1,mIoU@0.5 | Rank@5,mIoU@0.3 | Rank@5,mIoU@0.5 | mIoU  |
+-----------------+-----------------+-----------------+-----------------+-------+
|      42.57      |      21.94      |      61.18      |      39.10      | 27.05 |
+-----------------+-----------------+-----------------+-----------------+-------+
+performance on validation set------+-----------------+-----------------+------+
| Rank@1,mIoU@0.3 | Rank@1,mIoU@0.5 | Rank@5,mIoU@0.3 | Rank@5,mIoU@0.5 | mIoU |
+-----------------+-----------------+-----------------+-----------------+------+
|       1.12      |       0.75      |       8.61      |       4.87      | 1.60 |
+-----------------+-----------------+-----------------+-----------------+------+
+performance on testing set---------+-----------------+-----------------+------+
| Rank@1,mIoU@0.3 | Rank@1,mIoU@0.5 | Rank@5,mIoU@0.3 | Rank@5,mIoU@0.5 | mIoU |
+-----------------+-----------------+-----------------+-----------------+------+
|       0.00      |       0.00      |       0.00      |       0.00      | 0.00 |
+-----------------+-----------------+-----------------+-----------------+------+

2026-04-14 21:53:39,612 
iter: 8415 train loss 0.2134 val loss 0.1422 test loss 0.0955
+performance on training set--------+-----------------+-----------------+-------+
| Rank@1,mIoU@0.3 | Rank@1,mIoU@0.5 | Rank@5,mIoU@0.3 | Rank@5,mIoU@0.5 | mIoU  |
+-----------------+-----------------+-----------------+-----------------+-------+
|      41.90      |      20.54      |      61.83      |      39.84      | 26.81 |
+-----------------+-----------------+-----------------+-----------------+-------+
+performance on validation set------+-----------------+-----------------+------+
| Rank@1,mIoU@0.3 | Rank@1,mIoU@0.5 | Rank@5,mIoU@0.3 | Rank@5,mIoU@0.5 | mIoU |
+-----------------+-----------------+-----------------+-----------------+------+
|       2.25      |       1.50      |      10.49      |       4.87      | 2.12 |
+-----------------+-----------------+-----------------+-----------------+------+
+performance on testing set---------+-----------------+-----------------+------+
| Rank@1,mIoU@0.3 | Rank@1,mIoU@0.5 | Rank@5,mIoU@0.3 | Rank@5,mIoU@0.5 | mIoU |
+-----------------+-----------------+-----------------+-----------------+------+
|       0.00      |       0.00      |       0.00      |       0.00      | 0.00 |
+-----------------+-----------------+-----------------+-----------------+------+

2026-04-14 22:03:14,097 
iter: 8602 train loss 0.2137 val loss 0.1249 test loss 0.0817
+performance on training set--------+-----------------+-----------------+-------+
| Rank@1,mIoU@0.3 | Rank@1,mIoU@0.5 | Rank@5,mIoU@0.3 | Rank@5,mIoU@0.5 | mIoU  |
+-----------------+-----------------+-----------------+-----------------+-------+
|      42.70      |      21.79      |      61.89      |      39.95      | 27.19 |
+-----------------+-----------------+-----------------+-----------------+-------+
+performance on validation set------+-----------------+-----------------+------+
| Rank@1,mIoU@0.3 | Rank@1,mIoU@0.5 | Rank@5,mIoU@0.3 | Rank@5,mIoU@0.5 | mIoU |
+-----------------+-----------------+-----------------+-----------------+------+
|       1.87      |       1.12      |       9.74      |       4.49      | 1.63 |
+-----------------+-----------------+-----------------+-----------------+------+
+performance on testing set---------+-----------------+-----------------+------+
| Rank@1,mIoU@0.3 | Rank@1,mIoU@0.5 | Rank@5,mIoU@0.3 | Rank@5,mIoU@0.5 | mIoU |
+-----------------+-----------------+-----------------+-----------------+------+
|       0.00      |       0.00      |       0.00      |       0.00      | 0.00 |
+-----------------+-----------------+-----------------+-----------------+------+

2026-04-14 22:13:06,702 
iter: 8789 train loss 0.2146 val loss 0.1071 test loss 0.0665
+performance on training set--------+-----------------+-----------------+-------+
| Rank@1,mIoU@0.3 | Rank@1,mIoU@0.5 | Rank@5,mIoU@0.3 | Rank@5,mIoU@0.5 | mIoU  |
+-----------------+-----------------+-----------------+-----------------+-------+
|      43.75      |      22.27      |      62.84      |      40.70      | 27.61 |
+-----------------+-----------------+-----------------+-----------------+-------+
+performance on validation set------+-----------------+-----------------+------+
| Rank@1,mIoU@0.3 | Rank@1,mIoU@0.5 | Rank@5,mIoU@0.3 | Rank@5,mIoU@0.5 | mIoU |
+-----------------+-----------------+-----------------+-----------------+------+
|       1.87      |       1.50      |       8.99      |       4.49      | 1.96 |
+-----------------+-----------------+-----------------+-----------------+------+
+performance on testing set---------+-----------------+-----------------+------+
| Rank@1,mIoU@0.3 | Rank@1,mIoU@0.5 | Rank@5,mIoU@0.3 | Rank@5,mIoU@0.5 | mIoU |
+-----------------+-----------------+-----------------+-----------------+------+
|       0.00      |       0.00      |       0.00      |       0.00      | 0.00 |
+-----------------+-----------------+-----------------+-----------------+------+

2026-04-14 22:23:06,238 
iter: 8976 train loss 0.2103 val loss 0.1173 test loss 0.0670
+performance on training set--------+-----------------+-----------------+-------+
| Rank@1,mIoU@0.3 | Rank@1,mIoU@0.5 | Rank@5,mIoU@0.3 | Rank@5,mIoU@0.5 | mIoU  |
+-----------------+-----------------+-----------------+-----------------+-------+
|      44.22      |      22.29      |      62.84      |      41.52      | 27.64 |
+-----------------+-----------------+-----------------+-----------------+-------+
+performance on validation set------+-----------------+-----------------+------+
| Rank@1,mIoU@0.3 | Rank@1,mIoU@0.5 | Rank@5,mIoU@0.3 | Rank@5,mIoU@0.5 | mIoU |
+-----------------+-----------------+-----------------+-----------------+------+
|       1.50      |       1.12      |       8.24      |       4.49      | 1.70 |
+-----------------+-----------------+-----------------+-----------------+------+
+performance on testing set---------+-----------------+-----------------+------+
| Rank@1,mIoU@0.3 | Rank@1,mIoU@0.5 | Rank@5,mIoU@0.3 | Rank@5,mIoU@0.5 | mIoU |
+-----------------+-----------------+-----------------+-----------------+------+
|       0.00      |       0.00      |       0.00      |       0.00      | 0.00 |
+-----------------+-----------------+-----------------+-----------------+------+

2026-04-14 22:33:09,482 
iter: 9163 train loss 0.2122 val loss 0.0946 test loss 0.0548
+performance on training set--------+-----------------+-----------------+-------+
| Rank@1,mIoU@0.3 | Rank@1,mIoU@0.5 | Rank@5,mIoU@0.3 | Rank@5,mIoU@0.5 | mIoU  |
+-----------------+-----------------+-----------------+-----------------+-------+
|      45.15      |      23.49      |      63.11      |      40.99      | 28.31 |
+-----------------+-----------------+-----------------+-----------------+-------+
+performance on validation set------+-----------------+-----------------+------+
| Rank@1,mIoU@0.3 | Rank@1,mIoU@0.5 | Rank@5,mIoU@0.3 | Rank@5,mIoU@0.5 | mIoU |
+-----------------+-----------------+-----------------+-----------------+------+
|       2.25      |       0.37      |       7.49      |       4.12      | 1.81 |
+-----------------+-----------------+-----------------+-----------------+------+
+performance on testing set---------+-----------------+-----------------+------+
| Rank@1,mIoU@0.3 | Rank@1,mIoU@0.5 | Rank@5,mIoU@0.3 | Rank@5,mIoU@0.5 | mIoU |
+-----------------+-----------------+-----------------+-----------------+------+
|       0.00      |       0.00      |       0.00      |       0.00      | 0.00 |
+-----------------+-----------------+-----------------+-----------------+------+

2026-04-14 22:43:06,569 
iter: 9350 train loss 0.2081 val loss 0.1094 test loss 0.0665
+performance on training set--------+-----------------+-----------------+-------+
| Rank@1,mIoU@0.3 | Rank@1,mIoU@0.5 | Rank@5,mIoU@0.3 | Rank@5,mIoU@0.5 | mIoU  |
+-----------------+-----------------+-----------------+-----------------+-------+
|      45.45      |      23.49      |      63.34      |      42.03      | 28.54 |
+-----------------+-----------------+-----------------+-----------------+-------+
+performance on validation set------+-----------------+-----------------+------+
| Rank@1,mIoU@0.3 | Rank@1,mIoU@0.5 | Rank@5,mIoU@0.3 | Rank@5,mIoU@0.5 | mIoU |
+-----------------+-----------------+-----------------+-----------------+------+
|       1.87      |       1.12      |       8.24      |       4.87      | 1.97 |
+-----------------+-----------------+-----------------+-----------------+------+
+performance on testing set---------+-----------------+-----------------+------+
| Rank@1,mIoU@0.3 | Rank@1,mIoU@0.5 | Rank@5,mIoU@0.3 | Rank@5,mIoU@0.5 | mIoU |
+-----------------+-----------------+-----------------+-----------------+------+
|       0.00      |       0.00      |       0.00      |       0.00      | 0.00 |
+-----------------+-----------------+-----------------+-----------------+------+

2026-04-14 22:53:41,479 
iter: 9537 train loss 0.2095 val loss 0.0986 test loss 0.0559
+performance on training set--------+-----------------+-----------------+-------+
| Rank@1,mIoU@0.3 | Rank@1,mIoU@0.5 | Rank@5,mIoU@0.3 | Rank@5,mIoU@0.5 | mIoU  |
+-----------------+-----------------+-----------------+-----------------+-------+
|      45.90      |      23.61      |      63.41      |      41.65      | 28.59 |
+-----------------+-----------------+-----------------+-----------------+-------+
+performance on validation set------+-----------------+-----------------+------+
| Rank@1,mIoU@0.3 | Rank@1,mIoU@0.5 | Rank@5,mIoU@0.3 | Rank@5,mIoU@0.5 | mIoU |
+-----------------+-----------------+-----------------+-----------------+------+
|       1.50      |       0.37      |       8.61      |       3.75      | 1.44 |
+-----------------+-----------------+-----------------+-----------------+------+
+performance on testing set---------+-----------------+-----------------+------+
| Rank@1,mIoU@0.3 | Rank@1,mIoU@0.5 | Rank@5,mIoU@0.3 | Rank@5,mIoU@0.5 | mIoU |
+-----------------+-----------------+-----------------+-----------------+------+
|       0.00      |       0.00      |       0.00      |       0.00      | 0.00 |
+-----------------+-----------------+-----------------+-----------------+------+

2026-04-14 23:03:23,139 
iter: 9724 train loss 0.2054 val loss 0.0923 test loss 0.0512
+performance on training set--------+-----------------+-----------------+-------+
| Rank@1,mIoU@0.3 | Rank@1,mIoU@0.5 | Rank@5,mIoU@0.3 | Rank@5,mIoU@0.5 | mIoU  |
+-----------------+-----------------+-----------------+-----------------+-------+
|      45.76      |      23.81      |      63.41      |      41.87      | 28.74 |
+-----------------+-----------------+-----------------+-----------------+-------+
+performance on validation set------+-----------------+-----------------+------+
| Rank@1,mIoU@0.3 | Rank@1,mIoU@0.5 | Rank@5,mIoU@0.3 | Rank@5,mIoU@0.5 | mIoU |
+-----------------+-----------------+-----------------+-----------------+------+
|       1.87      |       0.37      |       8.99      |       4.49      | 1.71 |
+-----------------+-----------------+-----------------+-----------------+------+
+performance on testing set---------+-----------------+-----------------+------+
| Rank@1,mIoU@0.3 | Rank@1,mIoU@0.5 | Rank@5,mIoU@0.3 | Rank@5,mIoU@0.5 | mIoU |
+-----------------+-----------------+-----------------+-----------------+------+
|       0.00      |       0.00      |       0.00      |       0.00      | 0.00 |
+-----------------+-----------------+-----------------+-----------------+------+

2026-04-14 23:13:22,369 
iter: 9911 train loss 0.2071 val loss 0.0910 test loss 0.0503
+performance on training set--------+-----------------+-----------------+-------+
| Rank@1,mIoU@0.3 | Rank@1,mIoU@0.5 | Rank@5,mIoU@0.3 | Rank@5,mIoU@0.5 | mIoU  |
+-----------------+-----------------+-----------------+-----------------+-------+
|      46.86      |      24.55      |      63.96      |      42.43      | 29.14 |
+-----------------+-----------------+-----------------+-----------------+-------+
+performance on validation set------+-----------------+-----------------+------+
| Rank@1,mIoU@0.3 | Rank@1,mIoU@0.5 | Rank@5,mIoU@0.3 | Rank@5,mIoU@0.5 | mIoU |
+-----------------+-----------------+-----------------+-----------------+------+
|       2.62      |       1.12      |       6.74      |       4.12      | 2.07 |
+-----------------+-----------------+-----------------+-----------------+------+
+performance on testing set---------+-----------------+-----------------+------+
| Rank@1,mIoU@0.3 | Rank@1,mIoU@0.5 | Rank@5,mIoU@0.3 | Rank@5,mIoU@0.5 | mIoU |
+-----------------+-----------------+-----------------+-----------------+------+
|       0.00      |       0.00      |       0.00      |       0.00      | 0.00 |
+-----------------+-----------------+-----------------+-----------------+------+

2026-04-14 23:23:18,106 
iter: 10098 train loss 0.2062 val loss 0.1023 test loss 0.0621
+performance on training set--------+-----------------+-----------------+-------+
| Rank@1,mIoU@0.3 | Rank@1,mIoU@0.5 | Rank@5,mIoU@0.3 | Rank@5,mIoU@0.5 | mIoU  |
+-----------------+-----------------+-----------------+-----------------+-------+
|      46.20      |      23.76      |      64.01      |      43.37      | 28.98 |
+-----------------+-----------------+-----------------+-----------------+-------+
+performance on validation set------+-----------------+-----------------+------+
| Rank@1,mIoU@0.3 | Rank@1,mIoU@0.5 | Rank@5,mIoU@0.3 | Rank@5,mIoU@0.5 | mIoU |
+-----------------+-----------------+-----------------+-----------------+------+
|       1.87      |       0.75      |       7.87      |       3.75      | 1.83 |
+-----------------+-----------------+-----------------+-----------------+------+
+performance on testing set---------+-----------------+-----------------+------+
| Rank@1,mIoU@0.3 | Rank@1,mIoU@0.5 | Rank@5,mIoU@0.3 | Rank@5,mIoU@0.5 | mIoU |
+-----------------+-----------------+-----------------+-----------------+------+
|       0.00      |       0.00      |       0.00      |       0.00      | 0.00 |
+-----------------+-----------------+-----------------+-----------------+------+

2026-04-14 23:33:10,219 
iter: 10285 train loss 0.2035 val loss 0.0961 test loss 0.0539
+performance on training set--------+-----------------+-----------------+-------+
| Rank@1,mIoU@0.3 | Rank@1,mIoU@0.5 | Rank@5,mIoU@0.3 | Rank@5,mIoU@0.5 | mIoU  |
+-----------------+-----------------+-----------------+-----------------+-------+
|      47.68      |      25.50      |      65.06      |      43.43      | 29.66 |
+-----------------+-----------------+-----------------+-----------------+-------+
+performance on validation set------+-----------------+-----------------+------+
| Rank@1,mIoU@0.3 | Rank@1,mIoU@0.5 | Rank@5,mIoU@0.3 | Rank@5,mIoU@0.5 | mIoU |
+-----------------+-----------------+-----------------+-----------------+------+
|       1.87      |       0.75      |       7.49      |       4.49      | 1.63 |
+-----------------+-----------------+-----------------+-----------------+------+
+performance on testing set---------+-----------------+-----------------+------+
| Rank@1,mIoU@0.3 | Rank@1,mIoU@0.5 | Rank@5,mIoU@0.3 | Rank@5,mIoU@0.5 | mIoU |
+-----------------+-----------------+-----------------+-----------------+------+
|       0.00      |       0.00      |       0.00      |       0.00      | 0.00 |
+-----------------+-----------------+-----------------+-----------------+------+

2026-04-14 23:43:09,245 
iter: 10472 train loss 0.2064 val loss 0.1026 test loss 0.0634
+performance on training set--------+-----------------+-----------------+-------+
| Rank@1,mIoU@0.3 | Rank@1,mIoU@0.5 | Rank@5,mIoU@0.3 | Rank@5,mIoU@0.5 | mIoU  |
+-----------------+-----------------+-----------------+-----------------+-------+
|      46.91      |      23.99      |      64.42      |      43.48      | 29.23 |
+-----------------+-----------------+-----------------+-----------------+-------+
+performance on validation set------+-----------------+-----------------+------+
| Rank@1,mIoU@0.3 | Rank@1,mIoU@0.5 | Rank@5,mIoU@0.3 | Rank@5,mIoU@0.5 | mIoU |
+-----------------+-----------------+-----------------+-----------------+------+
|       2.62      |       1.12      |       7.87      |       4.12      | 2.04 |
+-----------------+-----------------+-----------------+-----------------+------+
+performance on testing set---------+-----------------+-----------------+------+
| Rank@1,mIoU@0.3 | Rank@1,mIoU@0.5 | Rank@5,mIoU@0.3 | Rank@5,mIoU@0.5 | mIoU |
+-----------------+-----------------+-----------------+-----------------+------+
|       0.00      |       0.00      |       0.00      |       0.00      | 0.00 |
+-----------------+-----------------+-----------------+-----------------+------+

2026-04-14 23:53:16,943 
iter: 10659 train loss 0.2036 val loss 0.0987 test loss 0.0567
+performance on training set--------+-----------------+-----------------+-------+
| Rank@1,mIoU@0.3 | Rank@1,mIoU@0.5 | Rank@5,mIoU@0.3 | Rank@5,mIoU@0.5 | mIoU  |
+-----------------+-----------------+-----------------+-----------------+-------+
|      47.63      |      24.37      |      65.09      |      44.27      | 29.54 |
+-----------------+-----------------+-----------------+-----------------+-------+
+performance on validation set------+-----------------+-----------------+------+
| Rank@1,mIoU@0.3 | Rank@1,mIoU@0.5 | Rank@5,mIoU@0.3 | Rank@5,mIoU@0.5 | mIoU |
+-----------------+-----------------+-----------------+-----------------+------+
|       1.87      |       0.37      |       8.61      |       4.12      | 1.66 |
+-----------------+-----------------+-----------------+-----------------+------+
+performance on testing set---------+-----------------+-----------------+------+
| Rank@1,mIoU@0.3 | Rank@1,mIoU@0.5 | Rank@5,mIoU@0.3 | Rank@5,mIoU@0.5 | mIoU |
+-----------------+-----------------+-----------------+-----------------+------+
|       0.00      |       0.00      |       0.00      |       0.00      | 0.00 |
+-----------------+-----------------+-----------------+-----------------+------+

2026-04-15 00:03:08,016 
iter: 10846 train loss 0.2026 val loss 0.1155 test loss 0.0693
+performance on training set--------+-----------------+-----------------+-------+
| Rank@1,mIoU@0.3 | Rank@1,mIoU@0.5 | Rank@5,mIoU@0.3 | Rank@5,mIoU@0.5 | mIoU  |
+-----------------+-----------------+-----------------+-----------------+-------+
|      47.29      |      24.44      |      65.02      |      45.21      | 29.58 |
+-----------------+-----------------+-----------------+-----------------+-------+
+performance on validation set------+-----------------+-----------------+------+
| Rank@1,mIoU@0.3 | Rank@1,mIoU@0.5 | Rank@5,mIoU@0.3 | Rank@5,mIoU@0.5 | mIoU |
+-----------------+-----------------+-----------------+-----------------+------+
|       2.25      |       1.12      |       8.61      |       4.12      | 2.07 |
+-----------------+-----------------+-----------------+-----------------+------+
+performance on testing set---------+-----------------+-----------------+------+
| Rank@1,mIoU@0.3 | Rank@1,mIoU@0.5 | Rank@5,mIoU@0.3 | Rank@5,mIoU@0.5 | mIoU |
+-----------------+-----------------+-----------------+-----------------+------+
|       0.00      |       0.00      |       0.00      |       0.00      | 0.00 |
+-----------------+-----------------+-----------------+-----------------+------+

2026-04-15 00:12:54,269 
iter: 11033 train loss 0.2006 val loss 0.0949 test loss 0.0509
+performance on training set--------+-----------------+-----------------+-------+
| Rank@1,mIoU@0.3 | Rank@1,mIoU@0.5 | Rank@5,mIoU@0.3 | Rank@5,mIoU@0.5 | mIoU  |
+-----------------+-----------------+-----------------+-----------------+-------+
|      47.71      |      25.00      |      65.31      |      45.13      | 29.77 |
+-----------------+-----------------+-----------------+-----------------+-------+
+performance on validation set------+-----------------+-----------------+------+
| Rank@1,mIoU@0.3 | Rank@1,mIoU@0.5 | Rank@5,mIoU@0.3 | Rank@5,mIoU@0.5 | mIoU |
+-----------------+-----------------+-----------------+-----------------+------+
|       2.25      |       0.75      |       7.87      |       4.12      | 1.87 |
+-----------------+-----------------+-----------------+-----------------+------+
+performance on testing set---------+-----------------+-----------------+------+
| Rank@1,mIoU@0.3 | Rank@1,mIoU@0.5 | Rank@5,mIoU@0.3 | Rank@5,mIoU@0.5 | mIoU |
+-----------------+-----------------+-----------------+-----------------+------+
|       0.00      |       0.00      |       0.00      |       0.00      | 0.00 |
+-----------------+-----------------+-----------------+-----------------+------+

2026-04-15 00:22:32,374 
iter: 11220 train loss 0.2027 val loss 0.1194 test loss 0.0745
+performance on training set--------+-----------------+-----------------+-------+
| Rank@1,mIoU@0.3 | Rank@1,mIoU@0.5 | Rank@5,mIoU@0.3 | Rank@5,mIoU@0.5 | mIoU  |
+-----------------+-----------------+-----------------+-----------------+-------+
|      48.29      |      24.47      |      65.37      |      45.66      | 29.76 |
+-----------------+-----------------+-----------------+-----------------+-------+
+performance on validation set------+-----------------+-----------------+------+
| Rank@1,mIoU@0.3 | Rank@1,mIoU@0.5 | Rank@5,mIoU@0.3 | Rank@5,mIoU@0.5 | mIoU |
+-----------------+-----------------+-----------------+-----------------+------+
|       2.25      |       1.50      |       7.87      |       4.49      | 1.88 |
+-----------------+-----------------+-----------------+-----------------+------+
+performance on testing set---------+-----------------+-----------------+------+
| Rank@1,mIoU@0.3 | Rank@1,mIoU@0.5 | Rank@5,mIoU@0.3 | Rank@5,mIoU@0.5 | mIoU |
+-----------------+-----------------+-----------------+-----------------+------+
|       0.00      |       0.00      |       0.00      |       0.00      | 0.00 |
+-----------------+-----------------+-----------------+-----------------+------+

2026-04-15 00:32:30,601 
iter: 11407 train loss 0.2006 val loss 0.1087 test loss 0.0638
+performance on training set--------+-----------------+-----------------+-------+
| Rank@1,mIoU@0.3 | Rank@1,mIoU@0.5 | Rank@5,mIoU@0.3 | Rank@5,mIoU@0.5 | mIoU  |
+-----------------+-----------------+-----------------+-----------------+-------+
|      48.43      |      25.92      |      65.57      |      45.88      | 30.11 |
+-----------------+-----------------+-----------------+-----------------+-------+
+performance on validation set------+-----------------+-----------------+------+
| Rank@1,mIoU@0.3 | Rank@1,mIoU@0.5 | Rank@5,mIoU@0.3 | Rank@5,mIoU@0.5 | mIoU |
+-----------------+-----------------+-----------------+-----------------+------+
|       2.25      |       1.12      |       6.74      |       3.75      | 1.78 |
+-----------------+-----------------+-----------------+-----------------+------+
+performance on testing set---------+-----------------+-----------------+------+
| Rank@1,mIoU@0.3 | Rank@1,mIoU@0.5 | Rank@5,mIoU@0.3 | Rank@5,mIoU@0.5 | mIoU |
+-----------------+-----------------+-----------------+-----------------+------+
|       0.00      |       0.00      |       0.00      |       0.00      | 0.00 |
+-----------------+-----------------+-----------------+-----------------+------+

2026-04-15 00:42:13,708 
iter: 11594 train loss 0.2012 val loss 0.1255 test loss 0.0895
+performance on training set--------+-----------------+-----------------+-------+
| Rank@1,mIoU@0.3 | Rank@1,mIoU@0.5 | Rank@5,mIoU@0.3 | Rank@5,mIoU@0.5 | mIoU  |
+-----------------+-----------------+-----------------+-----------------+-------+
|      47.48      |      24.02      |      65.32      |      45.58      | 29.56 |
+-----------------+-----------------+-----------------+-----------------+-------+
+performance on validation set------+-----------------+-----------------+------+
| Rank@1,mIoU@0.3 | Rank@1,mIoU@0.5 | Rank@5,mIoU@0.3 | Rank@5,mIoU@0.5 | mIoU |
+-----------------+-----------------+-----------------+-----------------+------+
|       2.25      |       1.12      |       8.61      |       4.49      | 1.93 |
+-----------------+-----------------+-----------------+-----------------+------+
+performance on testing set---------+-----------------+-----------------+------+
| Rank@1,mIoU@0.3 | Rank@1,mIoU@0.5 | Rank@5,mIoU@0.3 | Rank@5,mIoU@0.5 | mIoU |
+-----------------+-----------------+-----------------+-----------------+------+
|       0.00      |       0.00      |       0.00      |       0.00      | 0.00 |
+-----------------+-----------------+-----------------+-----------------+------+

2026-04-15 00:52:19,068 
iter: 11781 train loss 0.1988 val loss 0.1031 test loss 0.0586
+performance on training set--------+-----------------+-----------------+-------+
| Rank@1,mIoU@0.3 | Rank@1,mIoU@0.5 | Rank@5,mIoU@0.3 | Rank@5,mIoU@0.5 | mIoU  |
+-----------------+-----------------+-----------------+-----------------+-------+
|      49.33      |      26.44      |      66.24      |      46.50      | 30.53 |
+-----------------+-----------------+-----------------+-----------------+-------+
+performance on validation set------+-----------------+-----------------+------+
| Rank@1,mIoU@0.3 | Rank@1,mIoU@0.5 | Rank@5,mIoU@0.3 | Rank@5,mIoU@0.5 | mIoU |
+-----------------+-----------------+-----------------+-----------------+------+
|       2.62      |       1.12      |       7.12      |       4.49      | 2.13 |
+-----------------+-----------------+-----------------+-----------------+------+
+performance on testing set---------+-----------------+-----------------+------+
| Rank@1,mIoU@0.3 | Rank@1,mIoU@0.5 | Rank@5,mIoU@0.3 | Rank@5,mIoU@0.5 | mIoU |
+-----------------+-----------------+-----------------+-----------------+------+
|       0.00      |       0.00      |       0.00      |       0.00      | 0.00 |
+-----------------+-----------------+-----------------+-----------------+------+

2026-04-15 01:02:26,018 
iter: 11968 train loss 0.2002 val loss 0.1096 test loss 0.0686
+performance on training set--------+-----------------+-----------------+-------+
| Rank@1,mIoU@0.3 | Rank@1,mIoU@0.5 | Rank@5,mIoU@0.3 | Rank@5,mIoU@0.5 | mIoU  |
+-----------------+-----------------+-----------------+-----------------+-------+
|      48.93      |      25.82      |      66.27      |      46.66      | 30.28 |
+-----------------+-----------------+-----------------+-----------------+-------+
+performance on validation set------+-----------------+-----------------+------+
| Rank@1,mIoU@0.3 | Rank@1,mIoU@0.5 | Rank@5,mIoU@0.3 | Rank@5,mIoU@0.5 | mIoU |
+-----------------+-----------------+-----------------+-----------------+------+
|       2.25      |       1.12      |       8.24      |       4.87      | 2.16 |
+-----------------+-----------------+-----------------+-----------------+------+
+performance on testing set---------+-----------------+-----------------+------+
| Rank@1,mIoU@0.3 | Rank@1,mIoU@0.5 | Rank@5,mIoU@0.3 | Rank@5,mIoU@0.5 | mIoU |
+-----------------+-----------------+-----------------+-----------------+------+
|       0.00      |       0.00      |       0.00      |       0.00      | 0.00 |
+-----------------+-----------------+-----------------+-----------------+------+

2026-04-15 01:12:28,460 
iter: 12155 train loss 0.1987 val loss 0.0977 test loss 0.0561
+performance on training set--------+-----------------+-----------------+-------+
| Rank@1,mIoU@0.3 | Rank@1,mIoU@0.5 | Rank@5,mIoU@0.3 | Rank@5,mIoU@0.5 | mIoU  |
+-----------------+-----------------+-----------------+-----------------+-------+
|      49.53      |      26.90      |      66.26      |      46.26      | 30.80 |
+-----------------+-----------------+-----------------+-----------------+-------+
+performance on validation set------+-----------------+-----------------+------+
| Rank@1,mIoU@0.3 | Rank@1,mIoU@0.5 | Rank@5,mIoU@0.3 | Rank@5,mIoU@0.5 | mIoU |
+-----------------+-----------------+-----------------+-----------------+------+
|       2.62      |       0.75      |       7.49      |       4.49      | 1.89 |
+-----------------+-----------------+-----------------+-----------------+------+
+performance on testing set---------+-----------------+-----------------+------+
| Rank@1,mIoU@0.3 | Rank@1,mIoU@0.5 | Rank@5,mIoU@0.3 | Rank@5,mIoU@0.5 | mIoU |
+-----------------+-----------------+-----------------+-----------------+------+
|       0.00      |       0.00      |       0.00      |       0.00      | 0.00 |
+-----------------+-----------------+-----------------+-----------------+------+

2026-04-15 01:22:44,191 
iter: 12342 train loss 0.1970 val loss 0.1119 test loss 0.0719
+performance on training set--------+-----------------+-----------------+-------+
| Rank@1,mIoU@0.3 | Rank@1,mIoU@0.5 | Rank@5,mIoU@0.3 | Rank@5,mIoU@0.5 | mIoU  |
+-----------------+-----------------+-----------------+-----------------+-------+
|      48.94      |      26.29      |      66.54      |      47.13      | 30.42 |
+-----------------+-----------------+-----------------+-----------------+-------+
+performance on validation set------+-----------------+-----------------+------+
| Rank@1,mIoU@0.3 | Rank@1,mIoU@0.5 | Rank@5,mIoU@0.3 | Rank@5,mIoU@0.5 | mIoU |
+-----------------+-----------------+-----------------+-----------------+------+
|       1.87      |       1.12      |       7.12      |       4.12      | 1.76 |
+-----------------+-----------------+-----------------+-----------------+------+
+performance on testing set---------+-----------------+-----------------+------+
| Rank@1,mIoU@0.3 | Rank@1,mIoU@0.5 | Rank@5,mIoU@0.3 | Rank@5,mIoU@0.5 | mIoU |
+-----------------+-----------------+-----------------+-----------------+------+
|       0.00      |       0.00      |       0.00      |       0.00      | 0.00 |
+-----------------+-----------------+-----------------+-----------------+------+

2026-04-15 01:33:07,349 
iter: 12529 train loss 0.1958 val loss 0.1154 test loss 0.0700
+performance on training set--------+-----------------+-----------------+-------+
| Rank@1,mIoU@0.3 | Rank@1,mIoU@0.5 | Rank@5,mIoU@0.3 | Rank@5,mIoU@0.5 | mIoU  |
+-----------------+-----------------+-----------------+-----------------+-------+
|      49.76      |      26.30      |      66.64      |      47.49      | 30.67 |
+-----------------+-----------------+-----------------+-----------------+-------+
+performance on validation set------+-----------------+-----------------+------+
| Rank@1,mIoU@0.3 | Rank@1,mIoU@0.5 | Rank@5,mIoU@0.3 | Rank@5,mIoU@0.5 | mIoU |
+-----------------+-----------------+-----------------+-----------------+------+
|       2.25      |       1.12      |       7.87      |       4.87      | 2.16 |
+-----------------+-----------------+-----------------+-----------------+------+
+performance on testing set---------+-----------------+-----------------+------+
| Rank@1,mIoU@0.3 | Rank@1,mIoU@0.5 | Rank@5,mIoU@0.3 | Rank@5,mIoU@0.5 | mIoU |
+-----------------+-----------------+-----------------+-----------------+------+
|       0.00      |       0.00      |       0.00      |       0.00      | 0.00 |
+-----------------+-----------------+-----------------+-----------------+------+

2026-04-15 01:43:19,563 
iter: 12716 train loss 0.1982 val loss 0.0996 test loss 0.0570
+performance on training set--------+-----------------+-----------------+-------+
| Rank@1,mIoU@0.3 | Rank@1,mIoU@0.5 | Rank@5,mIoU@0.3 | Rank@5,mIoU@0.5 | mIoU  |
+-----------------+-----------------+-----------------+-----------------+-------+
|      50.14      |      26.62      |      66.71      |      46.75      | 30.80 |
+-----------------+-----------------+-----------------+-----------------+-------+
+performance on validation set------+-----------------+-----------------+------+
| Rank@1,mIoU@0.3 | Rank@1,mIoU@0.5 | Rank@5,mIoU@0.3 | Rank@5,mIoU@0.5 | mIoU |
+-----------------+-----------------+-----------------+-----------------+------+
|       2.62      |       0.37      |       7.12      |       3.75      | 1.86 |
+-----------------+-----------------+-----------------+-----------------+------+
+performance on testing set---------+-----------------+-----------------+------+
| Rank@1,mIoU@0.3 | Rank@1,mIoU@0.5 | Rank@5,mIoU@0.3 | Rank@5,mIoU@0.5 | mIoU |
+-----------------+-----------------+-----------------+-----------------+------+
|       0.00      |       0.00      |       0.00      |       0.00      | 0.00 |
+-----------------+-----------------+-----------------+-----------------+------+

2026-04-15 01:53:24,339 
iter: 12903 train loss 0.1964 val loss 0.1041 test loss 0.0608
+performance on training set--------+-----------------+-----------------+-------+
| Rank@1,mIoU@0.3 | Rank@1,mIoU@0.5 | Rank@5,mIoU@0.3 | Rank@5,mIoU@0.5 | mIoU  |
+-----------------+-----------------+-----------------+-----------------+-------+
|      50.34      |      27.33      |      67.01      |      47.99      | 31.12 |
+-----------------+-----------------+-----------------+-----------------+-------+
+performance on validation set------+-----------------+-----------------+------+
| Rank@1,mIoU@0.3 | Rank@1,mIoU@0.5 | Rank@5,mIoU@0.3 | Rank@5,mIoU@0.5 | mIoU |
+-----------------+-----------------+-----------------+-----------------+------+
|       2.25      |       0.37      |       8.99      |       4.49      | 1.82 |
+-----------------+-----------------+-----------------+-----------------+------+
+performance on testing set---------+-----------------+-----------------+------+
| Rank@1,mIoU@0.3 | Rank@1,mIoU@0.5 | Rank@5,mIoU@0.3 | Rank@5,mIoU@0.5 | mIoU |
+-----------------+-----------------+-----------------+-----------------+------+
|       0.00      |       0.00      |       0.00      |       0.00      | 0.00 |
+-----------------+-----------------+-----------------+-----------------+------+

2026-04-15 02:03:16,568 
iter: 13090 train loss 0.1950 val loss 0.1005 test loss 0.0589
+performance on training set--------+-----------------+-----------------+-------+
| Rank@1,mIoU@0.3 | Rank@1,mIoU@0.5 | Rank@5,mIoU@0.3 | Rank@5,mIoU@0.5 | mIoU  |
+-----------------+-----------------+-----------------+-----------------+-------+
|      50.72      |      27.22      |      67.04      |      47.89      | 31.17 |
+-----------------+-----------------+-----------------+-----------------+-------+
+performance on validation set------+-----------------+-----------------+------+
| Rank@1,mIoU@0.3 | Rank@1,mIoU@0.5 | Rank@5,mIoU@0.3 | Rank@5,mIoU@0.5 | mIoU |
+-----------------+-----------------+-----------------+-----------------+------+
|       2.62      |       0.75      |       8.61      |       4.49      | 2.15 |
+-----------------+-----------------+-----------------+-----------------+------+
+performance on testing set---------+-----------------+-----------------+------+
| Rank@1,mIoU@0.3 | Rank@1,mIoU@0.5 | Rank@5,mIoU@0.3 | Rank@5,mIoU@0.5 | mIoU |
+-----------------+-----------------+-----------------+-----------------+------+
|       0.00      |       0.00      |       0.00      |       0.00      | 0.00 |
+-----------------+-----------------+-----------------+-----------------+------+

2026-04-15 02:13:15,344 
iter: 13277 train loss 0.1966 val loss 0.1058 test loss 0.0640
+performance on training set--------+-----------------+-----------------+-------+
| Rank@1,mIoU@0.3 | Rank@1,mIoU@0.5 | Rank@5,mIoU@0.3 | Rank@5,mIoU@0.5 | mIoU  |
+-----------------+-----------------+-----------------+-----------------+-------+
|      50.76      |      27.53      |      66.99      |      48.03      | 31.23 |
+-----------------+-----------------+-----------------+-----------------+-------+
+performance on validation set------+-----------------+-----------------+------+
| Rank@1,mIoU@0.3 | Rank@1,mIoU@0.5 | Rank@5,mIoU@0.3 | Rank@5,mIoU@0.5 | mIoU |
+-----------------+-----------------+-----------------+-----------------+------+
|       2.62      |       1.50      |       7.49      |       4.12      | 2.09 |
+-----------------+-----------------+-----------------+-----------------+------+
+performance on testing set---------+-----------------+-----------------+------+
| Rank@1,mIoU@0.3 | Rank@1,mIoU@0.5 | Rank@5,mIoU@0.3 | Rank@5,mIoU@0.5 | mIoU |
+-----------------+-----------------+-----------------+-----------------+------+
|       0.00      |       0.00      |       0.00      |       0.00      | 0.00 |
+-----------------+-----------------+-----------------+-----------------+------+

2026-04-15 02:23:09,433 
iter: 13464 train loss 0.1935 val loss 0.1151 test loss 0.0662
+performance on training set--------+-----------------+-----------------+-------+
| Rank@1,mIoU@0.3 | Rank@1,mIoU@0.5 | Rank@5,mIoU@0.3 | Rank@5,mIoU@0.5 | mIoU  |
+-----------------+-----------------+-----------------+-----------------+-------+
|      50.81      |      26.90      |      67.27      |      48.36      | 31.23 |
+-----------------+-----------------+-----------------+-----------------+-------+
+performance on validation set------+-----------------+-----------------+------+
| Rank@1,mIoU@0.3 | Rank@1,mIoU@0.5 | Rank@5,mIoU@0.3 | Rank@5,mIoU@0.5 | mIoU |
+-----------------+-----------------+-----------------+-----------------+------+
|       2.25      |       1.12      |       8.24      |       4.87      | 1.97 |
+-----------------+-----------------+-----------------+-----------------+------+
+performance on testing set---------+-----------------+-----------------+------+
| Rank@1,mIoU@0.3 | Rank@1,mIoU@0.5 | Rank@5,mIoU@0.3 | Rank@5,mIoU@0.5 | mIoU |
+-----------------+-----------------+-----------------+-----------------+------+
|       0.00      |       0.00      |       0.00      |       0.00      | 0.00 |
+-----------------+-----------------+-----------------+-----------------+------+

2026-04-15 02:33:16,258 
iter: 13651 train loss 0.1942 val loss 0.1035 test loss 0.0642
+performance on training set--------+-----------------+-----------------+-------+
| Rank@1,mIoU@0.3 | Rank@1,mIoU@0.5 | Rank@5,mIoU@0.3 | Rank@5,mIoU@0.5 | mIoU  |
+-----------------+-----------------+-----------------+-----------------+-------+
|      51.41      |      28.07      |      67.37      |      48.36      | 31.65 |
+-----------------+-----------------+-----------------+-----------------+-------+
+performance on validation set------+-----------------+-----------------+------+
| Rank@1,mIoU@0.3 | Rank@1,mIoU@0.5 | Rank@5,mIoU@0.3 | Rank@5,mIoU@0.5 | mIoU |
+-----------------+-----------------+-----------------+-----------------+------+
|       2.25      |       0.75      |       8.61      |       4.12      | 1.96 |
+-----------------+-----------------+-----------------+-----------------+------+
+performance on testing set---------+-----------------+-----------------+------+
| Rank@1,mIoU@0.3 | Rank@1,mIoU@0.5 | Rank@5,mIoU@0.3 | Rank@5,mIoU@0.5 | mIoU |
+-----------------+-----------------+-----------------+-----------------+------+
|       0.00      |       0.00      |       0.00      |       0.00      | 0.00 |
+-----------------+-----------------+-----------------+-----------------+------+

2026-04-15 02:43:16,446 
iter: 13838 train loss 0.1953 val loss 0.1092 test loss 0.0694
+performance on training set--------+-----------------+-----------------+-------+
| Rank@1,mIoU@0.3 | Rank@1,mIoU@0.5 | Rank@5,mIoU@0.3 | Rank@5,mIoU@0.5 | mIoU  |
+-----------------+-----------------+-----------------+-----------------+-------+
|      50.99      |      27.05      |      67.30      |      48.68      | 31.31 |
+-----------------+-----------------+-----------------+-----------------+-------+
+performance on validation set------+-----------------+-----------------+------+
| Rank@1,mIoU@0.3 | Rank@1,mIoU@0.5 | Rank@5,mIoU@0.3 | Rank@5,mIoU@0.5 | mIoU |
+-----------------+-----------------+-----------------+-----------------+------+
|       3.00      |       1.12      |       7.49      |       5.24      | 2.18 |
+-----------------+-----------------+-----------------+-----------------+------+
+performance on testing set---------+-----------------+-----------------+------+
| Rank@1,mIoU@0.3 | Rank@1,mIoU@0.5 | Rank@5,mIoU@0.3 | Rank@5,mIoU@0.5 | mIoU |
+-----------------+-----------------+-----------------+-----------------+------+
|       0.00      |       0.00      |       0.00      |       0.00      | 0.00 |
+-----------------+-----------------+-----------------+-----------------+------+

2026-04-15 02:52:57,029 
iter: 14025 train loss 0.1920 val loss 0.0941 test loss 0.0515
+performance on training set--------+-----------------+-----------------+-------+
| Rank@1,mIoU@0.3 | Rank@1,mIoU@0.5 | Rank@5,mIoU@0.3 | Rank@5,mIoU@0.5 | mIoU  |
+-----------------+-----------------+-----------------+-----------------+-------+
|      51.72      |      28.07      |      67.45      |      48.69      | 31.78 |
+-----------------+-----------------+-----------------+-----------------+-------+
+performance on validation set------+-----------------+-----------------+------+
| Rank@1,mIoU@0.3 | Rank@1,mIoU@0.5 | Rank@5,mIoU@0.3 | Rank@5,mIoU@0.5 | mIoU |
+-----------------+-----------------+-----------------+-----------------+------+
|       2.62      |       0.37      |       7.87      |       4.87      | 1.76 |
+-----------------+-----------------+-----------------+-----------------+------+
+performance on testing set---------+-----------------+-----------------+------+
| Rank@1,mIoU@0.3 | Rank@1,mIoU@0.5 | Rank@5,mIoU@0.3 | Rank@5,mIoU@0.5 | mIoU |
+-----------------+-----------------+-----------------+-----------------+------+
|       0.00      |       0.00      |       0.00      |       0.00      | 0.00 |
+-----------------+-----------------+-----------------+-----------------+------+

2026-04-15 03:02:52,083 
iter: 14212 train loss 0.1945 val loss 0.1121 test loss 0.0693
+performance on training set--------+-----------------+-----------------+-------+
| Rank@1,mIoU@0.3 | Rank@1,mIoU@0.5 | Rank@5,mIoU@0.3 | Rank@5,mIoU@0.5 | mIoU  |
+-----------------+-----------------+-----------------+-----------------+-------+
|      50.77      |      26.79      |      67.55      |      48.99      | 31.23 |
+-----------------+-----------------+-----------------+-----------------+-------+
+performance on validation set------+-----------------+-----------------+------+
| Rank@1,mIoU@0.3 | Rank@1,mIoU@0.5 | Rank@5,mIoU@0.3 | Rank@5,mIoU@0.5 | mIoU |
+-----------------+-----------------+-----------------+-----------------+------+
|       2.62      |       1.12      |       9.74      |       5.24      | 2.04 |
+-----------------+-----------------+-----------------+-----------------+------+
+performance on testing set---------+-----------------+-----------------+------+
| Rank@1,mIoU@0.3 | Rank@1,mIoU@0.5 | Rank@5,mIoU@0.3 | Rank@5,mIoU@0.5 | mIoU |
+-----------------+-----------------+-----------------+-----------------+------+
|       0.00      |       0.00      |       0.00      |       0.00      | 0.00 |
+-----------------+-----------------+-----------------+-----------------+------+

2026-04-15 03:12:42,950 
iter: 14399 train loss 0.1915 val loss 0.1065 test loss 0.0643
+performance on training set--------+-----------------+-----------------+-------+
| Rank@1,mIoU@0.3 | Rank@1,mIoU@0.5 | Rank@5,mIoU@0.3 | Rank@5,mIoU@0.5 | mIoU  |
+-----------------+-----------------+-----------------+-----------------+-------+
|      51.96      |      27.73      |      67.94      |      49.16      | 31.75 |
+-----------------+-----------------+-----------------+-----------------+-------+
+performance on validation set------+-----------------+-----------------+------+
| Rank@1,mIoU@0.3 | Rank@1,mIoU@0.5 | Rank@5,mIoU@0.3 | Rank@5,mIoU@0.5 | mIoU |
+-----------------+-----------------+-----------------+-----------------+------+
|       2.62      |       0.75      |       7.87      |       4.12      | 2.02 |
+-----------------+-----------------+-----------------+-----------------+------+
+performance on testing set---------+-----------------+-----------------+------+
| Rank@1,mIoU@0.3 | Rank@1,mIoU@0.5 | Rank@5,mIoU@0.3 | Rank@5,mIoU@0.5 | mIoU |
+-----------------+-----------------+-----------------+-----------------+------+
|       0.00      |       0.00      |       0.00      |       0.00      | 0.00 |
+-----------------+-----------------+-----------------+-----------------+------+

2026-04-15 03:22:14,971 
iter: 14586 train loss 0.1923 val loss 0.0965 test loss 0.0575
+performance on training set--------+-----------------+-----------------+-------+
| Rank@1,mIoU@0.3 | Rank@1,mIoU@0.5 | Rank@5,mIoU@0.3 | Rank@5,mIoU@0.5 | mIoU  |
+-----------------+-----------------+-----------------+-----------------+-------+
|      52.06      |      28.23      |      68.17      |      49.23      | 32.04 |
+-----------------+-----------------+-----------------+-----------------+-------+
+performance on validation set------+-----------------+-----------------+------+
| Rank@1,mIoU@0.3 | Rank@1,mIoU@0.5 | Rank@5,mIoU@0.3 | Rank@5,mIoU@0.5 | mIoU |
+-----------------+-----------------+-----------------+-----------------+------+
|       2.62      |       0.37      |       7.87      |       4.49      | 1.86 |
+-----------------+-----------------+-----------------+-----------------+------+
+performance on testing set---------+-----------------+-----------------+------+
| Rank@1,mIoU@0.3 | Rank@1,mIoU@0.5 | Rank@5,mIoU@0.3 | Rank@5,mIoU@0.5 | mIoU |
+-----------------+-----------------+-----------------+-----------------+------+
|       0.00      |       0.00      |       0.00      |       0.00      | 0.00 |
+-----------------+-----------------+-----------------+-----------------+------+

2026-04-15 03:32:13,679 
iter: 14773 train loss 0.1926 val loss 0.1185 test loss 0.0755
+performance on training set--------+-----------------+-----------------+-------+
| Rank@1,mIoU@0.3 | Rank@1,mIoU@0.5 | Rank@5,mIoU@0.3 | Rank@5,mIoU@0.5 | mIoU  |
+-----------------+-----------------+-----------------+-----------------+-------+
|      50.91      |      26.59      |      67.60      |      49.38      | 31.30 |
+-----------------+-----------------+-----------------+-----------------+-------+
+performance on validation set------+-----------------+-----------------+------+
| Rank@1,mIoU@0.3 | Rank@1,mIoU@0.5 | Rank@5,mIoU@0.3 | Rank@5,mIoU@0.5 | mIoU |
+-----------------+-----------------+-----------------+-----------------+------+
|       2.62      |       1.12      |       7.12      |       4.87      | 2.04 |
+-----------------+-----------------+-----------------+-----------------+------+
+performance on testing set---------+-----------------+-----------------+------+
| Rank@1,mIoU@0.3 | Rank@1,mIoU@0.5 | Rank@5,mIoU@0.3 | Rank@5,mIoU@0.5 | mIoU |
+-----------------+-----------------+-----------------+-----------------+------+
|       0.00      |       0.00      |       0.00      |       0.00      | 0.00 |
+-----------------+-----------------+-----------------+-----------------+------+

2026-04-15 03:42:35,138 
iter: 14960 train loss 0.1921 val loss 0.1085 test loss 0.0695
+performance on training set--------+-----------------+-----------------+-------+
| Rank@1,mIoU@0.3 | Rank@1,mIoU@0.5 | Rank@5,mIoU@0.3 | Rank@5,mIoU@0.5 | mIoU  |
+-----------------+-----------------+-----------------+-----------------+-------+
|      51.52      |      27.65      |      68.10      |      49.24      | 31.71 |
+-----------------+-----------------+-----------------+-----------------+-------+
+performance on validation set------+-----------------+-----------------+------+
| Rank@1,mIoU@0.3 | Rank@1,mIoU@0.5 | Rank@5,mIoU@0.3 | Rank@5,mIoU@0.5 | mIoU |
+-----------------+-----------------+-----------------+-----------------+------+
|       2.62      |       0.75      |       6.74      |       4.12      | 1.90 |
+-----------------+-----------------+-----------------+-----------------+------+
+performance on testing set---------+-----------------+-----------------+------+
| Rank@1,mIoU@0.3 | Rank@1,mIoU@0.5 | Rank@5,mIoU@0.3 | Rank@5,mIoU@0.5 | mIoU |
+-----------------+-----------------+-----------------+-----------------+------+
|       0.00      |       0.00      |       0.00      |       0.00      | 0.00 |
+-----------------+-----------------+-----------------+-----------------+------+

2026-04-15 03:52:15,223 
iter: 15147 train loss 0.1908 val loss 0.1035 test loss 0.0652
+performance on training set--------+-----------------+-----------------+-------+
| Rank@1,mIoU@0.3 | Rank@1,mIoU@0.5 | Rank@5,mIoU@0.3 | Rank@5,mIoU@0.5 | mIoU  |
+-----------------+-----------------+-----------------+-----------------+-------+
|      51.82      |      27.63      |      67.90      |      49.53      | 31.80 |
+-----------------+-----------------+-----------------+-----------------+-------+
+performance on validation set------+-----------------+-----------------+------+
| Rank@1,mIoU@0.3 | Rank@1,mIoU@0.5 | Rank@5,mIoU@0.3 | Rank@5,mIoU@0.5 | mIoU |
+-----------------+-----------------+-----------------+-----------------+------+
|       2.62      |       0.37      |       7.12      |       4.87      | 1.84 |
+-----------------+-----------------+-----------------+-----------------+------+
+performance on testing set---------+-----------------+-----------------+------+
| Rank@1,mIoU@0.3 | Rank@1,mIoU@0.5 | Rank@5,mIoU@0.3 | Rank@5,mIoU@0.5 | mIoU |
+-----------------+-----------------+-----------------+-----------------+------+
|       0.00      |       0.00      |       0.00      |       0.00      | 0.00 |
+-----------------+-----------------+-----------------+-----------------+------+

2026-04-15 04:01:47,706 
iter: 15334 train loss 0.1905 val loss 0.0952 test loss 0.0560
+performance on training set--------+-----------------+-----------------+-------+
| Rank@1,mIoU@0.3 | Rank@1,mIoU@0.5 | Rank@5,mIoU@0.3 | Rank@5,mIoU@0.5 | mIoU  |
+-----------------+-----------------+-----------------+-----------------+-------+
|      52.21      |      28.32      |      68.39      |      49.23      | 32.12 |
+-----------------+-----------------+-----------------+-----------------+-------+
+performance on validation set------+-----------------+-----------------+------+
| Rank@1,mIoU@0.3 | Rank@1,mIoU@0.5 | Rank@5,mIoU@0.3 | Rank@5,mIoU@0.5 | mIoU |
+-----------------+-----------------+-----------------+-----------------+------+
|       2.62      |       0.75      |       8.24      |       5.24      | 1.87 |
+-----------------+-----------------+-----------------+-----------------+------+
+performance on testing set---------+-----------------+-----------------+------+
| Rank@1,mIoU@0.3 | Rank@1,mIoU@0.5 | Rank@5,mIoU@0.3 | Rank@5,mIoU@0.5 | mIoU |
+-----------------+-----------------+-----------------+-----------------+------+
|       0.00      |       0.00      |       0.00      |       0.00      | 0.00 |
+-----------------+-----------------+-----------------+-----------------+------+

2026-04-15 04:11:48,720 
iter: 15521 train loss 0.1905 val loss 0.1039 test loss 0.0611
+performance on training set--------+-----------------+-----------------+-------+
| Rank@1,mIoU@0.3 | Rank@1,mIoU@0.5 | Rank@5,mIoU@0.3 | Rank@5,mIoU@0.5 | mIoU  |
+-----------------+-----------------+-----------------+-----------------+-------+
|      52.22      |      27.85      |      68.09      |      49.36      | 32.08 |
+-----------------+-----------------+-----------------+-----------------+-------+
+performance on validation set------+-----------------+-----------------+------+
| Rank@1,mIoU@0.3 | Rank@1,mIoU@0.5 | Rank@5,mIoU@0.3 | Rank@5,mIoU@0.5 | mIoU |
+-----------------+-----------------+-----------------+-----------------+------+
|       3.00      |       0.75      |       8.24      |       4.87      | 2.22 |
+-----------------+-----------------+-----------------+-----------------+------+
+performance on testing set---------+-----------------+-----------------+------+
| Rank@1,mIoU@0.3 | Rank@1,mIoU@0.5 | Rank@5,mIoU@0.3 | Rank@5,mIoU@0.5 | mIoU |
+-----------------+-----------------+-----------------+-----------------+------+
|       0.00      |       0.00      |       0.00      |       0.00      | 0.00 |
+-----------------+-----------------+-----------------+-----------------+------+

2026-04-15 04:21:30,536 
iter: 15708 train loss 0.1905 val loss 0.1088 test loss 0.0690
+performance on training set--------+-----------------+-----------------+-------+
| Rank@1,mIoU@0.3 | Rank@1,mIoU@0.5 | Rank@5,mIoU@0.3 | Rank@5,mIoU@0.5 | mIoU  |
+-----------------+-----------------+-----------------+-----------------+-------+
|      52.16      |      27.92      |      68.55      |      50.06      | 32.06 |
+-----------------+-----------------+-----------------+-----------------+-------+
+performance on validation set------+-----------------+-----------------+------+
| Rank@1,mIoU@0.3 | Rank@1,mIoU@0.5 | Rank@5,mIoU@0.3 | Rank@5,mIoU@0.5 | mIoU |
+-----------------+-----------------+-----------------+-----------------+------+
|       3.00      |       0.37      |       7.87      |       5.24      | 2.06 |
+-----------------+-----------------+-----------------+-----------------+------+
+performance on testing set---------+-----------------+-----------------+------+
| Rank@1,mIoU@0.3 | Rank@1,mIoU@0.5 | Rank@5,mIoU@0.3 | Rank@5,mIoU@0.5 | mIoU |
+-----------------+-----------------+-----------------+-----------------+------+
|       0.00      |       0.00      |       0.00      |       0.00      | 0.00 |
+-----------------+-----------------+-----------------+-----------------+------+

2026-04-15 04:31:22,616 
iter: 15895 train loss 0.1889 val loss 0.0933 test loss 0.0531
+performance on training set--------+-----------------+-----------------+-------+
| Rank@1,mIoU@0.3 | Rank@1,mIoU@0.5 | Rank@5,mIoU@0.3 | Rank@5,mIoU@0.5 | mIoU  |
+-----------------+-----------------+-----------------+-----------------+-------+
|      52.87      |      29.10      |      68.84      |      50.17      | 32.64 |
+-----------------+-----------------+-----------------+-----------------+-------+
+performance on validation set------+-----------------+-----------------+------+
| Rank@1,mIoU@0.3 | Rank@1,mIoU@0.5 | Rank@5,mIoU@0.3 | Rank@5,mIoU@0.5 | mIoU |
+-----------------+-----------------+-----------------+-----------------+------+
|       2.25      |       0.37      |       7.49      |       4.87      | 1.82 |
+-----------------+-----------------+-----------------+-----------------+------+
+performance on testing set---------+-----------------+-----------------+------+
| Rank@1,mIoU@0.3 | Rank@1,mIoU@0.5 | Rank@5,mIoU@0.3 | Rank@5,mIoU@0.5 | mIoU |
+-----------------+-----------------+-----------------+-----------------+------+
|       0.00      |       0.00      |       0.00      |       0.00      | 0.00 |
+-----------------+-----------------+-----------------+-----------------+------+

2026-04-15 04:41:03,267 
iter: 16082 train loss 0.1891 val loss 0.1115 test loss 0.0715
+performance on training set--------+-----------------+-----------------+-------+
| Rank@1,mIoU@0.3 | Rank@1,mIoU@0.5 | Rank@5,mIoU@0.3 | Rank@5,mIoU@0.5 | mIoU  |
+-----------------+-----------------+-----------------+-----------------+-------+
|      51.99      |      26.99      |      68.54      |      49.88      | 31.85 |
+-----------------+-----------------+-----------------+-----------------+-------+
+performance on validation set------+-----------------+-----------------+------+
| Rank@1,mIoU@0.3 | Rank@1,mIoU@0.5 | Rank@5,mIoU@0.3 | Rank@5,mIoU@0.5 | mIoU |
+-----------------+-----------------+-----------------+-----------------+------+
|       2.62      |       0.37      |       7.87      |       5.24      | 1.86 |
+-----------------+-----------------+-----------------+-----------------+------+
+performance on testing set---------+-----------------+-----------------+------+
| Rank@1,mIoU@0.3 | Rank@1,mIoU@0.5 | Rank@5,mIoU@0.3 | Rank@5,mIoU@0.5 | mIoU |
+-----------------+-----------------+-----------------+-----------------+------+
|       0.00      |       0.00      |       0.00      |       0.00      | 0.00 |
+-----------------+-----------------+-----------------+-----------------+------+

2026-04-15 04:50:32,507 
iter: 16269 train loss 0.1894 val loss 0.1000 test loss 0.0601
+performance on training set--------+-----------------+-----------------+-------+
| Rank@1,mIoU@0.3 | Rank@1,mIoU@0.5 | Rank@5,mIoU@0.3 | Rank@5,mIoU@0.5 | mIoU  |
+-----------------+-----------------+-----------------+-----------------+-------+
|      52.72      |      28.25      |      68.72      |      50.37      | 32.42 |
+-----------------+-----------------+-----------------+-----------------+-------+
+performance on validation set------+-----------------+-----------------+------+
| Rank@1,mIoU@0.3 | Rank@1,mIoU@0.5 | Rank@5,mIoU@0.3 | Rank@5,mIoU@0.5 | mIoU |
+-----------------+-----------------+-----------------+-----------------+------+
|       2.62      |       0.37      |       7.12      |       4.49      | 2.01 |
+-----------------+-----------------+-----------------+-----------------+------+
+performance on testing set---------+-----------------+-----------------+------+
| Rank@1,mIoU@0.3 | Rank@1,mIoU@0.5 | Rank@5,mIoU@0.3 | Rank@5,mIoU@0.5 | mIoU |
+-----------------+-----------------+-----------------+-----------------+------+
|       0.00      |       0.00      |       0.00      |       0.00      | 0.00 |
+-----------------+-----------------+-----------------+-----------------+------+

2026-04-15 04:59:33,638 
iter: 16456 train loss 0.1882 val loss 0.1199 test loss 0.0839
+performance on training set--------+-----------------+-----------------+-------+
| Rank@1,mIoU@0.3 | Rank@1,mIoU@0.5 | Rank@5,mIoU@0.3 | Rank@5,mIoU@0.5 | mIoU  |
+-----------------+-----------------+-----------------+-----------------+-------+
|      51.97      |      27.10      |      68.47      |      49.99      | 31.88 |
+-----------------+-----------------+-----------------+-----------------+-------+
+performance on validation set------+-----------------+-----------------+------+
| Rank@1,mIoU@0.3 | Rank@1,mIoU@0.5 | Rank@5,mIoU@0.3 | Rank@5,mIoU@0.5 | mIoU |
+-----------------+-----------------+-----------------+-----------------+------+
|       3.00      |       1.50      |       9.36      |       5.62      | 2.40 |
+-----------------+-----------------+-----------------+-----------------+------+
+performance on testing set---------+-----------------+-----------------+------+
| Rank@1,mIoU@0.3 | Rank@1,mIoU@0.5 | Rank@5,mIoU@0.3 | Rank@5,mIoU@0.5 | mIoU |
+-----------------+-----------------+-----------------+-----------------+------+
|       0.00      |       0.00      |       0.00      |       0.00      | 0.00 |
+-----------------+-----------------+-----------------+-----------------+------+

2026-04-15 05:09:07,248 
iter: 16643 train loss 0.1866 val loss 0.1018 test loss 0.0623
+performance on training set--------+-----------------+-----------------+-------+
| Rank@1,mIoU@0.3 | Rank@1,mIoU@0.5 | Rank@5,mIoU@0.3 | Rank@5,mIoU@0.5 | mIoU  |
+-----------------+-----------------+-----------------+-----------------+-------+
|      52.95      |      28.42      |      69.30      |      50.81      | 32.56 |
+-----------------+-----------------+-----------------+-----------------+-------+
+performance on validation set------+-----------------+-----------------+------+
| Rank@1,mIoU@0.3 | Rank@1,mIoU@0.5 | Rank@5,mIoU@0.3 | Rank@5,mIoU@0.5 | mIoU |
+-----------------+-----------------+-----------------+-----------------+------+
|       2.62      |       0.37      |       8.24      |       5.24      | 1.99 |
+-----------------+-----------------+-----------------+-----------------+------+
+performance on testing set---------+-----------------+-----------------+------+
| Rank@1,mIoU@0.3 | Rank@1,mIoU@0.5 | Rank@5,mIoU@0.3 | Rank@5,mIoU@0.5 | mIoU |
+-----------------+-----------------+-----------------+-----------------+------+
|       0.00      |       0.00      |       0.00      |       0.00      | 0.00 |
+-----------------+-----------------+-----------------+-----------------+------+

2026-04-15 05:18:45,247 
iter: 16830 train loss 0.1897 val loss 0.0980 test loss 0.0557
+performance on training set--------+-----------------+-----------------+-------+
| Rank@1,mIoU@0.3 | Rank@1,mIoU@0.5 | Rank@5,mIoU@0.3 | Rank@5,mIoU@0.5 | mIoU  |
+-----------------+-----------------+-----------------+-----------------+-------+
|      53.34      |      29.12      |      69.20      |      50.77      | 32.82 |
+-----------------+-----------------+-----------------+-----------------+-------+
+performance on validation set------+-----------------+-----------------+------+
| Rank@1,mIoU@0.3 | Rank@1,mIoU@0.5 | Rank@5,mIoU@0.3 | Rank@5,mIoU@0.5 | mIoU |
+-----------------+-----------------+-----------------+-----------------+------+
|       2.62      |       0.75      |       9.36      |       5.62      | 1.88 |
+-----------------+-----------------+-----------------+-----------------+------+
+performance on testing set---------+-----------------+-----------------+------+
| Rank@1,mIoU@0.3 | Rank@1,mIoU@0.5 | Rank@5,mIoU@0.3 | Rank@5,mIoU@0.5 | mIoU |
+-----------------+-----------------+-----------------+-----------------+------+
|       0.00      |       0.00      |       0.00      |       0.00      | 0.00 |
+-----------------+-----------------+-----------------+-----------------+------+

2026-04-15 05:28:45,869 
iter: 17017 train loss 0.1867 val loss 0.1092 test loss 0.0716
+performance on training set--------+-----------------+-----------------+-------+
| Rank@1,mIoU@0.3 | Rank@1,mIoU@0.5 | Rank@5,mIoU@0.3 | Rank@5,mIoU@0.5 | mIoU  |
+-----------------+-----------------+-----------------+-----------------+-------+
|      52.86      |      28.05      |      69.15      |      50.67      | 32.37 |
+-----------------+-----------------+-----------------+-----------------+-------+
+performance on validation set------+-----------------+-----------------+------+
| Rank@1,mIoU@0.3 | Rank@1,mIoU@0.5 | Rank@5,mIoU@0.3 | Rank@5,mIoU@0.5 | mIoU |
+-----------------+-----------------+-----------------+-----------------+------+
|       2.62      |       0.37      |       7.87      |       5.62      | 1.94 |
+-----------------+-----------------+-----------------+-----------------+------+
+performance on testing set---------+-----------------+-----------------+------+
| Rank@1,mIoU@0.3 | Rank@1,mIoU@0.5 | Rank@5,mIoU@0.3 | Rank@5,mIoU@0.5 | mIoU |
+-----------------+-----------------+-----------------+-----------------+------+
|       0.00      |       0.00      |       0.00      |       0.00      | 0.00 |
+-----------------+-----------------+-----------------+-----------------+------+

2026-04-15 05:38:23,827 
iter: 17204 train loss 0.1887 val loss 0.1062 test loss 0.0647
+performance on training set--------+-----------------+-----------------+-------+
| Rank@1,mIoU@0.3 | Rank@1,mIoU@0.5 | Rank@5,mIoU@0.3 | Rank@5,mIoU@0.5 | mIoU  |
+-----------------+-----------------+-----------------+-----------------+-------+
|      52.99      |      28.58      |      69.19      |      50.82      | 32.66 |
+-----------------+-----------------+-----------------+-----------------+-------+
+performance on validation set------+-----------------+-----------------+------+
| Rank@1,mIoU@0.3 | Rank@1,mIoU@0.5 | Rank@5,mIoU@0.3 | Rank@5,mIoU@0.5 | mIoU |
+-----------------+-----------------+-----------------+-----------------+------+
|       3.37      |       0.75      |      10.49      |       5.99      | 2.24 |
+-----------------+-----------------+-----------------+-----------------+------+
+performance on testing set---------+-----------------+-----------------+------+
| Rank@1,mIoU@0.3 | Rank@1,mIoU@0.5 | Rank@5,mIoU@0.3 | Rank@5,mIoU@0.5 | mIoU |
+-----------------+-----------------+-----------------+-----------------+------+
|       0.00      |       0.00      |       0.00      |       0.00      | 0.00 |
+-----------------+-----------------+-----------------+-----------------+------+

2026-04-15 05:48:17,089 
iter: 17391 train loss 0.1858 val loss 0.0980 test loss 0.0544
+performance on training set--------+-----------------+-----------------+-------+
| Rank@1,mIoU@0.3 | Rank@1,mIoU@0.5 | Rank@5,mIoU@0.3 | Rank@5,mIoU@0.5 | mIoU  |
+-----------------+-----------------+-----------------+-----------------+-------+
|      53.55      |      29.15      |      69.25      |      50.92      | 32.88 |
+-----------------+-----------------+-----------------+-----------------+-------+
+performance on validation set------+-----------------+-----------------+------+
| Rank@1,mIoU@0.3 | Rank@1,mIoU@0.5 | Rank@5,mIoU@0.3 | Rank@5,mIoU@0.5 | mIoU |
+-----------------+-----------------+-----------------+-----------------+------+
|       3.00      |       0.75      |       7.87      |       5.62      | 2.25 |
+-----------------+-----------------+-----------------+-----------------+------+
+performance on testing set---------+-----------------+-----------------+------+
| Rank@1,mIoU@0.3 | Rank@1,mIoU@0.5 | Rank@5,mIoU@0.3 | Rank@5,mIoU@0.5 | mIoU |
+-----------------+-----------------+-----------------+-----------------+------+
|       0.00      |       0.00      |       0.00      |       0.00      | 0.00 |
+-----------------+-----------------+-----------------+-----------------+------+

2026-04-15 05:57:45,981 
iter: 17578 train loss 0.1865 val loss 0.0994 test loss 0.0601
+performance on training set--------+-----------------+-----------------+-------+
| Rank@1,mIoU@0.3 | Rank@1,mIoU@0.5 | Rank@5,mIoU@0.3 | Rank@5,mIoU@0.5 | mIoU  |
+-----------------+-----------------+-----------------+-----------------+-------+
|      53.52      |      29.08      |      69.69      |      51.24      | 32.82 |
+-----------------+-----------------+-----------------+-----------------+-------+
+performance on validation set------+-----------------+-----------------+------+
| Rank@1,mIoU@0.3 | Rank@1,mIoU@0.5 | Rank@5,mIoU@0.3 | Rank@5,mIoU@0.5 | mIoU |
+-----------------+-----------------+-----------------+-----------------+------+
|       3.37      |       0.75      |       9.36      |       5.24      | 2.41 |
+-----------------+-----------------+-----------------+-----------------+------+
+performance on testing set---------+-----------------+-----------------+------+
| Rank@1,mIoU@0.3 | Rank@1,mIoU@0.5 | Rank@5,mIoU@0.3 | Rank@5,mIoU@0.5 | mIoU |
+-----------------+-----------------+-----------------+-----------------+------+
|       0.00      |       0.00      |       0.00      |       0.00      | 0.00 |
+-----------------+-----------------+-----------------+-----------------+------+

2026-04-15 06:07:14,571 
iter: 17765 train loss 0.1857 val loss 0.1039 test loss 0.0618
+performance on training set--------+-----------------+-----------------+-------+
| Rank@1,mIoU@0.3 | Rank@1,mIoU@0.5 | Rank@5,mIoU@0.3 | Rank@5,mIoU@0.5 | mIoU  |
+-----------------+-----------------+-----------------+-----------------+-------+
|      53.57      |      29.15      |      69.50      |      51.86      | 32.97 |
+-----------------+-----------------+-----------------+-----------------+-------+
+performance on validation set------+-----------------+-----------------+------+
| Rank@1,mIoU@0.3 | Rank@1,mIoU@0.5 | Rank@5,mIoU@0.3 | Rank@5,mIoU@0.5 | mIoU |
+-----------------+-----------------+-----------------+-----------------+------+
|       3.00      |       0.75      |       7.87      |       5.62      | 2.23 |
+-----------------+-----------------+-----------------+-----------------+------+
+performance on testing set---------+-----------------+-----------------+------+
| Rank@1,mIoU@0.3 | Rank@1,mIoU@0.5 | Rank@5,mIoU@0.3 | Rank@5,mIoU@0.5 | mIoU |
+-----------------+-----------------+-----------------+-----------------+------+
|       0.00      |       0.00      |       0.00      |       0.00      | 0.00 |
+-----------------+-----------------+-----------------+-----------------+------+

2026-04-15 06:16:51,208 
iter: 17952 train loss 0.1865 val loss 0.1062 test loss 0.0666
+performance on training set--------+-----------------+-----------------+-------+
| Rank@1,mIoU@0.3 | Rank@1,mIoU@0.5 | Rank@5,mIoU@0.3 | Rank@5,mIoU@0.5 | mIoU  |
+-----------------+-----------------+-----------------+-----------------+-------+
|      53.37      |      28.68      |      69.57      |      51.59      | 32.76 |
+-----------------+-----------------+-----------------+-----------------+-------+
+performance on validation set------+-----------------+-----------------+------+
| Rank@1,mIoU@0.3 | Rank@1,mIoU@0.5 | Rank@5,mIoU@0.3 | Rank@5,mIoU@0.5 | mIoU |
+-----------------+-----------------+-----------------+-----------------+------+
|       3.37      |       0.75      |       7.49      |       5.62      | 2.35 |
+-----------------+-----------------+-----------------+-----------------+------+
+performance on testing set---------+-----------------+-----------------+------+
| Rank@1,mIoU@0.3 | Rank@1,mIoU@0.5 | Rank@5,mIoU@0.3 | Rank@5,mIoU@0.5 | mIoU |
+-----------------+-----------------+-----------------+-----------------+------+
|       0.00      |       0.00      |       0.00      |       0.00      | 0.00 |
+-----------------+-----------------+-----------------+-----------------+------+

2026-04-15 06:26:29,565 
iter: 18139 train loss 0.1861 val loss 0.1019 test loss 0.0611
+performance on training set--------+-----------------+-----------------+-------+
| Rank@1,mIoU@0.3 | Rank@1,mIoU@0.5 | Rank@5,mIoU@0.3 | Rank@5,mIoU@0.5 | mIoU  |
+-----------------+-----------------+-----------------+-----------------+-------+
|      53.52      |      28.98      |      69.67      |      51.54      | 32.98 |
+-----------------+-----------------+-----------------+-----------------+-------+
+performance on validation set------+-----------------+-----------------+------+
| Rank@1,mIoU@0.3 | Rank@1,mIoU@0.5 | Rank@5,mIoU@0.3 | Rank@5,mIoU@0.5 | mIoU |
+-----------------+-----------------+-----------------+-----------------+------+
|       3.00      |       1.12      |       8.99      |       4.87      | 2.32 |
+-----------------+-----------------+-----------------+-----------------+------+
+performance on testing set---------+-----------------+-----------------+------+
| Rank@1,mIoU@0.3 | Rank@1,mIoU@0.5 | Rank@5,mIoU@0.3 | Rank@5,mIoU@0.5 | mIoU |
+-----------------+-----------------+-----------------+-----------------+------+
|       0.00      |       0.00      |       0.00      |       0.00      | 0.00 |
+-----------------+-----------------+-----------------+-----------------+------+

2026-04-15 06:36:23,739 
iter: 18326 train loss 0.1857 val loss 0.0948 test loss 0.0532
+performance on training set--------+-----------------+-----------------+-------+
| Rank@1,mIoU@0.3 | Rank@1,mIoU@0.5 | Rank@5,mIoU@0.3 | Rank@5,mIoU@0.5 | mIoU  |
+-----------------+-----------------+-----------------+-----------------+-------+
|      53.95      |      29.57      |      69.55      |      51.59      | 33.30 |
+-----------------+-----------------+-----------------+-----------------+-------+
+performance on validation set------+-----------------+-----------------+------+
| Rank@1,mIoU@0.3 | Rank@1,mIoU@0.5 | Rank@5,mIoU@0.3 | Rank@5,mIoU@0.5 | mIoU |
+-----------------+-----------------+-----------------+-----------------+------+
|       2.25      |       0.75      |       9.74      |       5.62      | 1.93 |
+-----------------+-----------------+-----------------+-----------------+------+
+performance on testing set---------+-----------------+-----------------+------+
| Rank@1,mIoU@0.3 | Rank@1,mIoU@0.5 | Rank@5,mIoU@0.3 | Rank@5,mIoU@0.5 | mIoU |
+-----------------+-----------------+-----------------+-----------------+------+
|       0.00      |       0.00      |       0.00      |       0.00      | 0.00 |
+-----------------+-----------------+-----------------+-----------------+------+

2026-04-15 06:46:08,440 
iter: 18513 train loss 0.1840 val loss 0.1065 test loss 0.0663
+performance on training set--------+-----------------+-----------------+-------+
| Rank@1,mIoU@0.3 | Rank@1,mIoU@0.5 | Rank@5,mIoU@0.3 | Rank@5,mIoU@0.5 | mIoU  |
+-----------------+-----------------+-----------------+-----------------+-------+
|      53.85      |      29.20      |      69.69      |      51.94      | 33.06 |
+-----------------+-----------------+-----------------+-----------------+-------+
+performance on validation set------+-----------------+-----------------+------+
| Rank@1,mIoU@0.3 | Rank@1,mIoU@0.5 | Rank@5,mIoU@0.3 | Rank@5,mIoU@0.5 | mIoU |
+-----------------+-----------------+-----------------+-----------------+------+
|       2.62      |       0.75      |       8.24      |       5.99      | 2.06 |
+-----------------+-----------------+-----------------+-----------------+------+
+performance on testing set---------+-----------------+-----------------+------+
| Rank@1,mIoU@0.3 | Rank@1,mIoU@0.5 | Rank@5,mIoU@0.3 | Rank@5,mIoU@0.5 | mIoU |
+-----------------+-----------------+-----------------+-----------------+------+
|       0.00      |       0.00      |       0.00      |       0.00      | 0.00 |
+-----------------+-----------------+-----------------+-----------------+------+

2026-04-15 06:56:31,604 
iter: 18700 train loss 0.1861 val loss 0.1100 test loss 0.0719
+performance on training set--------+-----------------+-----------------+-------+
| Rank@1,mIoU@0.3 | Rank@1,mIoU@0.5 | Rank@5,mIoU@0.3 | Rank@5,mIoU@0.5 | mIoU  |
+-----------------+-----------------+-----------------+-----------------+-------+
|      53.44      |      28.05      |      69.55      |      51.71      | 32.73 |
+-----------------+-----------------+-----------------+-----------------+-------+
+performance on validation set------+-----------------+-----------------+------+
| Rank@1,mIoU@0.3 | Rank@1,mIoU@0.5 | Rank@5,mIoU@0.3 | Rank@5,mIoU@0.5 | mIoU |
+-----------------+-----------------+-----------------+-----------------+------+
|       3.37      |       0.75      |       8.61      |       5.24      | 2.52 |
+-----------------+-----------------+-----------------+-----------------+------+
+performance on testing set---------+-----------------+-----------------+------+
| Rank@1,mIoU@0.3 | Rank@1,mIoU@0.5 | Rank@5,mIoU@0.3 | Rank@5,mIoU@0.5 | mIoU |
+-----------------+-----------------+-----------------+-----------------+------+
|       0.00      |       0.00      |       0.00      |       0.00      | 0.00 |
+-----------------+-----------------+-----------------+-----------------+------+

